plano_assinatura,frequencia_uso,tempo_desde_ultimo_acesso,uso_beneficios_plano,variacao_preco,percepcao_custo_beneficio,nivel_satisfacao,falhas_pagamento,cancelou_assinatura
Intermediario,Media,Recente,Medio,Manteve,Alta,Alto,Nenhuma,Nao
Basico,Alta,Moderado,Medio,Manteve,Media,Alto,Nenhuma,Nao
Intermediario,Baixa,Moderado,Medio,Aumentou,Baixa,Medio,Ocasional,Sim
Basico,Media,Moderado,Baixo,Manteve,Media,Alto,Nenhuma,Sim
Basico,Baixa,Moderado,Baixo,Manteve,Baixa,Baixo,Ocasional,Sim
Basico,Alta,Recente,Alto,Manteve,Media,Alto,Nenhuma,Nao
Intermediario,Alta,Recente,Alto,Aumentou,Baixa,Baixo,Nenhuma,Nao
Basico,Media,Moderado,Medio,Manteve,Baixa,Medio,Nenhuma,Nao
Intermediario,Media,Recente,Medio,Manteve,Media,Medio,Nenhuma,Nao
Premium,Alta,Recente,Alto,Manteve,Media,Medio,Nenhuma,Nao
Premium,Media,Moderado,Alto,Aumentou,Media,Medio,Nenhuma,Nao
Premium,Alta,Recente,Medio,Aumentou,Baixa,Medio,Nenhuma,Nao
Intermediario,Alta,Recente,Baixo,Aumentou,Media,Alto,Ocasional,Nao
Premium,Alta,Recente,Alto,Aumentou,Baixa,Alto,Nenhuma,Sim
Premium,Alta,Recente,Alto,Manteve,Alta,Alto,Nenhuma,Nao
Intermediario,Baixa,Moderado,Baixo,Manteve,Media,Baixo,Nenhuma,Sim
Basico,Baixa,Moderado,Baixo,Manteve,Media,Medio,Recorrente,Sim
Basico,Media,Moderado,Baixo,Manteve,Media,Medio,Nenhuma,Sim
Basico,Alta,Recente,Baixo,Manteve,Media,Medio,Ocasional,Nao
Basico,Alta,Recente,Alto,Manteve,Media,Alto,Nenhuma,Nao
Intermediario,Media,Recente,Medio,Manteve,Media,Baixo,Nenhuma,Nao
Premium,Media,Recente,Medio,Manteve,Alta,Alto,Nenhuma,Nao
Premium,Baixa,Longo,Baixo,Aumentou,Baixa,Baixo,Nenhuma,Sim
Intermediario,Media,Recente,Alto,Manteve,Alta,Alto,Nenhuma,Nao
Premium,Baixa,Moderado,Medio,Manteve,Media,Medio,Ocasional,Sim
Basico,Media,Moderado,Medio,Manteve,Media,Alto,Nenhuma,Nao
Intermediario,Media,Recente,Medio,Aumentou,Baixa,Medio,Nenhuma,Sim
Basico,Media,Recente,Medio,Manteve,Alta,Alto,Nenhuma,Nao
Intermediario,Baixa,Moderado,Baixo,Aumentou,Baixa,Baixo,Nenhuma,Sim
Intermediario,Media,Recente,Alto,Manteve,Media,Baixo,Nenhuma,Sim
Intermediario,Alta,Recente,Alto,Aumentou,Baixa,Alto,Nenhuma,Nao
Intermediario,Alta,Recente,Medio,Aumentou,Alta,Alto,Nenhuma,Nao
Basico,Media,Longo,Medio,Diminuiu,Baixa,Alto,Nenhuma,Nao
Intermediario,Media,Recente,Alto,Manteve,Alta,Alto,Nenhuma,Nao
Intermediario,Media,Moderado,Alto,Manteve,Media,Baixo,Ocasional,Nao
Intermediario,Media,Moderado,Baixo,Manteve,Alta,Medio,Nenhuma,Nao
Intermediario,Alta,Recente,Alto,Manteve,Alta,Alto,Nenhuma,Nao
Basico,Baixa,Recente,Baixo,Aumentou,Baixa,Alto,Ocasional,Sim
Basico,Alta,Recente,Medio,Manteve,Alta,Medio,Nenhuma,Nao
Basico,Media,Recente,Medio,Manteve,Media,Medio,Ocasional,Nao
Basico,Baixa,Longo,Baixo,Manteve,Media,Medio,Nenhuma,Sim
Basico,Alta,Recente,Alto,Manteve,Alta,Alto,Nenhuma,Nao
Premium,Alta,Recente,Alto,Manteve,Alta,Alto,Nenhuma,Nao
Intermediario,Media,Recente,Medio,Manteve,Baixa,Medio,Nenhuma,Nao
Basico,Alta,Recente,Alto,Aumentou,Baixa,Medio,Ocasional,Sim
Basico,Alta,Longo,Alto,Manteve,Media,Baixo,Recorrente,Sim
Premium,Media,Recente,Medio,Manteve,Alta,Alto,Nenhuma,Nao
Intermediario,Alta,Recente,Medio,Manteve,Alta,Alto,Nenhuma,Nao
Intermediario,Alta,Recente,Alto,Manteve,Alta,Alto,Nenhuma,Nao
Premium,Media,Recente,Medio,Manteve,Media,Medio,Nenhuma,Nao
Premium,Media,Recente,Medio,Manteve,Media,Medio,Nenhuma,Nao
Premium,Media,Moderado,Medio,Manteve,Media,Alto,Nenhuma,Nao
Basico,Alta,Recente,Alto,Manteve,Alta,Alto,Nenhuma,Nao
Intermediario,Media,Moderado,Baixo,Manteve,Alta,Medio,Ocasional,Nao
Basico,Media,Recente,Medio,Aumentou,Baixa,Baixo,Ocasional,Sim
Basico,Alta,Moderado,Alto,Manteve,Media,Medio,Nenhuma,Nao
Basico,Baixa,Moderado,Baixo,Aumentou,Baixa,Alto,Nenhuma,Sim
Intermediario,Media,Recente,Baixo,Aumentou,Baixa,Medio,Nenhuma,Nao
Basico,Media,Longo,Baixo,Aumentou,Baixa,Baixo,Recorrente,Sim
Intermediario,Media,Recente,Baixo,Manteve,Alta,Medio,Nenhuma,Nao
Basico,Baixa,Longo,Medio,Manteve,Alta,Medio,Nenhuma,Sim
Intermediario,Baixa,Moderado,Baixo,Manteve,Media,Baixo,Ocasional,Sim
Basico,Baixa,Longo,Baixo,Manteve,Baixa,Baixo,Nenhuma,Sim
Basico,Media,Moderado,Baixo,Manteve,Media,Medio,Ocasional,Sim
Intermediario,Alta,Recente,Medio,Manteve,Media,Medio,Nenhuma,Nao
Premium,Baixa,Moderado,Medio,Manteve,Baixa,Baixo,Ocasional,Sim
Premium,Alta,Moderado,Alto,Manteve,Alta,Alto,Nenhuma,Nao
Basico,Media,Recente,Medio,Manteve,Alta,Medio,Ocasional,Nao
Intermediario,Media,Moderado,Medio,Aumentou,Alta,Medio,Nenhuma,Nao
Premium,Media,Moderado,Baixo,Diminuiu,Media,Alto,Nenhuma,Nao
Intermediario,Media,Recente,Medio,Manteve,Baixa,Medio,Nenhuma,Nao
Intermediario,Baixa,Moderado,Baixo,Aumentou,Baixa,Baixo,Ocasional,Sim
Basico,Baixa,Longo,Baixo,Aumentou,Baixa,Medio,Nenhuma,Sim
Intermediario,Media,Recente,Alto,Manteve,Media,Baixo,Nenhuma,Nao
Basico,Media,Moderado,Medio,Diminuiu,Alta,Alto,Nenhuma,Nao
Intermediario,Baixa,Moderado,Baixo,Manteve,Alta,Alto,Nenhuma,Sim
Basico,Alta,Recente,Medio,Manteve,Alta,Alto,Nenhuma,Nao
Premium,Baixa,Longo,Baixo,Aumentou,Media,Medio,Nenhuma,Sim
Premium,Baixa,Moderado,Medio,Aumentou,Baixa,Alto,Nenhuma,Nao
Intermediario,Media,Moderado,Alto,Diminuiu,Alta,Alto,Nenhuma,Nao
Basico,Media,Recente,Medio,Manteve,Alta,Medio,Nenhuma,Nao
Premium,Alta,Moderado,Alto,Aumentou,Alta,Alto,Nenhuma,Nao
Basico,Baixa,Longo,Baixo,Manteve,Media,Medio,Nenhuma,Sim
Basico,Alta,Recente,Alto,Aumentou,Baixa,Alto,Nenhuma,Sim
Intermediario,Alta,Recente,Baixo,Aumentou,Media,Medio,Nenhuma,Nao
Intermediario,Media,Recente,Medio,Aumentou,Baixa,Medio,Nenhuma,Sim
Basico,Alta,Recente,Alto,Aumentou,Baixa,Alto,Nenhuma,Sim
Basico,Alta,Recente,Medio,Aumentou,Alta,Alto,Nenhuma,Nao
Intermediario,Baixa,Longo,Baixo,Manteve,Media,Baixo,Ocasional,Sim
Intermediario,Media,Recente,Medio,Aumentou,Baixa,Medio,Ocasional,Sim
Intermediario,Baixa,Longo,Baixo,Manteve,Media,Medio,Ocasional,Sim
Basico,Alta,Recente,Alto,Aumentou,Media,Medio,Nenhuma,Nao
Intermediario,Alta,Recente,Alto,Aumentou,Baixa,Alto,Nenhuma,Nao
Intermediario,Media,Recente,Medio,Aumentou,Baixa,Baixo,Nenhuma,Sim
Basico,Alta,Recente,Baixo,Manteve,Baixa,Alto,Recorrente,Nao
Basico,Alta,Moderado,Medio,Manteve,Baixa,Baixo,Nenhuma,Sim
Intermediario,Media,Recente,Medio,Manteve,Media,Alto,Nenhuma,Nao
Intermediario,Alta,Recente,Alto,Manteve,Alta,Alto,Nenhuma,Nao
Premium,Baixa,Moderado,Baixo,Manteve,Baixa,Medio,Nenhuma,Sim
Basico,Alta,Moderado,Medio,Manteve,Alta,Alto,Nenhuma,Nao
Basico,Alta,Recente,Medio,Aumentou,Alta,Alto,Nenhuma,Nao
Intermediario,Alta,Recente,Alto,Aumentou,Alta,Alto,Nenhuma,Nao
Premium,Baixa,Longo,Baixo,Aumentou,Baixa,Medio,Nenhuma,Sim
Intermediario,Media,Moderado,Medio,Manteve,Alta,Baixo,Nenhuma,Nao
Basico,Alta,Moderado,Alto,Manteve,Media,Baixo,Nenhuma,Sim
Intermediario,Alta,Recente,Alto,Manteve,Alta,Alto,Nenhuma,Nao
Intermediario,Alta,Recente,Alto,Manteve,Alta,Alto,Nenhuma,Nao
Intermediario,Media,Recente,Medio,Manteve,Media,Medio,Nenhuma,Nao
Basico,Media,Moderado,Medio,Manteve,Alta,Alto,Nenhuma,Nao
Intermediario,Baixa,Moderado,Baixo,Manteve,Baixa,Medio,Ocasional,Sim
Intermediario,Alta,Recente,Alto,Manteve,Alta,Alto,Nenhuma,Nao
Basico,Media,Moderado,Medio,Aumentou,Baixa,Alto,Nenhuma,Nao
Intermediario,Alta,Recente,Alto,Manteve,Media,Medio,Nenhuma,Nao
Basico,Alta,Recente,Alto,Manteve,Alta,Alto,Nenhuma,Nao
Basico,Alta,Recente,Medio,Manteve,Media,Medio,Nenhuma,Nao
Basico,Alta,Recente,Medio,Aumentou,Media,Baixo,Nenhuma,Sim
Intermediario,Media,Recente,Medio,Manteve,Alta,Medio,Ocasional,Nao
Intermediario,Media,Longo,Baixo,Manteve,Media,Baixo,Nenhuma,Nao
Basico,Alta,Recente,Alto,Manteve,Alta,Alto,Nenhuma,Nao
Intermediario,Media,Recente,Baixo,Manteve,Media,Medio,Ocasional,Nao
Premium,Alta,Recente,Alto,Manteve,Baixa,Medio,Ocasional,Nao
Premium,Media,Moderado,Medio,Aumentou,Media,Alto,Nenhuma,Nao
Basico,Media,Moderado,Alto,Aumentou,Baixa,Baixo,Nenhuma,Sim
Premium,Alta,Recente,Alto,Aumentou,Alta,Alto,Ocasional,Nao
Intermediario,Media,Moderado,Medio,Manteve,Alta,Alto,Nenhuma,Nao
Intermediario,Alta,Recente,Alto,Aumentou,Alta,Alto,Nenhuma,Nao
Intermediario,Baixa,Moderado,Baixo,Manteve,Media,Medio,Nenhuma,Nao
Intermediario,Media,Moderado,Alto,Manteve,Baixa,Medio,Nenhuma,Nao
Basico,Media,Moderado,Medio,Aumentou,Baixa,Baixo,Nenhuma,Sim
Premium,Baixa,Recente,Baixo,Manteve,Baixa,Alto,Nenhuma,Sim
Intermediario,Baixa,Longo,Baixo,Manteve,Media,Baixo,Nenhuma,Sim
Basico,Media,Recente,Medio,Aumentou,Baixa,Baixo,Nenhuma,Sim
Basico,Baixa,Longo,Baixo,Manteve,Media,Medio,Ocasional,Sim
Premium,Baixa,Moderado,Baixo,Aumentou,Alta,Medio,Ocasional,Sim
Premium,Alta,Recente,Medio,Aumentou,Media,Alto,Nenhuma,Nao
Premium,Alta,Recente,Alto,Manteve,Alta,Alto,Nenhuma,Nao
Intermediario,Media,Recente,Medio,Aumentou,Baixa,Alto,Nenhuma,Sim
Basico,Media,Recente,Medio,Manteve,Baixa,Medio,Nenhuma,Sim
Intermediario,Baixa,Moderado,Medio,Manteve,Baixa,Baixo,Ocasional,Sim
Intermediario,Media,Recente,Medio,Manteve,Media,Medio,Nenhuma,Nao
Intermediario,Alta,Recente,Alto,Manteve,Media,Medio,Nenhuma,Nao
Premium,Baixa,Longo,Baixo,Manteve,Baixa,Baixo,Nenhuma,Sim
Premium,Media,Moderado,Medio,Aumentou,Alta,Alto,Nenhuma,Nao
Intermediario,Media,Recente,Medio,Manteve,Baixa,Medio,Nenhuma,Nao
Basico,Media,Recente,Baixo,Aumentou,Baixa,Medio,Nenhuma,Sim
Intermediario,Baixa,Longo,Baixo,Manteve,Media,Baixo,Nenhuma,Sim
Premium,Media,Moderado,Medio,Manteve,Baixa,Alto,Nenhuma,Nao
Basico,Alta,Recente,Alto,Manteve,Media,Medio,Ocasional,Nao
Basico,Media,Moderado,Medio,Manteve,Baixa,Baixo,Ocasional,Sim
Basico,Media,Recente,Medio,Aumentou,Media,Alto,Nenhuma,Nao
Basico,Alta,Recente,Medio,Manteve,Alta,Alto,Nenhuma,Nao
Basico,Baixa,Longo,Baixo,Aumentou,Baixa,Medio,Ocasional,Sim
Premium,Alta,Recente,Alto,Aumentou,Alta,Medio,Recorrente,Nao
Intermediario,Alta,Recente,Alto,Manteve,Alta,Alto,Nenhuma,Nao
Premium,Baixa,Longo,Medio,Aumentou,Baixa,Medio,Ocasional,Sim
Basico,Media,Moderado,Medio,Manteve,Media,Medio,Nenhuma,Nao
Basico,Media,Moderado,Medio,Manteve,Media,Medio,Nenhuma,Nao
Premium,Media,Moderado,Alto,Aumentou,Media,Alto,Recorrente,Nao
Basico,Baixa,Recente,Medio,Aumentou,Media,Medio,Ocasional,Sim
Basico,Baixa,Moderado,Baixo,Manteve,Media,Medio,Ocasional,Sim
Intermediario,Alta,Recente,Alto,Manteve,Alta,Alto,Nenhuma,Nao
Basico,Media,Recente,Medio,Manteve,Baixa,Medio,Recorrente,Nao
Intermediario,Media,Recente,Baixo,Manteve,Alta,Medio,Nenhuma,Nao
Basico,Baixa,Moderado,Baixo,Aumentou,Baixa,Medio,Nenhuma,Sim
Basico,Media,Recente,Baixo,Aumentou,Baixa,Medio,Recorrente,Sim
Basico,Alta,Recente,Alto,Manteve,Alta,Alto,Nenhuma,Nao
Intermediario,Alta,Recente,Alto,Manteve,Media,Alto,Nenhuma,Nao
Basico,Media,Recente,Alto,Manteve,Alta,Alto,Nenhuma,Sim
Basico,Media,Moderado,Medio,Manteve,Baixa,Baixo,Nenhuma,Sim
Basico,Alta,Recente,Medio,Manteve,Alta,Alto,Nenhuma,Nao
Intermediario,Alta,Recente,Medio,Manteve,Alta,Alto,Nenhuma,Nao
Premium,Alta,Recente,Alto,Manteve,Alta,Alto,Nenhuma,Nao
Basico,Media,Moderado,Alto,Manteve,Media,Baixo,Ocasional,Nao
Basico,Media,Longo,Alto,Manteve,Media,Alto,Ocasional,Sim
Premium,Media,Recente,Medio,Manteve,Media,Alto,Ocasional,Sim
Basico,Media,Recente,Baixo,Manteve,Alta,Medio,Nenhuma,Nao
Basico,Alta,Recente,Alto,Manteve,Media,Medio,Ocasional,Nao
Intermediario,Alta,Recente,Alto,Diminuiu,Alta,Alto,Ocasional,Nao
Premium,Alta,Recente,Alto,Manteve,Alta,Alto,Nenhuma,Nao
Premium,Media,Moderado,Alto,Aumentou,Baixa,Baixo,Ocasional,Sim
Intermediario,Media,Recente,Baixo,Aumentou,Alta,Alto,Nenhuma,Nao
Intermediario,Media,Recente,Medio,Aumentou,Media,Medio,Nenhuma,Nao
Intermediario,Alta,Recente,Medio,Manteve,Alta,Alto,Nenhuma,Nao
Basico,Baixa,Longo,Medio,Aumentou,Baixa,Baixo,Nenhuma,Sim
Premium,Baixa,Moderado,Baixo,Aumentou,Media,Medio,Nenhuma,Sim
Intermediario,Baixa,Moderado,Baixo,Aumentou,Baixa,Medio,Ocasional,Sim
Basico,Media,Recente,Medio,Manteve,Media,Baixo,Nenhuma,Nao
Basico,Media,Recente,Medio,Manteve,Alta,Alto,Nenhuma,Nao
Intermediario,Media,Recente,Medio,Manteve,Baixa,Medio,Nenhuma,Nao
Intermediario,Media,Moderado,Alto,Aumentou,Baixa,Baixo,Ocasional,Sim
Basico,Media,Recente,Baixo,Manteve,Media,Baixo,Nenhuma,Nao
Intermediario,Baixa,Longo,Baixo,Manteve,Alta,Medio,Nenhuma,Sim
Basico,Alta,Recente,Alto,Manteve,Alta,Alto,Nenhuma,Nao
Intermediario,Alta,Recente,Medio,Manteve,Media,Medio,Nenhuma,Nao
Intermediario,Baixa,Moderado,Baixo,Manteve,Baixa,Medio,Ocasional,Sim
Premium,Baixa,Longo,Baixo,Manteve,Baixa,Baixo,Ocasional,Sim
Premium,Media,Recente,Medio,Aumentou,Baixa,Baixo,Nenhuma,Sim
Intermediario,Alta,Recente,Alto,Manteve,Alta,Alto,Nenhuma,Nao
Premium,Alta,Recente,Alto,Aumentou,Baixa,Medio,Nenhuma,Nao
Premium,Media,Recente,Medio,Aumentou,Baixa,Baixo,Nenhuma,Sim
Basico,Media,Moderado,Medio,Manteve,Baixa,Alto,Nenhuma,Nao
Intermediario,Alta,Recente,Medio,Aumentou,Alta,Alto,Nenhuma,Nao
Basico,Media,Recente,Medio,Manteve,Baixa,Medio,Nenhuma,Nao
Premium,Baixa,Longo,Baixo,Aumentou,Alta,Alto,Nenhuma,Sim
Premium,Alta,Moderado,Alto,Aumentou,Baixa,Alto,Nenhuma,Nao
Basico,Alta,Recente,Alto,Manteve,Baixa,Baixo,Recorrente,Sim
Basico,Media,Moderado,Baixo,Manteve,Baixa,Medio,Nenhuma,Sim
Premium,Media,Recente,Medio,Manteve,Alta,Medio,Nenhuma,Nao
Basico,Alta,Recente,Medio,Manteve,Alta,Alto,Nenhuma,Nao
Basico,Media,Recente,Medio,Aumentou,Media,Alto,Nenhuma,Nao
Basico,Media,Recente,Medio,Manteve,Media,Baixo,Nenhuma,Nao
Premium,Media,Recente,Medio,Manteve,Media,Alto,Ocasional,Nao
Basico,Alta,Recente,Alto,Manteve,Alta,Alto,Nenhuma,Nao
Basico,Media,Moderado,Alto,Manteve,Alta,Medio,Nenhuma,Nao
Basico,Baixa,Longo,Baixo,Manteve,Media,Medio,Nenhuma,Sim
Basico,Baixa,Moderado,Medio,Manteve,Baixa,Medio,Nenhuma,Sim
Premium,Baixa,Longo,Baixo,Manteve,Baixa,Baixo,Nenhuma,Sim
Intermediario,Alta,Recente,Alto,Aumentou,Alta,Medio,Nenhuma,Nao
Basico,Baixa,Moderado,Baixo,Manteve,Media,Alto,Ocasional,Sim
Intermediario,Alta,Recente,Alto,Manteve,Alta,Medio,Ocasional,Nao
Premium,Alta,Recente,Alto,Manteve,Baixa,Medio,Ocasional,Sim
Premium,Media,Moderado,Baixo,Manteve,Media,Alto,Nenhuma,Nao
Basico,Baixa,Longo,Baixo,Manteve,Alta,Alto,Nenhuma,Sim
Premium,Alta,Moderado,Medio,Manteve,Media,Medio,Nenhuma,Nao
Basico,Baixa,Recente,Baixo,Manteve,Baixa,Medio,Ocasional,Sim
Premium,Media,Recente,Medio,Manteve,Media,Baixo,Nenhuma,Sim
Basico,Alta,Recente,Medio,Manteve,Alta,Medio,Nenhuma,Nao
Intermediario,Media,Moderado,Medio,Manteve,Media,Alto,Nenhuma,Nao
Premium,Alta,Recente,Alto,Aumentou,Alta,Alto,Nenhuma,Nao
Premium,Baixa,Recente,Medio,Manteve,Alta,Medio,Nenhuma,Nao
Intermediario,Baixa,Recente,Baixo,Aumentou,Baixa,Medio,Nenhuma,Sim
Basico,Media,Recente,Medio,Manteve,Baixa,Alto,Ocasional,Nao
Basico,Media,Recente,Baixo,Manteve,Media,Baixo,Nenhuma,Nao
Intermediario,Media,Recente,Alto,Manteve,Alta,Medio,Nenhuma,Nao
Premium,Media,Moderado,Medio,Manteve,Alta,Medio,Nenhuma,Nao
Intermediario,Alta,Recente,Medio,Manteve,Media,Alto,Nenhuma,Nao
Basico,Media,Moderado,Medio,Manteve,Media,Medio,Nenhuma,Nao
Basico,Alta,Recente,Baixo,Manteve,Media,Alto,Nenhuma,Nao
Basico,Alta,Recente,Alto,Manteve,Media,Alto,Ocasional,Nao
Premium,Baixa,Moderado,Alto,Manteve,Baixa,Medio,Ocasional,Nao
Premium,Media,Recente,Medio,Aumentou,Alta,Medio,Nenhuma,Sim
Basico,Baixa,Longo,Baixo,Manteve,Alta,Baixo,Ocasional,Sim
Basico,Media,Longo,Medio,Manteve,Media,Medio,Ocasional,Sim
Basico,Media,Moderado,Medio,Diminuiu,Alta,Alto,Nenhuma,Nao
Intermediario,Media,Recente,Medio,Aumentou,Media,Medio,Nenhuma,Nao
Intermediario,Alta,Recente,Alto,Manteve,Alta,Alto,Nenhuma,Nao
Premium,Media,Recente,Medio,Aumentou,Alta,Medio,Nenhuma,Nao
Basico,Media,Moderado,Baixo,Manteve,Baixa,Baixo,Nenhuma,Sim
Basico,Alta,Recente,Alto,Manteve,Alta,Medio,Ocasional,Nao
Intermediario,Alta,Recente,Alto,Aumentou,Media,Alto,Nenhuma,Nao
Basico,Media,Recente,Medio,Manteve,Baixa,Alto,Recorrente,Sim
Basico,Alta,Recente,Medio,Manteve,Media,Alto,Nenhuma,Nao
Intermediario,Media,Recente,Medio,Manteve,Media,Medio,Nenhuma,Sim
Intermediario,Baixa,Longo,Baixo,Aumentou,Media,Medio,Ocasional,Sim
Basico,Media,Recente,Baixo,Manteve,Alta,Medio,Nenhuma,Nao
Intermediario,Media,Moderado,Alto,Manteve,Media,Alto,Ocasional,Nao
Basico,Alta,Recente,Alto,Manteve,Media,Medio,Ocasional,Nao
Basico,Alta,Recente,Alto,Manteve,Alta,Alto,Nenhuma,Nao
Intermediario,Alta,Recente,Alto,Manteve,Alta,Alto,Nenhuma,Nao
Basico,Media,Moderado,Baixo,Diminuiu,Alta,Medio,Nenhuma,Nao
Premium,Media,Recente,Medio,Manteve,Media,Medio,Nenhuma,Nao
Premium,Media,Recente,Medio,Aumentou,Media,Medio,Ocasional,Sim
Intermediario,Media,Recente,Baixo,Manteve,Media,Alto,Ocasional,Nao
Premium,Media,Recente,Baixo,Aumentou,Media,Alto,Nenhuma,Nao
Basico,Media,Recente,Baixo,Manteve,Baixa,Medio,Nenhuma,Sim
Basico,Media,Recente,Baixo,Manteve,Media,Medio,Nenhuma,Sim
Intermediario,Media,Recente,Alto,Manteve,Alta,Baixo,Nenhuma,Nao
Basico,Baixa,Longo,Baixo,Aumentou,Alta,Alto,Nenhuma,Sim
Intermediario,Media,Recente,Medio,Aumentou,Baixa,Medio,Ocasional,Sim
Premium,Alta,Recente,Alto,Manteve,Alta,Alto,Nenhuma,Nao
Basico,Media,Recente,Medio,Manteve,Media,Medio,Nenhuma,Nao
Basico,Media,Recente,Baixo,Manteve,Baixa,Medio,Nenhuma,Sim
Basico,Baixa,Moderado,Baixo,Manteve,Baixa,Medio,Nenhuma,Sim
Intermediario,Alta,Recente,Alto,Aumentou,Alta,Medio,Ocasional,Nao
Basico,Baixa,Recente,Baixo,Manteve,Media,Medio,Ocasional,Sim
Basico,Media,Moderado,Medio,Aumentou,Media,Baixo,Recorrente,Sim
Intermediario,Media,Moderado,Medio,Aumentou,Baixa,Alto,Ocasional,Sim
Premium,Media,Recente,Medio,Manteve,Media,Alto,Ocasional,Nao
Premium,Alta,Recente,Medio,Aumentou,Alta,Alto,Nenhuma,Nao
Premium,Media,Moderado,Alto,Manteve,Alta,Medio,Ocasional,Nao
Intermediario,Alta,Recente,Alto,Aumentou,Baixa,Baixo,Ocasional,Sim
Premium,Baixa,Moderado,Baixo,Manteve,Media,Medio,Ocasional,Sim
Basico,Alta,Recente,Alto,Aumentou,Media,Alto,Nenhuma,Nao
Intermediario,Alta,Recente,Alto,Manteve,Alta,Alto,Nenhuma,Nao
Basico,Baixa,Longo,Baixo,Manteve,Baixa,Medio,Recorrente,Sim
Intermediario,Alta,Moderado,Alto,Manteve,Alta,Alto,Nenhuma,Nao
Intermediario,Media,Moderado,Medio,Manteve,Media,Medio,Nenhuma,Nao
Premium,Alta,Recente,Alto,Aumentou,Alta,Alto,Nenhuma,Nao
Basico,Baixa,Moderado,Baixo,Manteve,Media,Medio,Nenhuma,Sim
Premium,Alta,Moderado,Alto,Manteve,Alta,Medio,Nenhuma,Nao
Intermediario,Media,Recente,Medio,Manteve,Media,Alto,Ocasional,Sim
Premium,Baixa,Longo,Baixo,Manteve,Media,Medio,Nenhuma,Sim
Intermediario,Baixa,Moderado,Baixo,Manteve,Baixa,Baixo,Ocasional,Sim
Intermediario,Baixa,Recente,Baixo,Manteve,Baixa,Baixo,Nenhuma,Sim
Intermediario,Baixa,Longo,Baixo,Manteve,Media,Medio,Ocasional,Sim
Premium,Alta,Recente,Alto,Manteve,Alta,Alto,Nenhuma,Nao
Basico,Media,Moderado,Medio,Manteve,Media,Medio,Ocasional,Nao
Basico,Media,Moderado,Baixo,Manteve,Media,Alto,Nenhuma,Nao
Intermediario,Baixa,Recente,Baixo,Manteve,Alta,Alto,Nenhuma,Sim
Intermediario,Baixa,Longo,Baixo,Manteve,Media,Medio,Recorrente,Sim
Premium,Alta,Recente,Medio,Manteve,Alta,Alto,Nenhuma,Nao
Intermediario,Baixa,Longo,Baixo,Manteve,Baixa,Medio,Recorrente,Sim
Premium,Media,Recente,Medio,Aumentou,Media,Alto,Nenhuma,Nao
Premium,Baixa,Moderado,Baixo,Aumentou,Baixa,Medio,Nenhuma,Sim
Premium,Media,Moderado,Medio,Manteve,Media,Alto,Nenhuma,Nao
Basico,Baixa,Longo,Baixo,Aumentou,Media,Medio,Nenhuma,Sim
Intermediario,Media,Recente,Medio,Manteve,Media,Alto,Nenhuma,Nao
Basico,Alta,Recente,Alto,Aumentou,Alta,Medio,Nenhuma,Nao
Basico,Baixa,Recente,Baixo,Aumentou,Baixa,Alto,Nenhuma,Sim
Basico,Media,Recente,Baixo,Manteve,Baixa,Medio,Recorrente,Nao
Basico,Baixa,Moderado,Baixo,Manteve,Baixa,Baixo,Ocasional,Sim
Basico,Media,Longo,Medio,Aumentou,Baixa,Medio,Nenhuma,Sim
Basico,Media,Moderado,Medio,Diminuiu,Media,Alto,Ocasional,Nao
Basico,Media,Recente,Baixo,Aumentou,Media,Alto,Nenhuma,Sim
Basico,Media,Moderado,Baixo,Manteve,Alta,Baixo,Nenhuma,Sim
Basico,Baixa,Moderado,Baixo,Manteve,Baixa,Baixo,Nenhuma,Sim
Premium,Media,Recente,Medio,Aumentou,Baixa,Baixo,Nenhuma,Sim
Premium,Media,Recente,Medio,Manteve,Alta,Medio,Nenhuma,Nao
Premium,Alta,Recente,Medio,Manteve,Alta,Alto,Nenhuma,Nao
Premium,Alta,Recente,Alto,Manteve,Alta,Alto,Nenhuma,Nao
Basico,Alta,Recente,Medio,Manteve,Alta,Alto,Nenhuma,Nao
Basico,Media,Recente,Medio,Manteve,Media,Medio,Nenhuma,Sim
Premium,Baixa,Longo,Baixo,Aumentou,Alta,Medio,Nenhuma,Sim
Intermediario,Baixa,Longo,Baixo,Manteve,Media,Medio,Ocasional,Sim
Basico,Alta,Recente,Alto,Manteve,Alta,Medio,Nenhuma,Nao
Basico,Media,Longo,Medio,Manteve,Media,Medio,Nenhuma,Nao
Intermediario,Baixa,Recente,Baixo,Manteve,Media,Medio,Nenhuma,Sim
Intermediario,Baixa,Longo,Baixo,Aumentou,Media,Alto,Nenhuma,Sim
Basico,Baixa,Longo,Baixo,Manteve,Alta,Medio,Nenhuma,Sim
Basico,Alta,Recente,Alto,Manteve,Alta,Medio,Nenhuma,Nao
Basico,Media,Recente,Medio,Manteve,Alta,Medio,Nenhuma,Nao
Intermediario,Media,Moderado,Medio,Aumentou,Media,Medio,Ocasional,Sim
Intermediario,Alta,Recente,Alto,Manteve,Alta,Alto,Nenhuma,Nao
Premium,Media,Recente,Alto,Manteve,Baixa,Alto,Nenhuma,Nao
Basico,Media,Moderado,Medio,Manteve,Media,Medio,Recorrente,Sim
Premium,Media,Moderado,Medio,Aumentou,Media,Baixo,Nenhuma,Sim
Basico,Baixa,Moderado,Baixo,Aumentou,Baixa,Baixo,Nenhuma,Sim
Intermediario,Alta,Recente,Alto,Manteve,Alta,Alto,Nenhuma,Nao
Basico,Media,Recente,Medio,Manteve,Media,Medio,Ocasional,Sim
Basico,Media,Moderado,Alto,Aumentou,Baixa,Medio,Nenhuma,Sim
Intermediario,Alta,Recente,Alto,Manteve,Alta,Alto,Nenhuma,Nao
Intermediario,Alta,Recente,Alto,Manteve,Alta,Medio,Nenhuma,Nao
Basico,Baixa,Longo,Medio,Diminuiu,Baixa,Alto,Nenhuma,Sim
Premium,Alta,Recente,Medio,Manteve,Alta,Medio,Nenhuma,Nao
Basico,Baixa,Longo,Baixo,Manteve,Media,Baixo,Nenhuma,Sim
Basico,Alta,Recente,Baixo,Diminuiu,Alta,Medio,Nenhuma,Nao
Basico,Media,Moderado,Alto,Manteve,Alta,Medio,Nenhuma,Nao
Intermediario,Media,Recente,Medio,Aumentou,Alta,Medio,Nenhuma,Nao
Intermediario,Media,Recente,Medio,Manteve,Media,Medio,Nenhuma,Nao
Intermediario,Alta,Recente,Baixo,Manteve,Alta,Alto,Nenhuma,Nao
Premium,Alta,Recente,Medio,Manteve,Baixa,Alto,Nenhuma,Nao
Intermediario,Media,Recente,Medio,Manteve,Media,Alto,Nenhuma,Nao
Intermediario,Baixa,Recente,Baixo,Manteve,Media,Medio,Nenhuma,Sim
Intermediario,Media,Moderado,Alto,Manteve,Alta,Baixo,Nenhuma,Nao
Basico,Media,Recente,Baixo,Manteve,Baixa,Medio,Ocasional,Sim
Basico,Media,Recente,Alto,Manteve,Media,Baixo,Nenhuma,Nao
Basico,Baixa,Moderado,Baixo,Manteve,Alta,Alto,Nenhuma,Nao
Basico,Baixa,Longo,Baixo,Manteve,Baixa,Baixo,Nenhuma,Sim
Basico,Media,Recente,Medio,Manteve,Media,Baixo,Nenhuma,Nao
Basico,Media,Recente,Baixo,Manteve,Media,Alto,Nenhuma,Nao
Basico,Baixa,Moderado,Baixo,Aumentou,Alta,Alto,Ocasional,Sim
Basico,Baixa,Moderado,Baixo,Manteve,Media,Medio,Ocasional,Sim
Basico,Media,Moderado,Medio,Aumentou,Alta,Medio,Nenhuma,Sim
Basico,Alta,Recente,Medio,Aumentou,Media,Alto,Nenhuma,Nao
Basico,Alta,Recente,Medio,Manteve,Media,Medio,Ocasional,Nao
Intermediario,Media,Recente,Medio,Manteve,Media,Medio,Nenhuma,Nao
Basico,Baixa,Longo,Baixo,Aumentou,Baixa,Medio,Ocasional,Sim
Premium,Alta,Recente,Alto,Aumentou,Alta,Alto,Nenhuma,Nao
Basico,Baixa,Moderado,Baixo,Aumentou,Baixa,Medio,Recorrente,Sim
Basico,Media,Moderado,Alto,Manteve,Media,Baixo,Ocasional,Sim
Basico,Alta,Recente,Alto,Aumentou,Baixa,Alto,Nenhuma,Nao
Premium,Alta,Recente,Alto,Aumentou,Alta,Baixo,Nenhuma,Sim
Basico,Alta,Recente,Baixo,Manteve,Alta,Alto,Nenhuma,Nao
Basico,Alta,Recente,Medio,Aumentou,Baixa,Baixo,Nenhuma,Sim
Intermediario,Baixa,Moderado,Medio,Manteve,Alta,Medio,Nenhuma,Nao
Basico,Media,Recente,Medio,Manteve,Media,Medio,Nenhuma,Nao
Intermediario,Alta,Recente,Alto,Manteve,Media,Alto,Nenhuma,Sim
Basico,Media,Moderado,Medio,Manteve,Media,Medio,Nenhuma,Nao
Basico,Media,Moderado,Baixo,Aumentou,Baixa,Medio,Recorrente,Sim
Basico,Alta,Recente,Alto,Manteve,Media,Alto,Nenhuma,Nao
Basico,Media,Moderado,Medio,Manteve,Alta,Alto,Nenhuma,Nao
Basico,Media,Recente,Medio,Aumentou,Baixa,Baixo,Nenhuma,Sim
Intermediario,Media,Moderado,Medio,Manteve,Media,Medio,Ocasional,Sim
Intermediario,Baixa,Moderado,Baixo,Aumentou,Baixa,Baixo,Recorrente,Sim
Basico,Baixa,Recente,Baixo,Manteve,Baixa,Medio,Recorrente,Sim
Basico,Alta,Recente,Alto,Aumentou,Media,Medio,Ocasional,Nao
Intermediario,Baixa,Moderado,Baixo,Manteve,Media,Alto,Nenhuma,Sim
Basico,Media,Moderado,Baixo,Manteve,Alta,Alto,Nenhuma,Nao
Premium,Alta,Moderado,Medio,Manteve,Alta,Alto,Nenhuma,Sim
Premium,Media,Recente,Alto,Aumentou,Baixa,Medio,Nenhuma,Nao
Premium,Baixa,Recente,Baixo,Manteve,Media,Alto,Nenhuma,Nao
Basico,Alta,Recente,Baixo,Manteve,Baixa,Alto,Ocasional,Nao
Basico,Baixa,Longo,Baixo,Aumentou,Media,Alto,Nenhuma,Sim
Intermediario,Baixa,Recente,Baixo,Aumentou,Baixa,Baixo,Nenhuma,Sim
Premium,Alta,Recente,Alto,Manteve,Alta,Medio,Nenhuma,Nao
Intermediario,Media,Recente,Baixo,Manteve,Media,Alto,Nenhuma,Nao
Basico,Media,Moderado,Medio,Manteve,Alta,Alto,Nenhuma,Nao
Premium,Baixa,Longo,Medio,Manteve,Media,Baixo,Recorrente,Sim
Basico,Alta,Recente,Alto,Aumentou,Baixa,Medio,Nenhuma,Sim
Premium,Alta,Recente,Medio,Aumentou,Media,Alto,Nenhuma,Nao
Basico,Baixa,Moderado,Baixo,Manteve,Baixa,Alto,Ocasional,Sim
Premium,Media,Recente,Medio,Manteve,Alta,Medio,Ocasional,Nao
Intermediario,Alta,Recente,Alto,Manteve,Alta,Alto,Nenhuma,Nao
Intermediario,Alta,Recente,Alto,Aumentou,Alta,Medio,Nenhuma,Nao
Basico,Baixa,Longo,Baixo,Aumentou,Media,Medio,Nenhuma,Sim
Intermediario,Baixa,Recente,Baixo,Manteve,Alta,Baixo,Nenhuma,Nao
Basico,Media,Recente,Medio,Manteve,Alta,Alto,Nenhuma,Nao
Basico,Media,Recente,Medio,Manteve,Baixa,Baixo,Nenhuma,Sim
Intermediario,Media,Recente,Medio,Manteve,Media,Medio,Nenhuma,Nao
Premium,Alta,Recente,Alto,Manteve,Alta,Medio,Nenhuma,Nao
Premium,Media,Recente,Medio,Aumentou,Media,Baixo,Nenhuma,Nao
Premium,Alta,Recente,Alto,Manteve,Alta,Alto,Nenhuma,Nao
Basico,Baixa,Longo,Baixo,Manteve,Baixa,Baixo,Recorrente,Sim
Basico,Alta,Recente,Alto,Manteve,Alta,Alto,Nenhuma,Nao
Premium,Alta,Recente,Medio,Manteve,Alta,Medio,Nenhuma,Nao
Intermediario,Alta,Recente,Alto,Manteve,Alta,Alto,Nenhuma,Nao
Premium,Alta,Recente,Medio,Manteve,Media,Medio,Nenhuma,Nao
Intermediario,Alta,Recente,Alto,Manteve,Alta,Medio,Nenhuma,Nao
Basico,Media,Recente,Baixo,Aumentou,Media,Medio,Nenhuma,Sim
Basico,Media,Recente,Medio,Manteve,Media,Alto,Ocasional,Sim
Basico,Media,Recente,Baixo,Aumentou,Baixa,Baixo,Nenhuma,Sim
Intermediario,Media,Recente,Medio,Manteve,Alta,Alto,Nenhuma,Nao
Basico,Media,Recente,Medio,Manteve,Alta,Alto,Ocasional,Nao
Premium,Alta,Recente,Alto,Diminuiu,Alta,Alto,Nenhuma,Nao
Premium,Media,Recente,Medio,Manteve,Alta,Alto,Nenhuma,Nao
Premium,Media,Moderado,Alto,Manteve,Alta,Medio,Nenhuma,Nao
Basico,Media,Recente,Baixo,Aumentou,Baixa,Medio,Nenhuma,Sim
Premium,Alta,Recente,Medio,Manteve,Alta,Alto,Nenhuma,Nao
Premium,Media,Recente,Medio,Manteve,Media,Medio,Nenhuma,Nao
Basico,Baixa,Longo,Medio,Aumentou,Baixa,Baixo,Nenhuma,Sim
Intermediario,Baixa,Recente,Baixo,Aumentou,Baixa,Baixo,Recorrente,Sim
Basico,Alta,Recente,Medio,Aumentou,Alta,Alto,Nenhuma,Nao
Basico,Baixa,Recente,Baixo,Aumentou,Baixa,Baixo,Nenhuma,Sim
Intermediario,Baixa,Moderado,Baixo,Aumentou,Baixa,Baixo,Nenhuma,Sim
Basico,Baixa,Recente,Baixo,Manteve,Baixa,Baixo,Ocasional,Sim
Intermediario,Baixa,Moderado,Baixo,Aumentou,Alta,Alto,Nenhuma,Sim
Intermediario,Media,Recente,Medio,Manteve,Media,Alto,Nenhuma,Nao
Basico,Baixa,Longo,Baixo,Manteve,Baixa,Medio,Recorrente,Sim
Intermediario,Alta,Recente,Alto,Aumentou,Alta,Alto,Nenhuma,Nao
Intermediario,Baixa,Longo,Baixo,Manteve,Alta,Medio,Nenhuma,Sim
Intermediario,Media,Moderado,Medio,Manteve,Media,Alto,Recorrente,Nao
Intermediario,Alta,Recente,Alto,Manteve,Alta,Alto,Ocasional,Nao
Intermediario,Baixa,Longo,Medio,Manteve,Media,Medio,Ocasional,Sim
Premium,Alta,Recente,Alto,Aumentou,Alta,Alto,Nenhuma,Nao
Premium,Media,Recente,Medio,Diminuiu,Alta,Alto,Nenhuma,Nao
Premium,Media,Moderado,Medio,Manteve,Baixa,Baixo,Nenhuma,Sim
Premium,Alta,Recente,Medio,Manteve,Alta,Baixo,Nenhuma,Nao
Intermediario,Baixa,Longo,Baixo,Manteve,Baixa,Baixo,Nenhuma,Sim
Intermediario,Alta,Recente,Baixo,Manteve,Alta,Alto,Nenhuma,Nao
Basico,Baixa,Recente,Baixo,Manteve,Media,Baixo,Nenhuma,Sim
Basico,Baixa,Longo,Medio,Manteve,Media,Medio,Nenhuma,Sim
Intermediario,Baixa,Moderado,Baixo,Manteve,Baixa,Medio,Nenhuma,Sim
Intermediario,Baixa,Recente,Baixo,Manteve,Baixa,Alto,Nenhuma,Nao
Basico,Baixa,Recente,Baixo,Manteve,Baixa,Medio,Recorrente,Sim
Basico,Media,Recente,Alto,Manteve,Alta,Medio,Nenhuma,Nao
Intermediario,Alta,Recente,Alto,Manteve,Alta,Baixo,Nenhuma,Nao
Basico,Baixa,Longo,Medio,Manteve,Media,Baixo,Nenhuma,Sim
Premium,Media,Moderado,Medio,Manteve,Media,Alto,Nenhuma,Nao
Intermediario,Alta,Recente,Medio,Aumentou,Baixa,Alto,Nenhuma,Nao
Basico,Baixa,Recente,Baixo,Manteve,Alta,Medio,Nenhuma,Nao
Intermediario,Media,Moderado,Baixo,Manteve,Media,Alto,Ocasional,Nao
Premium,Alta,Recente,Medio,Manteve,Media,Alto,Nenhuma,Nao
Basico,Baixa,Longo,Baixo,Manteve,Baixa,Medio,Nenhuma,Sim
Basico,Media,Recente,Baixo,Aumentou,Baixa,Alto,Nenhuma,Sim
Premium,Alta,Recente,Alto,Manteve,Alta,Alto,Ocasional,Nao
Basico,Alta,Recente,Alto,Manteve,Media,Medio,Ocasional,Sim
Basico,Alta,Recente,Medio,Aumentou,Media,Alto,Nenhuma,Nao
Basico,Baixa,Moderado,Baixo,Manteve,Media,Baixo,Nenhuma,Sim
Premium,Alta,Recente,Alto,Manteve,Alta,Alto,Nenhuma,Nao
Premium,Media,Recente,Medio,Manteve,Alta,Alto,Nenhuma,Nao
Basico,Alta,Recente,Alto,Aumentou,Alta,Alto,Nenhuma,Nao
Intermediario,Media,Moderado,Medio,Manteve,Alta,Medio,Nenhuma,Sim
Premium,Baixa,Moderado,Baixo,Aumentou,Baixa,Baixo,Nenhuma,Sim
Intermediario,Alta,Recente,Alto,Aumentou,Media,Alto,Nenhuma,Nao
Intermediario,Baixa,Longo,Medio,Manteve,Alta,Alto,Nenhuma,Nao
Intermediario,Media,Recente,Baixo,Diminuiu,Media,Medio,Nenhuma,Nao
Basico,Media,Recente,Medio,Aumentou,Alta,Alto,Nenhuma,Nao
Premium,Alta,Recente,Medio,Manteve,Alta,Alto,Nenhuma,Nao
Basico,Baixa,Longo,Baixo,Manteve,Media,Medio,Ocasional,Sim
Premium,Media,Recente,Medio,Aumentou,Alta,Medio,Nenhuma,Nao
Basico,Baixa,Longo,Baixo,Manteve,Media,Alto,Nenhuma,Sim
Premium,Alta,Recente,Medio,Manteve,Media,Alto,Ocasional,Nao
Intermediario,Alta,Recente,Medio,Manteve,Alta,Medio,Nenhuma,Nao
Basico,Media,Recente,Baixo,Manteve,Alta,Alto,Nenhuma,Nao
Basico,Media,Moderado,Medio,Manteve,Baixa,Alto,Nenhuma,Nao
Intermediario,Baixa,Recente,Alto,Manteve,Media,Baixo,Ocasional,Nao
Basico,Baixa,Longo,Baixo,Aumentou,Baixa,Medio,Recorrente,Sim
Intermediario,Alta,Moderado,Alto,Manteve,Media,Alto,Ocasional,Nao
Basico,Alta,Recente,Medio,Manteve,Media,Baixo,Nenhuma,Sim
Intermediario,Media,Moderado,Medio,Aumentou,Baixa,Medio,Nenhuma,Sim
Intermediario,Baixa,Recente,Baixo,Diminuiu,Alta,Medio,Nenhuma,Sim
Basico,Media,Moderado,Baixo,Manteve,Alta,Alto,Nenhuma,Nao
Basico,Media,Recente,Medio,Manteve,Media,Alto,Nenhuma,Nao
Basico,Alta,Recente,Alto,Aumentou,Baixa,Medio,Nenhuma,Nao
Basico,Baixa,Moderado,Medio,Manteve,Baixa,Medio,Nenhuma,Sim
Intermediario,Media,Recente,Medio,Manteve,Media,Medio,Nenhuma,Nao
Premium,Media,Longo,Baixo,Aumentou,Baixa,Baixo,Ocasional,Sim
Premium,Media,Moderado,Alto,Aumentou,Alta,Medio,Nenhuma,Nao
Basico,Baixa,Recente,Medio,Manteve,Baixa,Baixo,Nenhuma,Nao
Intermediario,Media,Moderado,Medio,Manteve,Media,Medio,Nenhuma,Nao
Basico,Media,Recente,Medio,Manteve,Media,Baixo,Ocasional,Sim
Basico,Baixa,Longo,Baixo,Manteve,Media,Alto,Nenhuma,Sim
Intermediario,Media,Recente,Medio,Manteve,Baixa,Medio,Recorrente,Nao
Intermediario,Media,Moderado,Medio,Aumentou,Media,Alto,Nenhuma,Sim
Intermediario,Media,Moderado,Medio,Aumentou,Baixa,Medio,Nenhuma,Sim
Intermediario,Alta,Recente,Alto,Manteve,Media,Alto,Nenhuma,Nao
Intermediario,Alta,Recente,Medio,Manteve,Media,Medio,Ocasional,Nao
Basico,Alta,Recente,Alto,Manteve,Alta,Alto,Ocasional,Nao
Premium,Baixa,Moderado,Baixo,Aumentou,Baixa,Medio,Nenhuma,Nao
Premium,Alta,Recente,Alto,Aumentou,Alta,Alto,Nenhuma,Nao
Basico,Media,Recente,Medio,Manteve,Alta,Alto,Nenhuma,Nao
Basico,Baixa,Moderado,Baixo,Manteve,Media,Medio,Recorrente,Sim
Basico,Media,Moderado,Baixo,Manteve,Alta,Baixo,Nenhuma,Sim
Basico,Media,Recente,Medio,Aumentou,Baixa,Alto,Nenhuma,Sim
Basico,Alta,Recente,Alto,Manteve,Alta,Alto,Nenhuma,Nao
Basico,Media,Recente,Medio,Manteve,Media,Baixo,Nenhuma,Nao
Premium,Media,Moderado,Medio,Aumentou,Baixa,Baixo,Ocasional,Sim
Basico,Alta,Recente,Medio,Aumentou,Media,Medio,Nenhuma,Nao
Basico,Alta,Recente,Medio,Manteve,Media,Medio,Ocasional,Nao
Intermediario,Baixa,Longo,Baixo,Manteve,Media,Alto,Nenhuma,Sim
Premium,Media,Recente,Medio,Manteve,Baixa,Medio,Ocasional,Nao
Basico,Baixa,Longo,Baixo,Aumentou,Baixa,Medio,Ocasional,Sim
Intermediario,Alta,Recente,Alto,Aumentou,Baixa,Alto,Nenhuma,Nao
Intermediario,Alta,Recente,Medio,Aumentou,Alta,Alto,Nenhuma,Nao
Premium,Media,Recente,Medio,Manteve,Media,Medio,Recorrente,Nao
Basico,Alta,Recente,Alto,Manteve,Alta,Baixo,Nenhuma,Nao
Intermediario,Media,Recente,Medio,Manteve,Baixa,Baixo,Nenhuma,Sim
Basico,Media,Recente,Baixo,Manteve,Alta,Medio,Nenhuma,Nao
Premium,Media,Recente,Medio,Manteve,Media,Medio,Nenhuma,Nao
Premium,Alta,Moderado,Alto,Aumentou,Alta,Medio,Nenhuma,Sim
Basico,Media,Recente,Medio,Manteve,Baixa,Baixo,Nenhuma,Sim
Basico,Baixa,Longo,Baixo,Aumentou,Baixa,Baixo,Nenhuma,Sim
Intermediario,Alta,Recente,Alto,Diminuiu,Alta,Medio,Nenhuma,Nao
Premium,Alta,Recente,Alto,Manteve,Alta,Alto,Nenhuma,Nao
Intermediario,Alta,Recente,Alto,Manteve,Alta,Alto,Nenhuma,Nao
Premium,Baixa,Longo,Alto,Aumentou,Baixa,Medio,Nenhuma,Sim
Basico,Media,Moderado,Medio,Manteve,Alta,Medio,Nenhuma,Nao
Intermediario,Baixa,Moderado,Baixo,Diminuiu,Alta,Alto,Nenhuma,Nao
Intermediario,Alta,Recente,Alto,Manteve,Alta,Alto,Nenhuma,Nao
Basico,Baixa,Recente,Baixo,Manteve,Media,Medio,Nenhuma,Sim
Basico,Media,Moderado,Alto,Manteve,Alta,Medio,Nenhuma,Nao
Basico,Alta,Recente,Baixo,Manteve,Media,Baixo,Ocasional,Sim
Intermediario,Alta,Recente,Medio,Manteve,Media,Alto,Nenhuma,Nao
Premium,Alta,Recente,Medio,Aumentou,Alta,Alto,Nenhuma,Nao
Basico,Media,Recente,Medio,Manteve,Alta,Alto,Nenhuma,Nao
Intermediario,Media,Moderado,Medio,Aumentou,Baixa,Alto,Nenhuma,Sim
Intermediario,Media,Moderado,Medio,Manteve,Alta,Medio,Nenhuma,Nao
Basico,Baixa,Longo,Medio,Manteve,Media,Baixo,Recorrente,Sim
Intermediario,Baixa,Moderado,Baixo,Manteve,Media,Medio,Ocasional,Sim
Basico,Alta,Recente,Medio,Aumentou,Media,Medio,Nenhuma,Nao
Basico,Media,Moderado,Medio,Aumentou,Media,Alto,Ocasional,Nao
Premium,Baixa,Moderado,Baixo,Manteve,Media,Medio,Nenhuma,Sim
Basico,Media,Recente,Medio,Aumentou,Baixa,Baixo,Ocasional,Sim
Intermediario,Media,Moderado,Medio,Manteve,Alta,Medio,Nenhuma,Nao
Basico,Alta,Recente,Alto,Manteve,Media,Alto,Nenhuma,Nao
Basico,Media,Recente,Medio,Manteve,Alta,Alto,Nenhuma,Nao
Premium,Alta,Recente,Alto,Aumentou,Baixa,Alto,Recorrente,Nao
Basico,Alta,Recente,Alto,Manteve,Alta,Alto,Nenhuma,Nao
Premium,Baixa,Moderado,Baixo,Aumentou,Baixa,Baixo,Nenhuma,Sim
Intermediario,Alta,Moderado,Alto,Manteve,Alta,Alto,Nenhuma,Nao
Basico,Media,Recente,Medio,Aumentou,Media,Alto,Nenhuma,Nao
Basico,Alta,Recente,Alto,Manteve,Media,Baixo,Ocasional,Sim
Intermediario,Baixa,Longo,Baixo,Manteve,Media,Baixo,Ocasional,Sim
Basico,Media,Moderado,Medio,Manteve,Media,Alto,Nenhuma,Nao
Intermediario,Media,Moderado,Medio,Aumentou,Media,Medio,Nenhuma,Sim
Basico,Baixa,Longo,Baixo,Manteve,Media,Alto,Recorrente,Sim
Basico,Baixa,Moderado,Baixo,Manteve,Baixa,Baixo,Ocasional,Sim
Intermediario,Baixa,Moderado,Baixo,Manteve,Baixa,Medio,Nenhuma,Sim
Intermediario,Media,Longo,Medio,Manteve,Alta,Medio,Nenhuma,Sim
Basico,Media,Moderado,Alto,Aumentou,Baixa,Alto,Recorrente,Sim
Intermediario,Alta,Recente,Medio,Aumentou,Baixa,Medio,Nenhuma,Sim
Intermediario,Alta,Recente,Alto,Aumentou,Baixa,Alto,Nenhuma,Nao
Intermediario,Alta,Recente,Alto,Manteve,Alta,Alto,Nenhuma,Nao
Intermediario,Media,Recente,Medio,Manteve,Baixa,Alto,Nenhuma,Sim
Premium,Alta,Moderado,Alto,Aumentou,Baixa,Medio,Nenhuma,Sim
Premium,Media,Recente,Medio,Manteve,Alta,Alto,Ocasional,Nao
Basico,Media,Moderado,Medio,Diminuiu,Alta,Alto,Nenhuma,Nao
Intermediario,Media,Recente,Alto,Manteve,Alta,Alto,Nenhuma,Nao
Premium,Media,Recente,Medio,Manteve,Baixa,Alto,Nenhuma,Nao
Basico,Alta,Recente,Alto,Manteve,Baixa,Medio,Nenhuma,Nao
Intermediario,Baixa,Moderado,Baixo,Aumentou,Alta,Medio,Nenhuma,Nao
Basico,Baixa,Moderado,Baixo,Manteve,Baixa,Medio,Nenhuma,Sim
Basico,Media,Moderado,Medio,Aumentou,Media,Medio,Nenhuma,Sim
Premium,Alta,Recente,Alto,Manteve,Alta,Alto,Nenhuma,Nao
Premium,Alta,Recente,Alto,Manteve,Alta,Alto,Nenhuma,Nao
Basico,Media,Recente,Medio,Aumentou,Baixa,Alto,Nenhuma,Sim
Basico,Media,Recente,Medio,Manteve,Media,Alto,Nenhuma,Nao
Intermediario,Baixa,Moderado,Baixo,Manteve,Alta,Medio,Nenhuma,Sim
Intermediario,Alta,Recente,Alto,Aumentou,Alta,Medio,Nenhuma,Nao
Basico,Baixa,Longo,Baixo,Aumentou,Baixa,Alto,Nenhuma,Sim
Intermediario,Baixa,Moderado,Baixo,Manteve,Baixa,Medio,Ocasional,Sim
Premium,Media,Recente,Alto,Manteve,Media,Alto,Nenhuma,Nao
Basico,Baixa,Longo,Baixo,Manteve,Baixa,Baixo,Recorrente,Sim
Intermediario,Media,Moderado,Medio,Manteve,Media,Medio,Nenhuma,Sim
Intermediario,Media,Recente,Medio,Aumentou,Baixa,Alto,Nenhuma,Nao
Basico,Baixa,Moderado,Baixo,Aumentou,Media,Baixo,Ocasional,Sim
Intermediario,Media,Recente,Baixo,Manteve,Alta,Alto,Ocasional,Nao
Basico,Media,Recente,Medio,Aumentou,Baixa,Medio,Nenhuma,Sim
Basico,Media,Recente,Medio,Manteve,Media,Medio,Nenhuma,Nao
Basico,Media,Longo,Alto,Manteve,Media,Alto,Nenhuma,Sim
Basico,Media,Recente,Baixo,Diminuiu,Alta,Baixo,Nenhuma,Nao
Intermediario,Media,Recente,Alto,Manteve,Alta,Alto,Nenhuma,Nao
Intermediario,Media,Moderado,Baixo,Aumentou,Baixa,Medio,Nenhuma,Sim
Basico,Media,Longo,Medio,Aumentou,Baixa,Baixo,Ocasional,Sim
Basico,Media,Moderado,Medio,Manteve,Alta,Medio,Nenhuma,Nao
Intermediario,Media,Moderado,Medio,Manteve,Media,Medio,Ocasional,Sim
Basico,Media,Longo,Medio,Manteve,Media,Baixo,Nenhuma,Sim
Basico,Alta,Recente,Baixo,Aumentou,Baixa,Medio,Nenhuma,Sim
Premium,Alta,Moderado,Medio,Manteve,Alta,Alto,Nenhuma,Nao
Premium,Alta,Recente,Medio,Manteve,Media,Baixo,Ocasional,Sim
Basico,Media,Recente,Medio,Manteve,Media,Alto,Ocasional,Nao
Premium,Baixa,Longo,Baixo,Manteve,Media,Medio,Nenhuma,Sim
Intermediario,Media,Moderado,Medio,Manteve,Media,Medio,Nenhuma,Nao
Intermediario,Media,Moderado,Medio,Manteve,Media,Alto,Nenhuma,Sim
Basico,Media,Moderado,Medio,Manteve,Media,Medio,Nenhuma,Sim
Intermediario,Baixa,Recente,Baixo,Manteve,Baixa,Baixo,Recorrente,Sim
Basico,Media,Recente,Medio,Manteve,Media,Medio,Ocasional,Nao
Intermediario,Media,Recente,Baixo,Aumentou,Media,Alto,Nenhuma,Nao
Premium,Media,Recente,Alto,Manteve,Alta,Alto,Ocasional,Nao
Premium,Media,Moderado,Medio,Aumentou,Media,Alto,Ocasional,Nao
Intermediario,Media,Moderado,Baixo,Manteve,Alta,Alto,Nenhuma,Nao
Intermediario,Alta,Recente,Alto,Aumentou,Alta,Alto,Nenhuma,Nao
Intermediario,Alta,Recente,Medio,Diminuiu,Alta,Medio,Nenhuma,Nao
Intermediario,Media,Recente,Alto,Manteve,Media,Medio,Nenhuma,Nao
Basico,Media,Recente,Baixo,Aumentou,Media,Alto,Recorrente,Sim
Basico,Media,Recente,Medio,Aumentou,Baixa,Alto,Nenhuma,Sim
Basico,Media,Moderado,Medio,Manteve,Alta,Baixo,Nenhuma,Nao
Intermediario,Media,Longo,Medio,Manteve,Media,Medio,Ocasional,Sim
Premium,Media,Longo,Medio,Manteve,Media,Medio,Nenhuma,Sim
Intermediario,Media,Recente,Medio,Manteve,Baixa,Medio,Ocasional,Nao
Basico,Alta,Recente,Baixo,Aumentou,Alta,Alto,Nenhuma,Nao
Basico,Baixa,Longo,Baixo,Aumentou,Baixa,Alto,Nenhuma,Sim
Premium,Media,Moderado,Medio,Manteve,Baixa,Baixo,Nenhuma,Sim
Basico,Alta,Recente,Medio,Aumentou,Baixa,Medio,Nenhuma,Nao
Basico,Media,Recente,Medio,Aumentou,Media,Alto,Ocasional,Nao
Intermediario,Baixa,Longo,Medio,Aumentou,Baixa,Alto,Ocasional,Sim
Premium,Media,Moderado,Alto,Manteve,Alta,Alto,Nenhuma,Nao
Basico,Media,Recente,Baixo,Manteve,Baixa,Baixo,Nenhuma,Nao
Premium,Media,Recente,Medio,Manteve,Alta,Alto,Nenhuma,Nao
Intermediario,Alta,Recente,Alto,Manteve,Alta,Alto,Nenhuma,Nao
Intermediario,Media,Recente,Medio,Manteve,Media,Medio,Nenhuma,Nao
Premium,Alta,Recente,Alto,Manteve,Alta,Alto,Nenhuma,Nao
Basico,Media,Moderado,Baixo,Manteve,Baixa,Baixo,Ocasional,Sim
Basico,Baixa,Longo,Baixo,Aumentou,Baixa,Medio,Nenhuma,Sim
Basico,Media,Recente,Medio,Manteve,Media,Baixo,Ocasional,Sim
Basico,Alta,Recente,Baixo,Aumentou,Baixa,Medio,Nenhuma,Sim
Basico,Alta,Recente,Medio,Manteve,Alta,Medio,Nenhuma,Nao
Premium,Alta,Recente,Alto,Aumentou,Media,Medio,Nenhuma,Nao
Basico,Media,Recente,Medio,Manteve,Media,Medio,Nenhuma,Nao
Premium,Alta,Recente,Alto,Aumentou,Baixa,Medio,Ocasional,Sim
Intermediario,Baixa,Longo,Baixo,Manteve,Baixa,Medio,Recorrente,Sim
Intermediario,Media,Moderado,Baixo,Aumentou,Baixa,Alto,Nenhuma,Sim
Intermediario,Alta,Recente,Alto,Manteve,Alta,Alto,Nenhuma,Nao
Premium,Alta,Recente,Alto,Manteve,Alta,Alto,Nenhuma,Nao
Basico,Media,Moderado,Medio,Manteve,Media,Medio,Nenhuma,Nao
Basico,Baixa,Moderado,Baixo,Aumentou,Baixa,Medio,Ocasional,Sim
Basico,Baixa,Moderado,Baixo,Manteve,Media,Medio,Recorrente,Sim
Basico,Baixa,Recente,Baixo,Manteve,Media,Medio,Nenhuma,Sim
Intermediario,Media,Recente,Medio,Manteve,Media,Medio,Nenhuma,Nao
Intermediario,Alta,Recente,Medio,Manteve,Alta,Alto,Nenhuma,Nao
Basico,Media,Recente,Medio,Manteve,Baixa,Alto,Nenhuma,Nao
Basico,Media,Recente,Medio,Manteve,Alta,Alto,Nenhuma,Nao
Basico,Media,Moderado,Medio,Manteve,Media,Alto,Ocasional,Sim
Premium,Baixa,Moderado,Baixo,Manteve,Media,Medio,Nenhuma,Sim
Intermediario,Baixa,Recente,Baixo,Manteve,Media,Alto,Ocasional,Sim
Intermediario,Alta,Recente,Alto,Aumentou,Alta,Alto,Nenhuma,Nao
Premium,Media,Recente,Medio,Aumentou,Baixa,Alto,Nenhuma,Nao
Basico,Media,Moderado,Medio,Manteve,Media,Alto,Nenhuma,Nao
Intermediario,Media,Recente,Baixo,Manteve,Alta,Medio,Nenhuma,Sim
Basico,Media,Longo,Medio,Manteve,Media,Baixo,Nenhuma,Sim
Basico,Media,Longo,Baixo,Manteve,Media,Medio,Nenhuma,Sim
Basico,Alta,Recente,Alto,Manteve,Alta,Medio,Nenhuma,Nao
Basico,Media,Recente,Baixo,Manteve,Alta,Medio,Nenhuma,Sim
Basico,Baixa,Recente,Medio,Manteve,Media,Medio,Recorrente,Sim
Intermediario,Baixa,Longo,Baixo,Manteve,Media,Baixo,Nenhuma,Sim
Basico,Baixa,Longo,Medio,Aumentou,Baixa,Baixo,Ocasional,Sim
Basico,Alta,Moderado,Alto,Diminuiu,Alta,Alto,Nenhuma,Nao
Intermediario,Alta,Recente,Alto,Manteve,Alta,Alto,Nenhuma,Nao
Intermediario,Baixa,Moderado,Baixo,Manteve,Media,Baixo,Nenhuma,Sim
Premium,Media,Recente,Alto,Aumentou,Baixa,Baixo,Nenhuma,Nao
Intermediario,Media,Moderado,Medio,Aumentou,Alta,Alto,Nenhuma,Sim
Premium,Alta,Recente,Medio,Aumentou,Baixa,Medio,Nenhuma,Nao
Basico,Media,Longo,Medio,Manteve,Media,Medio,Nenhuma,Sim
Intermediario,Alta,Recente,Medio,Aumentou,Baixa,Alto,Nenhuma,Nao
Intermediario,Media,Recente,Medio,Manteve,Alta,Alto,Nenhuma,Nao
Basico,Alta,Recente,Baixo,Manteve,Alta,Alto,Ocasional,Nao
Basico,Media,Recente,Baixo,Manteve,Baixa,Baixo,Ocasional,Sim
Intermediario,Alta,Recente,Alto,Manteve,Media,Medio,Recorrente,Sim
Intermediario,Media,Moderado,Medio,Aumentou,Media,Alto,Nenhuma,Sim
Basico,Media,Recente,Baixo,Aumentou,Baixa,Alto,Nenhuma,Sim
Intermediario,Alta,Recente,Alto,Diminuiu,Alta,Alto,Nenhuma,Nao
Premium,Alta,Recente,Alto,Manteve,Alta,Alto,Nenhuma,Nao
Intermediario,Baixa,Longo,Medio,Manteve,Baixa,Baixo,Nenhuma,Sim
Basico,Alta,Recente,Medio,Manteve,Media,Medio,Ocasional,Sim
Intermediario,Alta,Recente,Alto,Manteve,Media,Medio,Nenhuma,Nao
Intermediario,Media,Recente,Medio,Manteve,Baixa,Alto,Nenhuma,Nao
Basico,Media,Recente,Alto,Aumentou,Baixa,Medio,Recorrente,Nao
Basico,Media,Moderado,Medio,Manteve,Baixa,Alto,Nenhuma,Sim
Premium,Media,Recente,Alto,Manteve,Alta,Alto,Nenhuma,Nao
Basico,Alta,Recente,Medio,Manteve,Media,Alto,Nenhuma,Nao
Basico,Alta,Recente,Alto,Manteve,Alta,Alto,Ocasional,Nao
Intermediario,Alta,Recente,Alto,Aumentou,Baixa,Alto,Nenhuma,Nao
Intermediario,Media,Recente,Medio,Diminuiu,Alta,Medio,Ocasional,Sim
Intermediario,Baixa,Recente,Baixo,Aumentou,Baixa,Baixo,Nenhuma,Sim
Intermediario,Alta,Recente,Alto,Manteve,Alta,Medio,Ocasional,Nao
Premium,Alta,Recente,Alto,Manteve,Alta,Alto,Ocasional,Nao
Premium,Alta,Recente,Alto,Manteve,Alta,Alto,Nenhuma,Nao
Basico,Media,Recente,Baixo,Aumentou,Baixa,Medio,Recorrente,Sim
Basico,Alta,Recente,Baixo,Manteve,Media,Medio,Ocasional,Sim
Basico,Media,Recente,Medio,Aumentou,Baixa,Alto,Ocasional,Nao
Basico,Alta,Recente,Medio,Manteve,Alta,Medio,Ocasional,Nao
Premium,Alta,Recente,Alto,Manteve,Alta,Medio,Nenhuma,Nao
Intermediario,Alta,Recente,Alto,Aumentou,Alta,Medio,Nenhuma,Nao
Premium,Alta,Moderado,Alto,Aumentou,Alta,Alto,Nenhuma,Nao
Basico,Media,Recente,Medio,Manteve,Media,Medio,Nenhuma,Sim
Basico,Media,Longo,Medio,Aumentou,Baixa,Baixo,Nenhuma,Sim
Basico,Alta,Recente,Alto,Manteve,Media,Baixo,Nenhuma,Nao
Basico,Alta,Recente,Baixo,Manteve,Media,Medio,Nenhuma,Nao
Basico,Media,Recente,Medio,Aumentou,Baixa,Medio,Nenhuma,Sim
Basico,Baixa,Moderado,Baixo,Manteve,Media,Medio,Nenhuma,Sim
Basico,Baixa,Recente,Baixo,Manteve,Media,Alto,Nenhuma,Nao
Intermediario,Alta,Recente,Alto,Aumentou,Media,Alto,Nenhuma,Nao
Basico,Alta,Recente,Alto,Manteve,Alta,Alto,Nenhuma,Nao
Premium,Baixa,Longo,Baixo,Manteve,Baixa,Medio,Nenhuma,Sim
Basico,Media,Recente,Medio,Aumentou,Baixa,Alto,Nenhuma,Sim
Intermediario,Alta,Recente,Medio,Aumentou,Baixa,Medio,Ocasional,Sim
Intermediario,Baixa,Recente,Baixo,Aumentou,Media,Alto,Nenhuma,Nao
Basico,Media,Moderado,Medio,Manteve,Media,Baixo,Nenhuma,Nao
Intermediario,Alta,Recente,Alto,Manteve,Alta,Medio,Nenhuma,Sim
Basico,Alta,Recente,Alto,Aumentou,Baixa,Medio,Nenhuma,Nao
Intermediario,Media,Moderado,Baixo,Aumentou,Media,Alto,Ocasional,Sim
Intermediario,Media,Recente,Alto,Aumentou,Baixa,Medio,Nenhuma,Sim
Basico,Media,Moderado,Medio,Diminuiu,Media,Alto,Nenhuma,Nao
Premium,Media,Moderado,Medio,Aumentou,Baixa,Baixo,Nenhuma,Sim
Basico,Baixa,Moderado,Baixo,Aumentou,Baixa,Medio,Nenhuma,Sim
Intermediario,Baixa,Moderado,Baixo,Manteve,Media,Medio,Nenhuma,Sim
Basico,Alta,Recente,Medio,Manteve,Alta,Alto,Nenhuma,Nao
Intermediario,Media,Recente,Baixo,Aumentou,Baixa,Medio,Ocasional,Sim
Premium,Alta,Recente,Alto,Manteve,Alta,Alto,Nenhuma,Nao
Basico,Media,Recente,Medio,Manteve,Media,Alto,Ocasional,Sim
Basico,Media,Moderado,Medio,Manteve,Media,Medio,Ocasional,Sim
Intermediario,Alta,Recente,Alto,Manteve,Alta,Alto,Nenhuma,Nao
Intermediario,Baixa,Moderado,Medio,Manteve,Media,Medio,Nenhuma,Sim
Basico,Alta,Recente,Alto,Manteve,Alta,Alto,Nenhuma,Nao
Intermediario,Media,Recente,Baixo,Aumentou,Alta,Alto,Nenhuma,Nao
Intermediario,Alta,Recente,Alto,Aumentou,Alta,Alto,Nenhuma,Nao
Basico,Alta,Recente,Baixo,Manteve,Baixa,Baixo,Nenhuma,Nao
Intermediario,Media,Longo,Alto,Manteve,Media,Medio,Nenhuma,Nao
Basico,Baixa,Moderado,Medio,Manteve,Baixa,Medio,Nenhuma,Sim
Intermediario,Baixa,Longo,Medio,Aumentou,Baixa,Medio,Ocasional,Sim
Intermediario,Alta,Recente,Alto,Diminuiu,Alta,Alto,Nenhuma,Nao
Intermediario,Media,Moderado,Medio,Manteve,Baixa,Baixo,Ocasional,Sim
Intermediario,Alta,Recente,Alto,Manteve,Alta,Alto,Nenhuma,Nao
Basico,Alta,Recente,Alto,Diminuiu,Alta,Alto,Nenhuma,Nao
Basico,Baixa,Longo,Baixo,Manteve,Baixa,Baixo,Nenhuma,Sim
Basico,Media,Recente,Medio,Aumentou,Alta,Alto,Nenhuma,Nao
Intermediario,Media,Recente,Alto,Diminuiu,Alta,Alto,Ocasional,Nao
Basico,Baixa,Recente,Baixo,Manteve,Baixa,Medio,Nenhuma,Sim
Intermediario,Alta,Recente,Medio,Manteve,Media,Alto,Nenhuma,Nao
Intermediario,Baixa,Moderado,Baixo,Aumentou,Media,Medio,Nenhuma,Sim
Basico,Alta,Recente,Alto,Manteve,Alta,Alto,Nenhuma,Nao
Basico,Alta,Recente,Alto,Manteve,Alta,Alto,Nenhuma,Nao
Intermediario,Media,Longo,Baixo,Aumentou,Media,Alto,Nenhuma,Sim
Premium,Alta,Recente,Medio,Manteve,Alta,Alto,Nenhuma,Nao
Intermediario,Baixa,Longo,Baixo,Manteve,Baixa,Baixo,Nenhuma,Sim
Premium,Alta,Moderado,Alto,Manteve,Alta,Medio,Nenhuma,Nao
Basico,Media,Longo,Medio,Manteve,Baixa,Alto,Ocasional,Sim
Intermediario,Media,Moderado,Baixo,Manteve,Baixa,Medio,Recorrente,Sim
Basico,Baixa,Moderado,Baixo,Aumentou,Baixa,Baixo,Nenhuma,Sim
Basico,Alta,Recente,Alto,Aumentou,Baixa,Alto,Nenhuma,Nao
Basico,Media,Recente,Baixo,Aumentou,Baixa,Baixo,Recorrente,Sim
Intermediario,Media,Moderado,Baixo,Diminuiu,Baixa,Baixo,Nenhuma,Sim
Intermediario,Alta,Recente,Baixo,Manteve,Alta,Alto,Nenhuma,Nao
Basico,Baixa,Longo,Baixo,Manteve,Alta,Medio,Recorrente,Sim
Intermediario,Alta,Recente,Alto,Aumentou,Media,Medio,Nenhuma,Sim
Premium,Alta,Recente,Medio,Manteve,Media,Alto,Nenhuma,Sim
Intermediario,Alta,Recente,Medio,Manteve,Alta,Alto,Nenhuma,Nao
Basico,Baixa,Longo,Baixo,Manteve,Baixa,Medio,Nenhuma,Sim
Intermediario,Media,Recente,Alto,Manteve,Media,Medio,Nenhuma,Nao
Basico,Media,Recente,Medio,Manteve,Alta,Alto,Nenhuma,Nao
Basico,Baixa,Recente,Baixo,Manteve,Media,Medio,Nenhuma,Sim
Intermediario,Alta,Recente,Alto,Aumentou,Baixa,Alto,Nenhuma,Nao
Intermediario,Baixa,Longo,Medio,Manteve,Alta,Alto,Nenhuma,Nao
Basico,Media,Recente,Medio,Manteve,Media,Baixo,Nenhuma,Sim
Basico,Baixa,Recente,Baixo,Manteve,Baixa,Baixo,Nenhuma,Sim
Intermediario,Baixa,Recente,Baixo,Aumentou,Alta,Medio,Nenhuma,Sim
Intermediario,Baixa,Moderado,Baixo,Aumentou,Media,Medio,Ocasional,Sim
Basico,Media,Recente,Medio,Manteve,Baixa,Medio,Nenhuma,Sim
Basico,Baixa,Longo,Baixo,Manteve,Media,Medio,Nenhuma,Sim
Premium,Alta,Recente,Alto,Manteve,Alta,Baixo,Ocasional,Nao
Intermediario,Alta,Recente,Alto,Manteve,Alta,Alto,Nenhuma,Sim
Basico,Alta,Recente,Medio,Aumentou,Alta,Alto,Nenhuma,Nao
Intermediario,Media,Longo,Baixo,Manteve,Alta,Alto,Nenhuma,Sim
Intermediario,Baixa,Moderado,Baixo,Aumentou,Baixa,Medio,Nenhuma,Nao
Intermediario,Alta,Recente,Medio,Manteve,Media,Medio,Nenhuma,Nao
Basico,Baixa,Longo,Baixo,Aumentou,Baixa,Medio,Ocasional,Sim
Basico,Baixa,Recente,Medio,Aumentou,Baixa,Medio,Nenhuma,Sim
Basico,Alta,Recente,Baixo,Manteve,Alta,Alto,Nenhuma,Nao
Premium,Media,Recente,Medio,Manteve,Alta,Alto,Nenhuma,Nao
Basico,Alta,Recente,Baixo,Manteve,Alta,Baixo,Ocasional,Nao
Intermediario,Media,Recente,Alto,Manteve,Baixa,Baixo,Ocasional,Nao
Intermediario,Media,Moderado,Medio,Aumentou,Baixa,Medio,Nenhuma,Sim
Intermediario,Alta,Recente,Alto,Manteve,Alta,Medio,Nenhuma,Nao
Intermediario,Baixa,Recente,Baixo,Manteve,Baixa,Baixo,Nenhuma,Sim
Intermediario,Alta,Recente,Alto,Aumentou,Alta,Alto,Ocasional,Nao
Intermediario,Alta,Recente,Alto,Manteve,Alta,Alto,Nenhuma,Nao
Intermediario,Media,Recente,Baixo,Manteve,Alta,Alto,Nenhuma,Nao
Basico,Alta,Recente,Alto,Manteve,Alta,Medio,Nenhuma,Nao
Premium,Alta,Recente,Alto,Aumentou,Baixa,Baixo,Recorrente,Sim
Intermediario,Alta,Recente,Alto,Aumentou,Baixa,Medio,Nenhuma,Nao
Basico,Media,Moderado,Medio,Manteve,Alta,Medio,Nenhuma,Nao
Premium,Alta,Recente,Alto,Aumentou,Baixa,Baixo,Ocasional,Sim
Intermediario,Alta,Recente,Alto,Manteve,Alta,Medio,Nenhuma,Nao
Intermediario,Media,Recente,Baixo,Manteve,Alta,Alto,Nenhuma,Nao
Intermediario,Media,Recente,Medio,Manteve,Alta,Alto,Recorrente,Sim
Basico,Media,Recente,Medio,Manteve,Alta,Alto,Nenhuma,Nao
Intermediario,Alta,Recente,Alto,Manteve,Media,Alto,Nenhuma,Nao
Basico,Baixa,Recente,Baixo,Manteve,Media,Medio,Nenhuma,Sim
Intermediario,Media,Recente,Medio,Aumentou,Baixa,Alto,Nenhuma,Sim
Premium,Baixa,Moderado,Baixo,Manteve,Media,Medio,Nenhuma,Nao
Intermediario,Media,Recente,Medio,Manteve,Baixa,Alto,Nenhuma,Sim
Premium,Media,Recente,Alto,Aumentou,Baixa,Medio,Nenhuma,Sim
Basico,Alta,Recente,Baixo,Aumentou,Media,Alto,Nenhuma,Sim
Basico,Media,Recente,Medio,Manteve,Alta,Alto,Nenhuma,Nao
Basico,Baixa,Moderado,Baixo,Manteve,Baixa,Medio,Recorrente,Sim
Intermediario,Media,Moderado,Medio,Aumentou,Media,Alto,Nenhuma,Sim
Basico,Alta,Recente,Medio,Aumentou,Baixa,Medio,Nenhuma,Sim
Intermediario,Alta,Recente,Alto,Manteve,Alta,Alto,Nenhuma,Nao
Intermediario,Alta,Recente,Alto,Manteve,Alta,Alto,Ocasional,Nao
Intermediario,Alta,Recente,Medio,Aumentou,Baixa,Alto,Nenhuma,Nao
Intermediario,Baixa,Moderado,Baixo,Manteve,Baixa,Medio,Nenhuma,Sim
Basico,Media,Recente,Medio,Manteve,Baixa,Alto,Nenhuma,Sim
Basico,Baixa,Longo,Baixo,Manteve,Media,Baixo,Ocasional,Sim
Premium,Media,Recente,Alto,Diminuiu,Media,Medio,Ocasional,Nao
Basico,Alta,Recente,Alto,Manteve,Alta,Alto,Nenhuma,Nao
Intermediario,Alta,Recente,Alto,Manteve,Alta,Alto,Nenhuma,Nao
Basico,Media,Recente,Alto,Manteve,Media,Alto,Recorrente,Nao
Basico,Baixa,Recente,Baixo,Manteve,Media,Medio,Ocasional,Sim
Basico,Media,Recente,Medio,Manteve,Baixa,Alto,Nenhuma,Nao
Basico,Media,Moderado,Medio,Diminuiu,Media,Medio,Ocasional,Nao
Basico,Alta,Recente,Medio,Manteve,Media,Medio,Nenhuma,Nao
Basico,Alta,Recente,Alto,Manteve,Alta,Alto,Nenhuma,Nao
Basico,Media,Recente,Medio,Manteve,Media,Medio,Ocasional,Sim
Premium,Alta,Recente,Alto,Aumentou,Alta,Alto,Nenhuma,Nao
Premium,Alta,Recente,Alto,Aumentou,Alta,Alto,Nenhuma,Nao
Basico,Baixa,Longo,Baixo,Manteve,Media,Alto,Ocasional,Sim
Intermediario,Baixa,Moderado,Baixo,Manteve,Baixa,Baixo,Ocasional,Sim
Basico,Alta,Moderado,Medio,Diminuiu,Alta,Alto,Nenhuma,Nao
Basico,Alta,Recente,Baixo,Manteve,Baixa,Medio,Nenhuma,Sim
Intermediario,Alta,Recente,Baixo,Manteve,Media,Medio,Nenhuma,Nao
Basico,Media,Moderado,Baixo,Manteve,Media,Medio,Nenhuma,Sim
Intermediario,Alta,Recente,Medio,Manteve,Alta,Medio,Nenhuma,Nao
Basico,Alta,Recente,Alto,Aumentou,Alta,Alto,Nenhuma,Nao
Basico,Baixa,Longo,Baixo,Aumentou,Baixa,Baixo,Ocasional,Sim
Basico,Media,Moderado,Medio,Manteve,Baixa,Medio,Nenhuma,Sim
Premium,Media,Longo,Baixo,Aumentou,Alta,Alto,Nenhuma,Nao
Basico,Media,Moderado,Medio,Manteve,Alta,Alto,Recorrente,Nao
Basico,Alta,Recente,Baixo,Aumentou,Baixa,Alto,Nenhuma,Sim
Basico,Alta,Recente,Alto,Manteve,Baixa,Medio,Nenhuma,Sim
Basico,Baixa,Longo,Baixo,Manteve,Baixa,Baixo,Ocasional,Sim
Intermediario,Baixa,Longo,Baixo,Manteve,Alta,Medio,Nenhuma,Sim
Basico,Media,Recente,Alto,Manteve,Baixa,Baixo,Ocasional,Sim
Basico,Media,Recente,Baixo,Manteve,Alta,Medio,Ocasional,Nao
Basico,Media,Moderado,Medio,Aumentou,Media,Baixo,Ocasional,Sim
Basico,Media,Moderado,Medio,Manteve,Media,Alto,Nenhuma,Nao
Basico,Alta,Recente,Alto,Manteve,Alta,Alto,Nenhuma,Nao
Premium,Media,Recente,Medio,Manteve,Baixa,Alto,Nenhuma,Nao
Intermediario,Media,Recente,Baixo,Aumentou,Baixa,Medio,Nenhuma,Nao
Basico,Media,Moderado,Medio,Aumentou,Baixa,Alto,Ocasional,Sim
Intermediario,Media,Recente,Medio,Aumentou,Alta,Alto,Nenhuma,Nao
Premium,Alta,Recente,Alto,Aumentou,Baixa,Medio,Nenhuma,Nao
Intermediario,Media,Recente,Medio,Aumentou,Alta,Alto,Nenhuma,Nao
Intermediario,Media,Recente,Medio,Aumentou,Baixa,Medio,Ocasional,Sim
Basico,Alta,Recente,Alto,Manteve,Baixa,Baixo,Nenhuma,Nao
Basico,Baixa,Longo,Baixo,Manteve,Media,Medio,Nenhuma,Sim
Basico,Media,Recente,Medio,Aumentou,Baixa,Alto,Ocasional,Sim
Basico,Baixa,Moderado,Baixo,Diminuiu,Media,Baixo,Nenhuma,Sim
Basico,Alta,Recente,Medio,Aumentou,Baixa,Alto,Nenhuma,Sim
Intermediario,Baixa,Recente,Medio,Aumentou,Media,Medio,Ocasional,Nao
Basico,Media,Recente,Medio,Aumentou,Baixa,Medio,Nenhuma,Sim
Intermediario,Baixa,Moderado,Baixo,Manteve,Alta,Medio,Nenhuma,Nao
Basico,Baixa,Longo,Baixo,Manteve,Media,Alto,Nenhuma,Sim
Basico,Alta,Recente,Alto,Manteve,Alta,Alto,Ocasional,Nao
Basico,Media,Moderado,Medio,Aumentou,Media,Medio,Nenhuma,Nao
Premium,Alta,Recente,Alto,Aumentou,Baixa,Alto,Nenhuma,Nao
Basico,Baixa,Recente,Baixo,Aumentou,Alta,Medio,Nenhuma,Sim
Intermediario,Baixa,Longo,Baixo,Aumentou,Alta,Baixo,Nenhuma,Sim
Intermediario,Alta,Recente,Medio,Manteve,Alta,Medio,Nenhuma,Nao
Basico,Baixa,Longo,Baixo,Aumentou,Baixa,Baixo,Nenhuma,Sim
Basico,Baixa,Longo,Baixo,Manteve,Baixa,Medio,Nenhuma,Sim
Basico,Alta,Moderado,Alto,Manteve,Baixa,Medio,Ocasional,Sim
Intermediario,Baixa,Moderado,Baixo,Manteve,Alta,Medio,Nenhuma,Nao
Premium,Media,Recente,Medio,Aumentou,Baixa,Alto,Nenhuma,Nao
Premium,Media,Longo,Medio,Diminuiu,Media,Baixo,Nenhuma,Sim
Intermediario,Alta,Recente,Alto,Aumentou,Baixa,Alto,Nenhuma,Nao
Basico,Media,Recente,Medio,Manteve,Media,Medio,Nenhuma,Nao
Premium,Alta,Recente,Medio,Aumentou,Baixa,Alto,Nenhuma,Nao
Intermediario,Alta,Recente,Alto,Aumentou,Alta,Alto,Nenhuma,Nao
Basico,Baixa,Recente,Baixo,Manteve,Baixa,Medio,Recorrente,Sim
Intermediario,Alta,Recente,Alto,Manteve,Media,Alto,Nenhuma,Nao
Intermediario,Media,Moderado,Medio,Manteve,Media,Alto,Nenhuma,Sim
Basico,Media,Recente,Baixo,Manteve,Baixa,Medio,Nenhuma,Sim
Premium,Media,Recente,Medio,Manteve,Baixa,Baixo,Nenhuma,Sim
Premium,Baixa,Longo,Alto,Manteve,Alta,Baixo,Nenhuma,Sim
Premium,Media,Recente,Alto,Aumentou,Baixa,Alto,Nenhuma,Nao
Basico,Alta,Recente,Alto,Diminuiu,Alta,Medio,Nenhuma,Nao
Intermediario,Media,Recente,Alto,Aumentou,Media,Baixo,Ocasional,Nao
Premium,Baixa,Moderado,Baixo,Manteve,Baixa,Baixo,Ocasional,Sim
Basico,Alta,Recente,Baixo,Manteve,Alta,Alto,Nenhuma,Nao
Intermediario,Media,Moderado,Medio,Manteve,Alta,Alto,Nenhuma,Nao
Premium,Alta,Recente,Medio,Aumentou,Alta,Medio,Nenhuma,Nao
Premium,Alta,Moderado,Alto,Manteve,Alta,Medio,Nenhuma,Nao
Premium,Baixa,Longo,Baixo,Aumentou,Baixa,Baixo,Nenhuma,Sim
Intermediario,Media,Recente,Medio,Manteve,Alta,Alto,Nenhuma,Nao
Basico,Alta,Recente,Alto,Manteve,Alta,Alto,Nenhuma,Nao
Basico,Media,Moderado,Medio,Manteve,Media,Alto,Nenhuma,Nao
Basico,Alta,Recente,Medio,Diminuiu,Media,Alto,Nenhuma,Nao
Intermediario,Media,Recente,Medio,Manteve,Media,Alto,Nenhuma,Nao
Basico,Media,Moderado,Medio,Manteve,Media,Baixo,Recorrente,Sim
Intermediario,Media,Recente,Medio,Manteve,Media,Medio,Nenhuma,Sim
Intermediario,Baixa,Moderado,Baixo,Aumentou,Baixa,Baixo,Nenhuma,Sim
Intermediario,Media,Moderado,Medio,Manteve,Media,Baixo,Nenhuma,Nao
Intermediario,Baixa,Moderado,Baixo,Manteve,Alta,Medio,Nenhuma,Sim
Basico,Media,Moderado,Medio,Manteve,Media,Alto,Nenhuma,Nao
Premium,Baixa,Moderado,Medio,Diminuiu,Baixa,Baixo,Recorrente,Sim
Intermediario,Baixa,Moderado,Baixo,Aumentou,Alta,Alto,Nenhuma,Sim
Intermediario,Alta,Recente,Medio,Manteve,Alta,Alto,Nenhuma,Nao
Basico,Media,Recente,Medio,Manteve,Media,Alto,Nenhuma,Nao
Premium,Alta,Recente,Medio,Manteve,Alta,Alto,Nenhuma,Nao
Premium,Alta,Moderado,Alto,Aumentou,Alta,Medio,Nenhuma,Nao
Basico,Baixa,Moderado,Baixo,Diminuiu,Alta,Medio,Ocasional,Nao
Basico,Media,Recente,Medio,Manteve,Baixa,Alto,Nenhuma,Nao
Basico,Baixa,Moderado,Baixo,Manteve,Media,Medio,Nenhuma,Sim
Basico,Media,Recente,Baixo,Manteve,Media,Baixo,Nenhuma,Sim
Basico,Alta,Recente,Alto,Manteve,Alta,Alto,Nenhuma,Nao
Premium,Media,Moderado,Alto,Manteve,Alta,Alto,Nenhuma,Nao
Intermediario,Alta,Recente,Alto,Aumentou,Baixa,Alto,Nenhuma,Nao
Basico,Media,Recente,Medio,Manteve,Media,Medio,Nenhuma,Nao
Intermediario,Media,Recente,Medio,Manteve,Media,Medio,Nenhuma,Nao
Intermediario,Baixa,Moderado,Medio,Manteve,Baixa,Baixo,Nenhuma,Sim
Premium,Media,Recente,Baixo,Manteve,Alta,Medio,Recorrente,Nao
Basico,Media,Moderado,Medio,Manteve,Alta,Alto,Nenhuma,Nao
Premium,Alta,Recente,Alto,Aumentou,Alta,Alto,Nenhuma,Nao
Basico,Alta,Recente,Alto,Manteve,Alta,Alto,Nenhuma,Nao
Premium,Alta,Recente,Alto,Manteve,Media,Alto,Nenhuma,Nao
Intermediario,Baixa,Longo,Baixo,Aumentou,Media,Baixo,Recorrente,Sim
Basico,Alta,Recente,Medio,Aumentou,Baixa,Alto,Nenhuma,Sim
Basico,Media,Moderado,Baixo,Manteve,Media,Medio,Ocasional,Sim
Intermediario,Baixa,Longo,Baixo,Manteve,Alta,Medio,Nenhuma,Sim
Intermediario,Alta,Moderado,Medio,Aumentou,Alta,Medio,Nenhuma,Sim
Intermediario,Media,Recente,Medio,Manteve,Baixa,Alto,Nenhuma,Nao
Basico,Baixa,Moderado,Baixo,Aumentou,Baixa,Baixo,Nenhuma,Sim
Premium,Media,Recente,Medio,Aumentou,Baixa,Medio,Nenhuma,Sim
Intermediario,Alta,Recente,Alto,Manteve,Alta,Alto,Nenhuma,Nao
Basico,Media,Moderado,Medio,Aumentou,Baixa,Medio,Nenhuma,Sim
Premium,Alta,Recente,Alto,Manteve,Alta,Alto,Nenhuma,Nao
Basico,Media,Recente,Medio,Aumentou,Baixa,Baixo,Nenhuma,Sim
Basico,Alta,Recente,Alto,Manteve,Alta,Alto,Ocasional,Nao
Basico,Media,Longo,Baixo,Aumentou,Baixa,Alto,Nenhuma,Sim
Premium,Media,Recente,Alto,Manteve,Media,Medio,Nenhuma,Nao
Basico,Media,Recente,Medio,Manteve,Alta,Medio,Nenhuma,Nao
Basico,Baixa,Longo,Baixo,Manteve,Baixa,Baixo,Nenhuma,Sim
Premium,Alta,Recente,Alto,Aumentou,Baixa,Alto,Nenhuma,Nao
Basico,Media,Recente,Medio,Aumentou,Media,Alto,Ocasional,Nao
Basico,Media,Recente,Medio,Manteve,Media,Baixo,Ocasional,Nao
Intermediario,Media,Recente,Alto,Manteve,Media,Alto,Nenhuma,Nao
Basico,Media,Moderado,Baixo,Aumentou,Baixa,Baixo,Nenhuma,Sim
Premium,Alta,Recente,Alto,Diminuiu,Alta,Alto,Nenhuma,Nao
Basico,Baixa,Moderado,Baixo,Manteve,Baixa,Medio,Ocasional,Sim
Premium,Media,Recente,Medio,Manteve,Alta,Alto,Nenhuma,Nao
Basico,Alta,Recente,Alto,Manteve,Alta,Medio,Nenhuma,Nao
Basico,Baixa,Recente,Baixo,Manteve,Media,Medio,Nenhuma,Sim
Basico,Media,Moderado,Alto,Aumentou,Baixa,Medio,Nenhuma,Sim
Intermediario,Alta,Moderado,Medio,Manteve,Alta,Alto,Nenhuma,Nao
Intermediario,Alta,Recente,Alto,Manteve,Alta,Alto,Nenhuma,Nao
Basico,Baixa,Moderado,Baixo,Manteve,Media,Baixo,Recorrente,Sim
Basico,Media,Moderado,Baixo,Manteve,Media,Medio,Nenhuma,Sim
Basico,Media,Recente,Medio,Manteve,Baixa,Baixo,Nenhuma,Nao
Basico,Baixa,Moderado,Baixo,Manteve,Media,Medio,Nenhuma,Sim
Intermediario,Alta,Recente,Alto,Manteve,Alta,Medio,Ocasional,Nao
Basico,Baixa,Moderado,Baixo,Manteve,Baixa,Baixo,Ocasional,Sim
Intermediario,Media,Moderado,Medio,Aumentou,Baixa,Alto,Nenhuma,Sim
Basico,Media,Recente,Medio,Manteve,Media,Baixo,Nenhuma,Nao
Intermediario,Alta,Recente,Baixo,Aumentou,Alta,Medio,Nenhuma,Nao
Basico,Media,Recente,Medio,Aumentou,Media,Medio,Ocasional,Sim
Basico,Baixa,Moderado,Baixo,Aumentou,Baixa,Baixo,Nenhuma,Nao
Intermediario,Media,Recente,Baixo,Aumentou,Baixa,Medio,Nenhuma,Sim
Basico,Alta,Recente,Medio,Manteve,Baixa,Alto,Nenhuma,Nao
Intermediario,Baixa,Moderado,Baixo,Manteve,Alta,Alto,Ocasional,Nao
Basico,Media,Moderado,Medio,Manteve,Baixa,Medio,Ocasional,Sim
Intermediario,Media,Longo,Alto,Manteve,Alta,Medio,Nenhuma,Nao
Intermediario,Alta,Recente,Alto,Aumentou,Baixa,Medio,Nenhuma,Nao
Basico,Media,Moderado,Medio,Diminuiu,Media,Medio,Ocasional,Nao
Intermediario,Media,Recente,Medio,Aumentou,Alta,Alto,Recorrente,Nao
Intermediario,Baixa,Longo,Medio,Aumentou,Baixa,Medio,Nenhuma,Sim
Basico,Media,Moderado,Medio,Manteve,Media,Medio,Nenhuma,Nao
Premium,Media,Recente,Medio,Manteve,Alta,Alto,Nenhuma,Nao
Basico,Alta,Recente,Alto,Aumentou,Baixa,Medio,Nenhuma,Nao
Intermediario,Alta,Recente,Alto,Manteve,Baixa,Medio,Nenhuma,Nao
Basico,Baixa,Longo,Baixo,Manteve,Baixa,Baixo,Nenhuma,Sim
Intermediario,Alta,Recente,Alto,Aumentou,Alta,Alto,Nenhuma,Nao
Basico,Media,Moderado,Baixo,Aumentou,Baixa,Medio,Recorrente,Sim
Basico,Media,Recente,Baixo,Manteve,Baixa,Baixo,Nenhuma,Sim
Intermediario,Media,Recente,Medio,Manteve,Media,Baixo,Ocasional,Sim
Basico,Media,Moderado,Alto,Manteve,Media,Baixo,Nenhuma,Sim
Intermediario,Media,Moderado,Baixo,Manteve,Alta,Alto,Nenhuma,Nao
Basico,Alta,Recente,Alto,Aumentou,Baixa,Medio,Nenhuma,Nao
Intermediario,Media,Recente,Medio,Aumentou,Alta,Alto,Nenhuma,Nao
Basico,Media,Recente,Medio,Manteve,Alta,Medio,Nenhuma,Sim
Basico,Baixa,Longo,Baixo,Manteve,Media,Medio,Nenhuma,Sim
Intermediario,Alta,Recente,Alto,Manteve,Media,Medio,Nenhuma,Sim
Basico,Alta,Recente,Alto,Manteve,Alta,Medio,Nenhuma,Nao
Premium,Alta,Recente,Alto,Diminuiu,Alta,Alto,Nenhuma,Nao
Basico,Alta,Recente,Medio,Manteve,Alta,Alto,Recorrente,Nao
Basico,Baixa,Longo,Baixo,Manteve,Alta,Medio,Nenhuma,Sim
Basico,Media,Recente,Baixo,Manteve,Media,Medio,Nenhuma,Sim
Premium,Alta,Longo,Alto,Aumentou,Alta,Alto,Ocasional,Nao
Basico,Media,Recente,Medio,Diminuiu,Media,Medio,Nenhuma,Nao
Basico,Baixa,Moderado,Baixo,Manteve,Media,Baixo,Ocasional,Sim
Basico,Baixa,Longo,Baixo,Manteve,Media,Medio,Nenhuma,Sim
Premium,Alta,Recente,Medio,Manteve,Alta,Alto,Nenhuma,Nao
Basico,Alta,Recente,Alto,Diminuiu,Alta,Alto,Nenhuma,Nao
Basico,Media,Moderado,Baixo,Manteve,Baixa,Alto,Recorrente,Sim
Basico,Alta,Recente,Alto,Manteve,Alta,Alto,Nenhuma,Nao
Basico,Media,Recente,Medio,Manteve,Alta,Alto,Nenhuma,Nao
Intermediario,Media,Moderado,Medio,Manteve,Alta,Alto,Nenhuma,Sim
Basico,Media,Recente,Baixo,Manteve,Media,Alto,Ocasional,Sim
Intermediario,Media,Recente,Medio,Manteve,Media,Alto,Nenhuma,Nao
Intermediario,Media,Moderado,Baixo,Manteve,Alta,Medio,Nenhuma,Sim
Intermediario,Media,Moderado,Baixo,Manteve,Media,Medio,Nenhuma,Sim
Basico,Baixa,Moderado,Baixo,Manteve,Media,Medio,Ocasional,Sim
Intermediario,Media,Recente,Medio,Manteve,Media,Alto,Nenhuma,Nao
Premium,Alta,Recente,Alto,Aumentou,Alta,Medio,Nenhuma,Nao
Premium,Alta,Recente,Alto,Aumentou,Baixa,Alto,Nenhuma,Sim
Basico,Baixa,Moderado,Baixo,Manteve,Baixa,Medio,Ocasional,Sim
Basico,Media,Recente,Medio,Manteve,Baixa,Medio,Nenhuma,Sim
Intermediario,Media,Recente,Baixo,Aumentou,Alta,Medio,Nenhuma,Nao
Intermediario,Baixa,Moderado,Baixo,Manteve,Media,Baixo,Nenhuma,Sim
Premium,Media,Recente,Medio,Manteve,Alta,Medio,Nenhuma,Nao
Intermediario,Alta,Recente,Medio,Manteve,Alta,Alto,Recorrente,Sim
Intermediario,Alta,Recente,Alto,Aumentou,Baixa,Medio,Nenhuma,Nao
Premium,Baixa,Moderado,Baixo,Manteve,Media,Baixo,Nenhuma,Nao
Intermediario,Alta,Recente,Medio,Aumentou,Alta,Baixo,Nenhuma,Sim
Basico,Media,Longo,Baixo,Manteve,Baixa,Alto,Ocasional,Sim
Basico,Baixa,Moderado,Baixo,Manteve,Media,Baixo,Nenhuma,Sim
Basico,Baixa,Longo,Baixo,Manteve,Baixa,Medio,Nenhuma,Sim
Basico,Media,Recente,Medio,Aumentou,Baixa,Baixo,Nenhuma,Sim
Premium,Baixa,Moderado,Baixo,Manteve,Baixa,Baixo,Ocasional,Sim
Intermediario,Alta,Recente,Baixo,Aumentou,Alta,Alto,Nenhuma,Nao
Premium,Media,Recente,Medio,Aumentou,Media,Medio,Nenhuma,Nao
Intermediario,Alta,Recente,Medio,Manteve,Baixa,Baixo,Nenhuma,Sim
Basico,Alta,Recente,Baixo,Manteve,Media,Alto,Nenhuma,Nao
Basico,Alta,Recente,Alto,Manteve,Media,Medio,Nenhuma,Nao
Basico,Baixa,Recente,Baixo,Aumentou,Baixa,Medio,Nenhuma,Sim
Basico,Media,Recente,Alto,Aumentou,Baixa,Medio,Nenhuma,Sim
Basico,Media,Longo,Baixo,Manteve,Alta,Baixo,Ocasional,Sim
Basico,Media,Recente,Medio,Aumentou,Baixa,Medio,Nenhuma,Sim
Premium,Alta,Recente,Alto,Manteve,Alta,Alto,Nenhuma,Nao
Intermediario,Alta,Recente,Alto,Manteve,Alta,Alto,Nenhuma,Nao
Intermediario,Media,Moderado,Medio,Diminuiu,Media,Baixo,Nenhuma,Sim
Premium,Alta,Moderado,Medio,Manteve,Media,Alto,Nenhuma,Nao
Intermediario,Alta,Recente,Alto,Aumentou,Baixa,Alto,Nenhuma,Nao
Intermediario,Alta,Recente,Alto,Manteve,Alta,Alto,Nenhuma,Nao
Intermediario,Baixa,Moderado,Baixo,Aumentou,Baixa,Medio,Nenhuma,Sim
Intermediario,Media,Recente,Baixo,Manteve,Alta,Alto,Nenhuma,Nao
Intermediario,Alta,Recente,Alto,Aumentou,Alta,Alto,Nenhuma,Nao
Basico,Baixa,Recente,Medio,Manteve,Alta,Alto,Nenhuma,Nao
Premium,Baixa,Moderado,Baixo,Diminuiu,Baixa,Alto,Ocasional,Sim
Intermediario,Alta,Recente,Alto,Manteve,Alta,Alto,Nenhuma,Nao
Basico,Alta,Recente,Medio,Manteve,Media,Medio,Nenhuma,Nao
Intermediario,Alta,Recente,Alto,Diminuiu,Alta,Alto,Nenhuma,Nao
Intermediario,Alta,Recente,Alto,Manteve,Alta,Alto,Nenhuma,Nao
Basico,Media,Recente,Baixo,Manteve,Baixa,Medio,Nenhuma,Nao
Premium,Alta,Recente,Medio,Manteve,Media,Alto,Nenhuma,Nao
Intermediario,Alta,Recente,Alto,Manteve,Alta,Alto,Nenhuma,Nao
Premium,Alta,Recente,Alto,Manteve,Alta,Medio,Nenhuma,Nao
Intermediario,Media,Recente,Baixo,Manteve,Media,Medio,Recorrente,Nao
Basico,Media,Recente,Medio,Aumentou,Baixa,Baixo,Nenhuma,Sim
Basico,Alta,Recente,Baixo,Manteve,Media,Alto,Nenhuma,Nao
Intermediario,Alta,Recente,Alto,Manteve,Baixa,Medio,Ocasional,Nao
Intermediario,Baixa,Longo,Baixo,Aumentou,Baixa,Baixo,Ocasional,Sim
Intermediario,Alta,Recente,Alto,Manteve,Alta,Alto,Nenhuma,Nao
Intermediario,Alta,Recente,Alto,Manteve,Media,Medio,Ocasional,Nao
Intermediario,Alta,Recente,Medio,Manteve,Media,Alto,Nenhuma,Nao
Basico,Media,Moderado,Medio,Manteve,Alta,Alto,Nenhuma,Nao
Premium,Alta,Recente,Alto,Manteve,Alta,Alto,Nenhuma,Nao
Basico,Alta,Recente,Alto,Manteve,Alta,Alto,Recorrente,Nao
Basico,Media,Recente,Medio,Manteve,Baixa,Baixo,Ocasional,Sim
Intermediario,Media,Recente,Medio,Manteve,Media,Medio,Nenhuma,Nao
Intermediario,Baixa,Longo,Baixo,Manteve,Baixa,Baixo,Ocasional,Sim
Basico,Alta,Recente,Alto,Manteve,Alta,Baixo,Nenhuma,Nao
Intermediario,Baixa,Longo,Baixo,Manteve,Baixa,Medio,Ocasional,Sim
Intermediario,Alta,Recente,Medio,Manteve,Alta,Alto,Nenhuma,Nao
Basico,Alta,Recente,Medio,Manteve,Media,Alto,Nenhuma,Nao
Premium,Media,Recente,Medio,Manteve,Media,Alto,Nenhuma,Nao
Basico,Alta,Recente,Alto,Diminuiu,Alta,Alto,Nenhuma,Nao
Intermediario,Media,Longo,Medio,Manteve,Media,Alto,Nenhuma,Nao
Intermediario,Media,Recente,Medio,Aumentou,Baixa,Alto,Nenhuma,Nao
Premium,Alta,Recente,Alto,Manteve,Alta,Alto,Nenhuma,Nao
Intermediario,Media,Moderado,Alto,Manteve,Media,Alto,Nenhuma,Nao
Basico,Alta,Recente,Baixo,Manteve,Alta,Alto,Nenhuma,Nao
Premium,Baixa,Moderado,Baixo,Aumentou,Baixa,Baixo,Nenhuma,Sim
Premium,Alta,Recente,Alto,Aumentou,Alta,Alto,Nenhuma,Nao
Basico,Alta,Recente,Medio,Manteve,Media,Baixo,Nenhuma,Nao
Premium,Alta,Recente,Alto,Manteve,Alta,Alto,Nenhuma,Nao
Intermediario,Alta,Recente,Medio,Aumentou,Media,Medio,Ocasional,Nao
Basico,Baixa,Longo,Baixo,Manteve,Media,Baixo,Recorrente,Sim
Basico,Alta,Recente,Medio,Manteve,Baixa,Medio,Nenhuma,Sim
Intermediario,Media,Recente,Medio,Aumentou,Baixa,Medio,Ocasional,Nao
Intermediario,Media,Moderado,Medio,Aumentou,Media,Medio,Nenhuma,Sim
Intermediario,Alta,Moderado,Alto,Manteve,Alta,Alto,Nenhuma,Sim
Intermediario,Baixa,Longo,Baixo,Manteve,Baixa,Alto,Recorrente,Sim
Basico,Baixa,Moderado,Baixo,Manteve,Baixa,Baixo,Ocasional,Sim
Basico,Alta,Recente,Alto,Manteve,Media,Baixo,Nenhuma,Nao
Basico,Media,Moderado,Baixo,Manteve,Media,Alto,Nenhuma,Nao
Basico,Baixa,Longo,Baixo,Manteve,Media,Baixo,Ocasional,Sim
Intermediario,Media,Recente,Medio,Aumentou,Media,Baixo,Nenhuma,Nao
Basico,Alta,Recente,Alto,Manteve,Media,Medio,Nenhuma,Nao
Intermediario,Baixa,Moderado,Baixo,Aumentou,Media,Baixo,Nenhuma,Sim
Intermediario,Alta,Recente,Medio,Aumentou,Baixa,Alto,Nenhuma,Nao
Premium,Alta,Recente,Alto,Manteve,Media,Alto,Nenhuma,Nao
Intermediario,Alta,Recente,Alto,Manteve,Media,Alto,Nenhuma,Nao
Basico,Media,Longo,Medio,Manteve,Alta,Alto,Nenhuma,Nao
Basico,Baixa,Moderado,Baixo,Manteve,Media,Baixo,Nenhuma,Sim
Intermediario,Baixa,Longo,Baixo,Aumentou,Baixa,Medio,Ocasional,Sim
Intermediario,Media,Moderado,Baixo,Manteve,Media,Alto,Nenhuma,Sim
Premium,Baixa,Longo,Baixo,Manteve,Baixa,Baixo,Nenhuma,Sim
Basico,Baixa,Longo,Baixo,Manteve,Alta,Baixo,Nenhuma,Sim
Basico,Media,Longo,Medio,Manteve,Baixa,Medio,Nenhuma,Sim
Intermediario,Alta,Recente,Alto,Aumentou,Baixa,Alto,Nenhuma,Nao
Intermediario,Media,Recente,Medio,Manteve,Alta,Alto,Recorrente,Nao
Intermediario,Alta,Recente,Alto,Aumentou,Media,Alto,Nenhuma,Nao
Premium,Alta,Recente,Medio,Manteve,Media,Medio,Nenhuma,Nao
Basico,Media,Moderado,Medio,Manteve,Media,Alto,Ocasional,Nao
Intermediario,Media,Recente,Medio,Manteve,Alta,Alto,Ocasional,Nao
Premium,Alta,Longo,Alto,Manteve,Media,Medio,Nenhuma,Sim
Basico,Media,Recente,Medio,Manteve,Media,Medio,Ocasional,Nao
Basico,Alta,Recente,Baixo,Manteve,Alta,Medio,Nenhuma,Nao
Basico,Baixa,Longo,Baixo,Manteve,Media,Medio,Ocasional,Sim
Basico,Alta,Recente,Alto,Manteve,Alta,Alto,Nenhuma,Nao
Basico,Alta,Recente,Medio,Manteve,Media,Medio,Nenhuma,Nao
Premium,Baixa,Longo,Alto,Manteve,Baixa,Medio,Nenhuma,Sim
Basico,Media,Recente,Medio,Manteve,Alta,Baixo,Ocasional,Nao
Intermediario,Alta,Recente,Alto,Aumentou,Alta,Alto,Nenhuma,Nao
Basico,Media,Moderado,Medio,Manteve,Media,Alto,Nenhuma,Sim
Basico,Media,Moderado,Medio,Manteve,Baixa,Baixo,Nenhuma,Sim
Intermediario,Baixa,Recente,Baixo,Manteve,Media,Baixo,Recorrente,Sim
Premium,Media,Recente,Medio,Manteve,Media,Medio,Nenhuma,Nao
Premium,Media,Moderado,Medio,Manteve,Alta,Alto,Nenhuma,Nao
Basico,Media,Recente,Medio,Manteve,Media,Medio,Nenhuma,Nao
Intermediario,Alta,Recente,Alto,Manteve,Media,Alto,Nenhuma,Nao
Basico,Media,Recente,Medio,Aumentou,Baixa,Alto,Nenhuma,Sim
Premium,Baixa,Longo,Baixo,Aumentou,Baixa,Baixo,Nenhuma,Sim
Intermediario,Alta,Recente,Alto,Manteve,Alta,Alto,Nenhuma,Nao
Intermediario,Alta,Recente,Medio,Manteve,Media,Alto,Nenhuma,Nao
Basico,Baixa,Moderado,Baixo,Manteve,Baixa,Baixo,Ocasional,Sim
Basico,Media,Moderado,Medio,Manteve,Media,Medio,Ocasional,Sim
Basico,Alta,Recente,Alto,Manteve,Alta,Alto,Nenhuma,Nao
Basico,Baixa,Longo,Baixo,Aumentou,Baixa,Baixo,Nenhuma,Sim
Basico,Alta,Recente,Alto,Aumentou,Media,Medio,Recorrente,Nao
Basico,Media,Recente,Alto,Aumentou,Baixa,Medio,Nenhuma,Sim
Basico,Alta,Recente,Alto,Manteve,Alta,Alto,Nenhuma,Nao
Premium,Media,Recente,Medio,Manteve,Alta,Medio,Nenhuma,Nao
Basico,Baixa,Recente,Baixo,Manteve,Baixa,Medio,Ocasional,Sim
Basico,Alta,Longo,Alto,Aumentou,Baixa,Medio,Nenhuma,Sim
Intermediario,Alta,Recente,Medio,Manteve,Media,Baixo,Nenhuma,Nao
Premium,Media,Recente,Medio,Aumentou,Media,Baixo,Nenhuma,Nao
Intermediario,Baixa,Moderado,Baixo,Manteve,Alta,Medio,Ocasional,Sim
Basico,Alta,Recente,Baixo,Manteve,Media,Medio,Nenhuma,Sim
Premium,Baixa,Longo,Baixo,Manteve,Media,Baixo,Recorrente,Sim
Intermediario,Alta,Recente,Alto,Manteve,Alta,Alto,Nenhuma,Nao
Basico,Media,Moderado,Medio,Manteve,Media,Alto,Recorrente,Sim
Intermediario,Alta,Recente,Alto,Manteve,Alta,Medio,Ocasional,Sim
Basico,Baixa,Longo,Baixo,Manteve,Media,Medio,Recorrente,Sim
Basico,Alta,Recente,Alto,Manteve,Media,Baixo,Nenhuma,Sim
Intermediario,Media,Recente,Baixo,Manteve,Media,Alto,Nenhuma,Nao
Intermediario,Baixa,Moderado,Baixo,Manteve,Media,Medio,Ocasional,Nao
Premium,Media,Moderado,Medio,Diminuiu,Baixa,Medio,Nenhuma,Sim
Premium,Media,Recente,Alto,Manteve,Media,Alto,Nenhuma,Nao
Intermediario,Alta,Recente,Alto,Aumentou,Media,Medio,Nenhuma,Nao
Basico,Media,Moderado,Baixo,Manteve,Baixa,Medio,Ocasional,Sim
Basico,Media,Recente,Medio,Aumentou,Alta,Medio,Nenhuma,Nao
Premium,Media,Moderado,Medio,Manteve,Media,Medio,Nenhuma,Nao
Intermediario,Alta,Recente,Alto,Manteve,Alta,Alto,Nenhuma,Nao
Intermediario,Alta,Recente,Medio,Aumentou,Media,Alto,Nenhuma,Nao
Basico,Media,Recente,Medio,Manteve,Media,Medio,Ocasional,Sim
Basico,Baixa,Moderado,Baixo,Manteve,Media,Medio,Nenhuma,Nao
Premium,Media,Recente,Medio,Manteve,Alta,Alto,Nenhuma,Nao
Intermediario,Media,Moderado,Medio,Aumentou,Baixa,Alto,Nenhuma,Sim
Basico,Alta,Recente,Alto,Manteve,Alta,Alto,Recorrente,Nao
Basico,Baixa,Longo,Medio,Manteve,Media,Baixo,Ocasional,Sim
Intermediario,Alta,Recente,Alto,Manteve,Media,Alto,Nenhuma,Nao
Intermediario,Media,Recente,Medio,Aumentou,Alta,Alto,Ocasional,Nao
Intermediario,Media,Recente,Baixo,Manteve,Media,Medio,Nenhuma,Nao
Intermediario,Media,Recente,Baixo,Manteve,Baixa,Baixo,Nenhuma,Sim
Premium,Alta,Recente,Alto,Manteve,Media,Alto,Nenhuma,Nao
Premium,Media,Recente,Medio,Aumentou,Alta,Alto,Nenhuma,Nao
Intermediario,Media,Recente,Baixo,Manteve,Alta,Alto,Nenhuma,Nao
Basico,Media,Recente,Medio,Diminuiu,Media,Alto,Nenhuma,Nao
Basico,Media,Moderado,Medio,Manteve,Media,Alto,Nenhuma,Nao
Intermediario,Alta,Recente,Alto,Aumentou,Alta,Medio,Nenhuma,Sim
Intermediario,Alta,Recente,Medio,Manteve,Alta,Medio,Nenhuma,Nao
Basico,Media,Recente,Baixo,Manteve,Media,Alto,Ocasional,Sim
Basico,Baixa,Moderado,Baixo,Manteve,Baixa,Baixo,Nenhuma,Sim
Premium,Alta,Recente,Alto,Aumentou,Media,Medio,Nenhuma,Nao
Intermediario,Baixa,Longo,Medio,Manteve,Media,Alto,Nenhuma,Nao
Premium,Alta,Recente,Alto,Manteve,Alta,Medio,Ocasional,Nao
Intermediario,Alta,Recente,Alto,Manteve,Alta,Medio,Nenhuma,Nao
Intermediario,Media,Moderado,Medio,Manteve,Media,Medio,Nenhuma,Nao
Intermediario,Media,Moderado,Medio,Manteve,Media,Medio,Nenhuma,Sim
Basico,Media,Moderado,Baixo,Manteve,Baixa,Medio,Nenhuma,Sim
Premium,Baixa,Longo,Alto,Manteve,Baixa,Baixo,Nenhuma,Sim
Basico,Media,Moderado,Medio,Aumentou,Alta,Alto,Nenhuma,Sim
Intermediario,Alta,Recente,Alto,Manteve,Alta,Alto,Nenhuma,Nao
Intermediario,Alta,Recente,Medio,Manteve,Alta,Alto,Nenhuma,Nao
Premium,Media,Moderado,Medio,Aumentou,Baixa,Medio,Nenhuma,Nao
Basico,Media,Moderado,Baixo,Aumentou,Baixa,Baixo,Nenhuma,Sim
Basico,Alta,Recente,Alto,Manteve,Media,Medio,Nenhuma,Nao
Intermediario,Media,Moderado,Medio,Aumentou,Media,Medio,Nenhuma,Nao
Basico,Media,Moderado,Medio,Manteve,Media,Baixo,Nenhuma,Nao
Premium,Alta,Recente,Medio,Manteve,Media,Medio,Nenhuma,Nao
Basico,Alta,Recente,Alto,Aumentou,Baixa,Alto,Ocasional,Nao
Premium,Baixa,Moderado,Medio,Manteve,Media,Alto,Nenhuma,Nao
Basico,Alta,Recente,Medio,Manteve,Alta,Alto,Nenhuma,Nao
Premium,Media,Moderado,Medio,Manteve,Media,Alto,Nenhuma,Nao
Premium,Media,Longo,Alto,Aumentou,Media,Baixo,Nenhuma,Nao
Intermediario,Media,Recente,Baixo,Manteve,Media,Alto,Nenhuma,Nao
Intermediario,Media,Moderado,Baixo,Aumentou,Media,Baixo,Nenhuma,Sim
Basico,Baixa,Longo,Baixo,Aumentou,Baixa,Medio,Nenhuma,Sim
Basico,Baixa,Moderado,Baixo,Aumentou,Baixa,Medio,Nenhuma,Sim
Premium,Alta,Recente,Medio,Aumentou,Baixa,Medio,Ocasional,Sim
Intermediario,Alta,Recente,Alto,Manteve,Alta,Alto,Nenhuma,Nao
Basico,Media,Recente,Medio,Manteve,Baixa,Alto,Nenhuma,Nao
Intermediario,Media,Recente,Medio,Aumentou,Media,Medio,Ocasional,Sim
Basico,Media,Recente,Medio,Manteve,Baixa,Baixo,Nenhuma,Nao
Premium,Alta,Recente,Alto,Manteve,Alta,Medio,Nenhuma,Nao
Premium,Media,Recente,Medio,Manteve,Alta,Alto,Nenhuma,Nao
Basico,Alta,Recente,Alto,Manteve,Alta,Medio,Nenhuma,Nao
Basico,Media,Recente,Medio,Aumentou,Baixa,Alto,Ocasional,Nao
Basico,Media,Moderado,Medio,Manteve,Media,Medio,Nenhuma,Nao
Basico,Baixa,Recente,Baixo,Manteve,Media,Alto,Nenhuma,Sim
Basico,Baixa,Recente,Medio,Aumentou,Baixa,Baixo,Recorrente,Sim
Basico,Baixa,Longo,Baixo,Aumentou,Baixa,Alto,Nenhuma,Sim
Intermediario,Alta,Recente,Alto,Manteve,Alta,Medio,Nenhuma,Nao
Basico,Alta,Recente,Medio,Manteve,Alta,Alto,Nenhuma,Nao
Intermediario,Media,Moderado,Baixo,Manteve,Alta,Medio,Nenhuma,Nao
Basico,Media,Recente,Medio,Diminuiu,Baixa,Medio,Ocasional,Sim
Intermediario,Media,Recente,Baixo,Manteve,Media,Alto,Ocasional,Nao
Intermediario,Alta,Recente,Alto,Manteve,Alta,Medio,Nenhuma,Nao
Intermediario,Media,Moderado,Medio,Manteve,Baixa,Alto,Nenhuma,Sim
Premium,Alta,Recente,Alto,Manteve,Media,Alto,Nenhuma,Nao
Basico,Media,Moderado,Medio,Manteve,Media,Alto,Nenhuma,Nao
Basico,Media,Recente,Baixo,Manteve,Media,Medio,Ocasional,Nao
Intermediario,Alta,Recente,Alto,Aumentou,Baixa,Baixo,Nenhuma,Sim
Premium,Alta,Recente,Alto,Manteve,Media,Medio,Recorrente,Nao
Basico,Baixa,Moderado,Medio,Manteve,Media,Alto,Nenhuma,Nao
Intermediario,Baixa,Moderado,Baixo,Aumentou,Baixa,Medio,Nenhuma,Sim
Intermediario,Media,Recente,Baixo,Manteve,Alta,Medio,Nenhuma,Nao
Premium,Alta,Recente,Alto,Aumentou,Media,Alto,Ocasional,Nao
Basico,Alta,Recente,Alto,Aumentou,Baixa,Medio,Nenhuma,Nao
Premium,Baixa,Moderado,Baixo,Manteve,Alta,Medio,Ocasional,Sim
Premium,Alta,Moderado,Alto,Aumentou,Alta,Alto,Nenhuma,Nao
Intermediario,Alta,Recente,Alto,Manteve,Alta,Alto,Nenhuma,Nao
Intermediario,Alta,Recente,Alto,Manteve,Baixa,Baixo,Nenhuma,Nao
Basico,Media,Recente,Medio,Aumentou,Baixa,Baixo,Nenhuma,Sim
Intermediario,Media,Recente,Alto,Manteve,Media,Alto,Nenhuma,Nao
Basico,Media,Recente,Baixo,Manteve,Media,Medio,Nenhuma,Nao
Intermediario,Alta,Recente,Alto,Aumentou,Alta,Alto,Nenhuma,Nao
Intermediario,Baixa,Recente,Baixo,Aumentou,Baixa,Baixo,Nenhuma,Sim
Basico,Media,Moderado,Medio,Manteve,Baixa,Alto,Nenhuma,Sim
Intermediario,Baixa,Moderado,Baixo,Manteve,Media,Medio,Nenhuma,Sim
Intermediario,Baixa,Recente,Baixo,Aumentou,Baixa,Medio,Nenhuma,Sim
Basico,Alta,Recente,Alto,Manteve,Alta,Alto,Nenhuma,Nao
Premium,Alta,Recente,Alto,Manteve,Alta,Alto,Nenhuma,Nao
Basico,Baixa,Longo,Baixo,Aumentou,Baixa,Medio,Nenhuma,Sim
Intermediario,Alta,Recente,Medio,Manteve,Alta,Alto,Nenhuma,Nao
Premium,Media,Recente,Medio,Manteve,Alta,Baixo,Ocasional,Nao
Intermediario,Media,Moderado,Medio,Manteve,Media,Medio,Ocasional,Sim
Basico,Alta,Recente,Alto,Aumentou,Alta,Alto,Nenhuma,Nao
Basico,Media,Recente,Medio,Aumentou,Alta,Alto,Nenhuma,Nao
Intermediario,Alta,Recente,Alto,Manteve,Alta,Alto,Nenhuma,Nao
Premium,Alta,Recente,Alto,Manteve,Alta,Alto,Nenhuma,Nao
Premium,Alta,Recente,Alto,Diminuiu,Alta,Alto,Nenhuma,Nao
Intermediario,Alta,Recente,Alto,Manteve,Alta,Alto,Nenhuma,Nao
Basico,Media,Moderado,Alto,Manteve,Media,Alto,Recorrente,Sim
Basico,Baixa,Recente,Baixo,Manteve,Baixa,Baixo,Nenhuma,Sim
Basico,Alta,Recente,Alto,Manteve,Media,Medio,Nenhuma,Nao
Intermediario,Baixa,Moderado,Baixo,Manteve,Media,Alto,Nenhuma,Sim
Basico,Alta,Recente,Alto,Manteve,Media,Medio,Nenhuma,Nao
Intermediario,Alta,Recente,Alto,Manteve,Alta,Medio,Nenhuma,Nao
Basico,Media,Recente,Medio,Manteve,Alta,Alto,Nenhuma,Nao
Intermediario,Baixa,Moderado,Baixo,Manteve,Baixa,Medio,Recorrente,Sim
Intermediario,Baixa,Longo,Medio,Manteve,Media,Medio,Nenhuma,Sim
Basico,Alta,Recente,Medio,Aumentou,Baixa,Alto,Nenhuma,Sim
Premium,Media,Moderado,Alto,Aumentou,Alta,Medio,Ocasional,Sim
Intermediario,Media,Recente,Medio,Manteve,Alta,Alto,Nenhuma,Nao
Basico,Media,Moderado,Medio,Manteve,Alta,Alto,Nenhuma,Nao
Basico,Alta,Recente,Alto,Manteve,Alta,Alto,Nenhuma,Nao
Intermediario,Alta,Recente,Alto,Manteve,Alta,Alto,Nenhuma,Nao
Basico,Media,Moderado,Medio,Manteve,Alta,Alto,Nenhuma,Nao
Intermediario,Alta,Recente,Alto,Manteve,Alta,Alto,Nenhuma,Nao
Premium,Alta,Recente,Alto,Aumentou,Alta,Baixo,Ocasional,Nao
Basico,Media,Recente,Medio,Manteve,Baixa,Medio,Ocasional,Sim
Basico,Alta,Recente,Alto,Manteve,Media,Alto,Recorrente,Nao
Intermediario,Alta,Recente,Baixo,Manteve,Media,Alto,Nenhuma,Nao
Basico,Alta,Recente,Alto,Manteve,Media,Medio,Ocasional,Nao
Intermediario,Alta,Recente,Alto,Aumentou,Media,Alto,Nenhuma,Nao
Basico,Alta,Recente,Alto,Aumentou,Alta,Alto,Nenhuma,Nao
Premium,Baixa,Moderado,Baixo,Manteve,Baixa,Medio,Nenhuma,Nao
Basico,Media,Recente,Medio,Aumentou,Media,Medio,Ocasional,Sim
Intermediario,Alta,Recente,Alto,Aumentou,Baixa,Alto,Nenhuma,Sim
Basico,Media,Recente,Alto,Manteve,Alta,Medio,Ocasional,Nao
Intermediario,Media,Moderado,Medio,Manteve,Media,Medio,Nenhuma,Nao
Premium,Alta,Recente,Alto,Aumentou,Baixa,Alto,Nenhuma,Nao
Intermediario,Media,Longo,Medio,Manteve,Alta,Medio,Nenhuma,Sim
Intermediario,Alta,Recente,Baixo,Manteve,Alta,Alto,Ocasional,Nao
Basico,Baixa,Moderado,Baixo,Manteve,Media,Baixo,Ocasional,Sim
Basico,Media,Recente,Medio,Manteve,Baixa,Baixo,Recorrente,Sim
Intermediario,Alta,Recente,Alto,Aumentou,Alta,Alto,Nenhuma,Nao
Basico,Media,Recente,Medio,Manteve,Media,Medio,Ocasional,Sim
Basico,Alta,Recente,Baixo,Manteve,Baixa,Alto,Nenhuma,Sim
Intermediario,Media,Moderado,Alto,Manteve,Baixa,Baixo,Ocasional,Sim
Intermediario,Media,Recente,Baixo,Aumentou,Alta,Medio,Nenhuma,Nao
Basico,Baixa,Longo,Baixo,Manteve,Media,Medio,Ocasional,Sim
Basico,Baixa,Moderado,Baixo,Manteve,Media,Medio,Nenhuma,Sim
Basico,Alta,Recente,Alto,Manteve,Media,Alto,Nenhuma,Nao
Basico,Alta,Recente,Baixo,Aumentou,Baixa,Baixo,Nenhuma,Sim
Basico,Baixa,Recente,Baixo,Aumentou,Baixa,Alto,Nenhuma,Sim
Intermediario,Alta,Recente,Alto,Manteve,Alta,Medio,Nenhuma,Nao
Premium,Alta,Moderado,Alto,Manteve,Alta,Medio,Nenhuma,Nao
Intermediario,Alta,Recente,Alto,Aumentou,Alta,Medio,Nenhuma,Nao
Premium,Media,Recente,Medio,Manteve,Alta,Alto,Nenhuma,Nao
Basico,Media,Moderado,Medio,Manteve,Baixa,Alto,Nenhuma,Nao
Basico,Alta,Recente,Medio,Aumentou,Baixa,Medio,Nenhuma,Sim
Premium,Alta,Moderado,Alto,Diminuiu,Alta,Alto,Nenhuma,Nao
Premium,Media,Recente,Medio,Manteve,Alta,Medio,Nenhuma,Nao
Basico,Baixa,Longo,Medio,Manteve,Baixa,Baixo,Ocasional,Sim
Intermediario,Baixa,Recente,Baixo,Diminuiu,Media,Alto,Ocasional,Nao
Basico,Media,Moderado,Medio,Manteve,Alta,Alto,Nenhuma,Nao
Basico,Baixa,Longo,Medio,Manteve,Baixa,Medio,Nenhuma,Sim
Premium,Baixa,Moderado,Baixo,Aumentou,Alta,Medio,Ocasional,Nao
Intermediario,Alta,Recente,Medio,Aumentou,Baixa,Alto,Nenhuma,Nao
Basico,Media,Recente,Baixo,Aumentou,Alta,Medio,Nenhuma,Nao
Basico,Alta,Recente,Medio,Aumentou,Media,Alto,Nenhuma,Sim
Basico,Media,Recente,Medio,Aumentou,Media,Medio,Ocasional,Nao
Intermediario,Media,Recente,Medio,Manteve,Alta,Alto,Nenhuma,Nao
Premium,Alta,Recente,Alto,Manteve,Alta,Medio,Ocasional,Nao
Basico,Media,Longo,Medio,Manteve,Alta,Alto,Nenhuma,Nao
Premium,Alta,Moderado,Alto,Manteve,Alta,Alto,Ocasional,Nao
Intermediario,Alta,Recente,Alto,Aumentou,Media,Medio,Nenhuma,Nao
Intermediario,Baixa,Longo,Baixo,Aumentou,Baixa,Baixo,Nenhuma,Sim
Premium,Baixa,Recente,Baixo,Manteve,Media,Medio,Ocasional,Nao
Intermediario,Media,Moderado,Medio,Manteve,Media,Baixo,Nenhuma,Nao
Basico,Alta,Recente,Alto,Manteve,Media,Alto,Ocasional,Nao
Basico,Media,Recente,Medio,Manteve,Alta,Baixo,Nenhuma,Sim
Basico,Media,Recente,Medio,Aumentou,Baixa,Baixo,Nenhuma,Sim
Basico,Baixa,Moderado,Baixo,Manteve,Baixa,Medio,Ocasional,Sim
Premium,Baixa,Longo,Baixo,Manteve,Media,Baixo,Ocasional,Sim
Intermediario,Media,Moderado,Alto,Aumentou,Alta,Alto,Nenhuma,Nao
Basico,Baixa,Longo,Baixo,Manteve,Baixa,Baixo,Ocasional,Sim
Intermediario,Alta,Recente,Medio,Manteve,Alta,Alto,Nenhuma,Nao
Intermediario,Alta,Recente,Baixo,Manteve,Alta,Alto,Nenhuma,Nao
Intermediario,Baixa,Moderado,Medio,Aumentou,Media,Medio,Ocasional,Sim
Premium,Baixa,Moderado,Baixo,Aumentou,Baixa,Baixo,Nenhuma,Sim
Basico,Alta,Recente,Alto,Aumentou,Baixa,Alto,Ocasional,Nao
Premium,Media,Moderado,Baixo,Manteve,Media,Medio,Nenhuma,Nao
Intermediario,Media,Moderado,Alto,Aumentou,Alta,Alto,Nenhuma,Nao
Basico,Media,Recente,Medio,Manteve,Media,Medio,Nenhuma,Nao
Basico,Baixa,Longo,Baixo,Manteve,Media,Medio,Nenhuma,Sim
Premium,Media,Recente,Medio,Manteve,Baixa,Baixo,Ocasional,Nao
Intermediario,Baixa,Longo,Baixo,Aumentou,Media,Medio,Nenhuma,Sim
Premium,Alta,Recente,Alto,Aumentou,Alta,Alto,Nenhuma,Nao
Basico,Baixa,Moderado,Baixo,Manteve,Baixa,Medio,Recorrente,Sim
Basico,Media,Moderado,Medio,Manteve,Media,Alto,Nenhuma,Nao
Intermediario,Baixa,Moderado,Baixo,Aumentou,Baixa,Baixo,Nenhuma,Sim
Intermediario,Media,Recente,Alto,Manteve,Baixa,Medio,Nenhuma,Nao
Intermediario,Media,Moderado,Alto,Aumentou,Alta,Alto,Nenhuma,Sim
Premium,Alta,Recente,Alto,Aumentou,Alta,Alto,Nenhuma,Nao
Premium,Alta,Recente,Alto,Aumentou,Alta,Medio,Nenhuma,Nao
Intermediario,Media,Recente,Medio,Manteve,Baixa,Alto,Recorrente,Nao
Intermediario,Alta,Moderado,Alto,Manteve,Alta,Alto,Nenhuma,Nao
Basico,Baixa,Longo,Baixo,Aumentou,Baixa,Baixo,Nenhuma,Sim
Intermediario,Baixa,Longo,Baixo,Aumentou,Baixa,Medio,Ocasional,Sim
Intermediario,Media,Moderado,Medio,Manteve,Baixa,Baixo,Nenhuma,Sim
Premium,Alta,Moderado,Alto,Aumentou,Baixa,Alto,Nenhuma,Nao
Intermediario,Alta,Recente,Medio,Aumentou,Alta,Alto,Nenhuma,Nao
Basico,Baixa,Moderado,Medio,Manteve,Media,Baixo,Ocasional,Sim
Basico,Media,Recente,Medio,Manteve,Media,Alto,Ocasional,Nao
Premium,Alta,Recente,Alto,Aumentou,Alta,Alto,Nenhuma,Nao
Intermediario,Media,Recente,Alto,Manteve,Baixa,Baixo,Nenhuma,Nao
Premium,Baixa,Recente,Baixo,Manteve,Media,Baixo,Nenhuma,Sim
Premium,Baixa,Recente,Baixo,Aumentou,Baixa,Medio,Ocasional,Sim
Basico,Media,Recente,Medio,Manteve,Media,Medio,Nenhuma,Sim
Intermediario,Media,Moderado,Alto,Aumentou,Media,Medio,Nenhuma,Nao
Basico,Alta,Recente,Alto,Aumentou,Media,Baixo,Nenhuma,Nao
Premium,Alta,Recente,Alto,Manteve,Alta,Alto,Nenhuma,Nao
Premium,Alta,Recente,Alto,Aumentou,Media,Medio,Ocasional,Nao
Intermediario,Media,Recente,Medio,Aumentou,Baixa,Medio,Nenhuma,Sim
Basico,Baixa,Moderado,Baixo,Manteve,Media,Alto,Ocasional,Sim
Intermediario,Alta,Recente,Medio,Aumentou,Alta,Medio,Nenhuma,Nao
Basico,Baixa,Recente,Baixo,Manteve,Media,Medio,Nenhuma,Nao
Basico,Baixa,Moderado,Baixo,Manteve,Baixa,Baixo,Nenhuma,Sim
Premium,Media,Recente,Medio,Aumentou,Baixa,Alto,Nenhuma,Nao
Basico,Baixa,Moderado,Baixo,Manteve,Baixa,Baixo,Nenhuma,Sim
Basico,Media,Moderado,Medio,Manteve,Media,Medio,Nenhuma,Nao
Intermediario,Media,Recente,Baixo,Diminuiu,Media,Alto,Nenhuma,Nao
Basico,Media,Recente,Medio,Manteve,Media,Medio,Nenhuma,Nao
Intermediario,Alta,Recente,Medio,Aumentou,Alta,Medio,Nenhuma,Nao
Intermediario,Media,Recente,Medio,Manteve,Baixa,Medio,Nenhuma,Nao
Intermediario,Media,Recente,Medio,Aumentou,Media,Alto,Nenhuma,Nao
Basico,Media,Moderado,Medio,Manteve,Media,Medio,Nenhuma,Nao
Basico,Alta,Moderado,Alto,Manteve,Alta,Alto,Nenhuma,Nao
Basico,Media,Recente,Medio,Manteve,Media,Medio,Nenhuma,Nao
Premium,Baixa,Longo,Baixo,Manteve,Media,Baixo,Nenhuma,Sim
Intermediario,Media,Moderado,Alto,Manteve,Media,Alto,Nenhuma,Nao
Premium,Alta,Moderado,Medio,Manteve,Alta,Alto,Nenhuma,Nao
Premium,Media,Moderado,Medio,Manteve,Media,Medio,Nenhuma,Nao
Premium,Media,Moderado,Medio,Aumentou,Alta,Medio,Ocasional,Sim
Basico,Media,Moderado,Baixo,Manteve,Media,Alto,Nenhuma,Sim
Intermediario,Media,Recente,Medio,Manteve,Alta,Baixo,Nenhuma,Nao
Basico,Baixa,Moderado,Baixo,Manteve,Media,Baixo,Nenhuma,Sim
Basico,Baixa,Longo,Baixo,Manteve,Baixa,Baixo,Nenhuma,Sim
Basico,Alta,Recente,Baixo,Manteve,Media,Alto,Nenhuma,Nao
Intermediario,Baixa,Longo,Baixo,Aumentou,Baixa,Medio,Ocasional,Sim
Premium,Alta,Recente,Alto,Manteve,Media,Alto,Nenhuma,Nao
Intermediario,Alta,Recente,Alto,Manteve,Alta,Medio,Nenhuma,Nao
Intermediario,Alta,Recente,Alto,Diminuiu,Alta,Alto,Nenhuma,Nao
Intermediario,Baixa,Moderado,Baixo,Manteve,Baixa,Baixo,Nenhuma,Sim
Intermediario,Alta,Recente,Medio,Manteve,Alta,Alto,Nenhuma,Nao
Basico,Media,Recente,Medio,Aumentou,Baixa,Alto,Nenhuma,Sim
Intermediario,Baixa,Longo,Baixo,Aumentou,Baixa,Medio,Nenhuma,Sim
Basico,Alta,Moderado,Alto,Aumentou,Media,Alto,Nenhuma,Nao
Basico,Alta,Recente,Alto,Manteve,Alta,Medio,Nenhuma,Nao
Intermediario,Alta,Recente,Alto,Aumentou,Baixa,Medio,Ocasional,Sim
Basico,Baixa,Moderado,Baixo,Manteve,Baixa,Medio,Ocasional,Sim
Intermediario,Alta,Recente,Alto,Manteve,Alta,Alto,Nenhuma,Nao
Premium,Alta,Recente,Alto,Aumentou,Alta,Alto,Nenhuma,Nao
Basico,Baixa,Longo,Baixo,Manteve,Media,Baixo,Nenhuma,Sim
Intermediario,Alta,Recente,Baixo,Manteve,Alta,Medio,Nenhuma,Nao
Premium,Alta,Recente,Alto,Diminuiu,Alta,Medio,Nenhuma,Nao
Basico,Alta,Recente,Alto,Manteve,Alta,Alto,Nenhuma,Nao
Premium,Alta,Recente,Alto,Manteve,Media,Alto,Ocasional,Nao
Premium,Baixa,Moderado,Baixo,Diminuiu,Media,Alto,Nenhuma,Sim
Basico,Media,Recente,Medio,Diminuiu,Media,Baixo,Nenhuma,Nao
Intermediario,Alta,Recente,Alto,Aumentou,Baixa,Alto,Nenhuma,Sim
Intermediario,Media,Recente,Medio,Manteve,Media,Medio,Ocasional,Sim
Premium,Media,Recente,Medio,Manteve,Media,Alto,Ocasional,Nao
Basico,Media,Recente,Medio,Diminuiu,Media,Alto,Ocasional,Nao
Basico,Media,Moderado,Baixo,Manteve,Media,Medio,Nenhuma,Nao
Basico,Baixa,Longo,Baixo,Aumentou,Baixa,Medio,Ocasional,Sim
Basico,Baixa,Recente,Baixo,Manteve,Baixa,Baixo,Nenhuma,Sim
Premium,Baixa,Longo,Baixo,Manteve,Media,Medio,Ocasional,Nao
Basico,Baixa,Longo,Medio,Manteve,Alta,Medio,Ocasional,Sim
Intermediario,Alta,Recente,Medio,Diminuiu,Alta,Alto,Nenhuma,Nao
Premium,Media,Recente,Alto,Manteve,Alta,Baixo,Nenhuma,Nao
Premium,Alta,Recente,Alto,Manteve,Media,Medio,Nenhuma,Nao
Basico,Media,Moderado,Medio,Manteve,Media,Medio,Nenhuma,Sim
Basico,Media,Recente,Alto,Manteve,Alta,Baixo,Nenhuma,Nao
Basico,Media,Recente,Medio,Manteve,Alta,Alto,Nenhuma,Nao
Basico,Media,Moderado,Medio,Manteve,Media,Medio,Nenhuma,Nao
Basico,Alta,Recente,Medio,Manteve,Baixa,Medio,Nenhuma,Nao
Basico,Baixa,Moderado,Baixo,Diminuiu,Alta,Alto,Nenhuma,Sim
Basico,Media,Moderado,Baixo,Diminuiu,Media,Medio,Nenhuma,Sim
Premium,Alta,Recente,Alto,Aumentou,Alta,Alto,Nenhuma,Nao
Intermediario,Baixa,Longo,Baixo,Manteve,Media,Medio,Ocasional,Sim
Basico,Media,Recente,Baixo,Manteve,Baixa,Medio,Nenhuma,Nao
Intermediario,Alta,Recente,Alto,Aumentou,Alta,Alto,Nenhuma,Nao
Basico,Baixa,Moderado,Baixo,Manteve,Media,Medio,Ocasional,Sim
Intermediario,Media,Recente,Medio,Aumentou,Baixa,Alto,Nenhuma,Nao
Intermediario,Media,Recente,Baixo,Manteve,Alta,Medio,Nenhuma,Sim
Intermediario,Media,Moderado,Medio,Diminuiu,Media,Medio,Nenhuma,Nao
Basico,Media,Recente,Baixo,Aumentou,Baixa,Alto,Nenhuma,Nao
Basico,Media,Recente,Medio,Manteve,Baixa,Medio,Ocasional,Nao
Basico,Alta,Recente,Alto,Manteve,Media,Alto,Nenhuma,Nao
Basico,Media,Recente,Baixo,Manteve,Media,Medio,Nenhuma,Nao
Basico,Alta,Recente,Medio,Aumentou,Baixa,Medio,Nenhuma,Sim
Basico,Media,Moderado,Medio,Manteve,Media,Baixo,Nenhuma,Sim
Basico,Media,Moderado,Medio,Aumentou,Baixa,Alto,Nenhuma,Nao
Premium,Media,Moderado,Medio,Aumentou,Alta,Medio,Nenhuma,Nao
Premium,Media,Moderado,Medio,Manteve,Media,Alto,Nenhuma,Nao
Basico,Media,Moderado,Medio,Manteve,Baixa,Baixo,Recorrente,Sim
Basico,Baixa,Recente,Baixo,Manteve,Media,Medio,Nenhuma,Sim
Basico,Baixa,Longo,Medio,Aumentou,Baixa,Alto,Nenhuma,Sim
Premium,Alta,Recente,Alto,Aumentou,Alta,Alto,Nenhuma,Nao
Intermediario,Media,Moderado,Alto,Manteve,Alta,Baixo,Nenhuma,Nao
Premium,Alta,Recente,Medio,Aumentou,Alta,Medio,Nenhuma,Nao
Intermediario,Media,Recente,Medio,Manteve,Media,Medio,Nenhuma,Nao
Basico,Media,Moderado,Medio,Manteve,Media,Medio,Nenhuma,Sim
Intermediario,Media,Longo,Medio,Aumentou,Alta,Alto,Ocasional,Nao
Intermediario,Baixa,Longo,Baixo,Aumentou,Baixa,Alto,Nenhuma,Sim
Intermediario,Baixa,Moderado,Baixo,Aumentou,Alta,Alto,Nenhuma,Sim
Basico,Alta,Moderado,Alto,Manteve,Alta,Medio,Nenhuma,Sim
Basico,Alta,Moderado,Medio,Manteve,Alta,Alto,Nenhuma,Sim
Intermediario,Alta,Recente,Alto,Aumentou,Media,Alto,Nenhuma,Nao
Premium,Alta,Recente,Alto,Diminuiu,Alta,Medio,Nenhuma,Nao
Premium,Alta,Moderado,Medio,Manteve,Media,Medio,Ocasional,Nao
Intermediario,Alta,Recente,Alto,Manteve,Baixa,Medio,Nenhuma,Nao
Premium,Baixa,Recente,Baixo,Manteve,Media,Baixo,Nenhuma,Sim
Basico,Baixa,Moderado,Baixo,Manteve,Media,Medio,Nenhuma,Sim
Premium,Alta,Recente,Alto,Manteve,Alta,Medio,Nenhuma,Nao
Basico,Baixa,Moderado,Baixo,Aumentou,Baixa,Medio,Ocasional,Sim
Premium,Baixa,Moderado,Alto,Aumentou,Baixa,Alto,Nenhuma,Sim
Intermediario,Media,Recente,Baixo,Manteve,Alta,Medio,Nenhuma,Nao
Intermediario,Media,Moderado,Medio,Manteve,Alta,Medio,Nenhuma,Sim
Basico,Baixa,Longo,Baixo,Aumentou,Baixa,Medio,Nenhuma,Sim
Basico,Alta,Recente,Alto,Manteve,Alta,Alto,Nenhuma,Nao
Basico,Baixa,Moderado,Baixo,Manteve,Baixa,Medio,Nenhuma,Sim
Basico,Alta,Recente,Alto,Manteve,Alta,Medio,Nenhuma,Nao
Intermediario,Media,Moderado,Medio,Manteve,Alta,Alto,Nenhuma,Nao
Basico,Baixa,Longo,Baixo,Manteve,Media,Medio,Nenhuma,Sim
Premium,Alta,Recente,Alto,Aumentou,Alta,Alto,Nenhuma,Nao
Basico,Baixa,Moderado,Baixo,Manteve,Media,Baixo,Ocasional,Sim
Basico,Alta,Moderado,Medio,Manteve,Alta,Medio,Nenhuma,Nao
Premium,Media,Recente,Medio,Aumentou,Baixa,Alto,Nenhuma,Nao
Basico,Baixa,Longo,Baixo,Aumentou,Baixa,Medio,Ocasional,Sim
Basico,Media,Recente,Medio,Manteve,Baixa,Medio,Ocasional,Nao
Intermediario,Media,Moderado,Medio,Aumentou,Media,Medio,Nenhuma,Sim
Basico,Baixa,Recente,Baixo,Manteve,Media,Medio,Nenhuma,Sim
Basico,Media,Recente,Medio,Manteve,Alta,Alto,Nenhuma,Nao
Premium,Alta,Recente,Alto,Diminuiu,Alta,Medio,Nenhuma,Nao
Basico,Baixa,Longo,Baixo,Manteve,Baixa,Medio,Nenhuma,Sim
Intermediario,Media,Recente,Alto,Manteve,Alta,Medio,Nenhuma,Nao
Intermediario,Alta,Recente,Medio,Manteve,Alta,Alto,Nenhuma,Nao
Intermediario,Baixa,Recente,Baixo,Manteve,Media,Medio,Ocasional,Nao
Premium,Alta,Recente,Alto,Manteve,Alta,Alto,Nenhuma,Nao
Basico,Media,Recente,Medio,Manteve,Alta,Alto,Ocasional,Nao
Intermediario,Media,Moderado,Medio,Manteve,Baixa,Medio,Nenhuma,Nao
Premium,Alta,Recente,Medio,Manteve,Alta,Medio,Nenhuma,Nao
Intermediario,Media,Moderado,Medio,Manteve,Media,Medio,Nenhuma,Sim
Basico,Media,Moderado,Medio,Aumentou,Media,Alto,Nenhuma,Sim
Basico,Alta,Recente,Alto,Aumentou,Alta,Alto,Nenhuma,Nao
Basico,Alta,Recente,Alto,Aumentou,Baixa,Medio,Nenhuma,Sim
Basico,Baixa,Moderado,Baixo,Aumentou,Baixa,Alto,Nenhuma,Sim
Intermediario,Baixa,Recente,Baixo,Manteve,Media,Alto,Ocasional,Sim
Basico,Baixa,Moderado,Baixo,Manteve,Media,Medio,Nenhuma,Sim
Basico,Media,Recente,Medio,Manteve,Media,Medio,Ocasional,Nao
Premium,Baixa,Longo,Baixo,Manteve,Media,Baixo,Ocasional,Sim
Intermediario,Baixa,Moderado,Baixo,Manteve,Media,Baixo,Nenhuma,Sim
Basico,Media,Moderado,Medio,Manteve,Baixa,Alto,Nenhuma,Nao
Intermediario,Media,Recente,Medio,Manteve,Media,Medio,Nenhuma,Sim
Premium,Alta,Recente,Alto,Manteve,Media,Medio,Nenhuma,Nao
Intermediario,Baixa,Moderado,Baixo,Manteve,Baixa,Baixo,Nenhuma,Sim
Basico,Baixa,Recente,Baixo,Aumentou,Media,Medio,Recorrente,Sim
Basico,Alta,Recente,Medio,Aumentou,Media,Medio,Nenhuma,Nao
Basico,Baixa,Recente,Baixo,Manteve,Media,Baixo,Recorrente,Sim
Basico,Alta,Recente,Alto,Manteve,Media,Alto,Nenhuma,Nao
Premium,Alta,Recente,Alto,Manteve,Media,Alto,Nenhuma,Nao
Basico,Media,Moderado,Baixo,Aumentou,Baixa,Medio,Nenhuma,Sim
Premium,Alta,Recente,Alto,Aumentou,Alta,Alto,Nenhuma,Nao
Basico,Media,Moderado,Medio,Manteve,Media,Medio,Ocasional,Sim
Intermediario,Alta,Recente,Alto,Manteve,Alta,Medio,Nenhuma,Nao
Intermediario,Media,Moderado,Medio,Manteve,Media,Medio,Nenhuma,Nao
Intermediario,Alta,Recente,Alto,Manteve,Alta,Alto,Nenhuma,Nao
Intermediario,Media,Recente,Medio,Aumentou,Baixa,Medio,Nenhuma,Sim
Basico,Alta,Recente,Baixo,Manteve,Alta,Medio,Nenhuma,Nao
Intermediario,Baixa,Recente,Baixo,Diminuiu,Media,Medio,Recorrente,Nao
Basico,Media,Recente,Medio,Manteve,Alta,Alto,Nenhuma,Nao
Basico,Alta,Recente,Medio,Aumentou,Baixa,Medio,Nenhuma,Sim
Basico,Media,Moderado,Baixo,Aumentou,Baixa,Medio,Nenhuma,Sim
Intermediario,Media,Recente,Medio,Manteve,Alta,Alto,Nenhuma,Nao
Premium,Media,Recente,Alto,Manteve,Alta,Medio,Ocasional,Nao
Premium,Alta,Moderado,Alto,Aumentou,Alta,Alto,Nenhuma,Nao
Premium,Alta,Recente,Alto,Aumentou,Alta,Alto,Nenhuma,Nao
Basico,Baixa,Longo,Baixo,Manteve,Media,Medio,Nenhuma,Sim
Intermediario,Alta,Recente,Alto,Manteve,Media,Baixo,Ocasional,Nao
Intermediario,Media,Recente,Baixo,Manteve,Alta,Alto,Nenhuma,Nao
Basico,Media,Moderado,Alto,Manteve,Alta,Medio,Nenhuma,Nao
Intermediario,Media,Longo,Baixo,Manteve,Media,Medio,Nenhuma,Sim
Premium,Media,Moderado,Medio,Manteve,Media,Alto,Nenhuma,Nao
Basico,Alta,Recente,Alto,Manteve,Alta,Alto,Nenhuma,Nao
Basico,Alta,Recente,Medio,Manteve,Alta,Alto,Nenhuma,Nao
Intermediario,Baixa,Longo,Medio,Manteve,Media,Baixo,Nenhuma,Sim
Basico,Media,Longo,Baixo,Aumentou,Baixa,Baixo,Ocasional,Sim
Intermediario,Baixa,Recente,Baixo,Manteve,Alta,Alto,Nenhuma,Sim
Premium,Media,Recente,Baixo,Aumentou,Media,Alto,Nenhuma,Nao
Intermediario,Alta,Recente,Alto,Manteve,Alta,Alto,Nenhuma,Nao
Intermediario,Baixa,Moderado,Baixo,Manteve,Media,Medio,Nenhuma,Nao
Intermediario,Media,Recente,Baixo,Manteve,Baixa,Alto,Ocasional,Nao
Premium,Alta,Recente,Alto,Aumentou,Alta,Baixo,Nenhuma,Nao
Basico,Media,Moderado,Baixo,Manteve,Media,Alto,Nenhuma,Sim
Intermediario,Media,Recente,Medio,Aumentou,Alta,Medio,Nenhuma,Nao
Premium,Alta,Recente,Alto,Aumentou,Baixa,Baixo,Nenhuma,Nao
Basico,Media,Moderado,Medio,Manteve,Media,Alto,Nenhuma,Sim
Intermediario,Media,Recente,Baixo,Aumentou,Baixa,Alto,Nenhuma,Nao
Premium,Media,Moderado,Baixo,Manteve,Media,Medio,Nenhuma,Sim
Intermediario,Alta,Recente,Alto,Aumentou,Baixa,Medio,Nenhuma,Nao
Basico,Media,Moderado,Medio,Aumentou,Alta,Alto,Ocasional,Nao
Intermediario,Media,Recente,Alto,Manteve,Alta,Medio,Recorrente,Nao
Basico,Media,Recente,Baixo,Manteve,Media,Alto,Ocasional,Nao
Basico,Media,Recente,Baixo,Diminuiu,Media,Baixo,Nenhuma,Sim
Premium,Baixa,Recente,Baixo,Manteve,Alta,Alto,Nenhuma,Nao
Premium,Alta,Recente,Medio,Manteve,Alta,Alto,Nenhuma,Nao
Intermediario,Alta,Recente,Alto,Aumentou,Baixa,Alto,Nenhuma,Nao
Premium,Media,Moderado,Medio,Diminuiu,Alta,Medio,Nenhuma,Nao
Basico,Baixa,Moderado,Baixo,Aumentou,Baixa,Medio,Nenhuma,Sim
Basico,Alta,Recente,Alto,Aumentou,Media,Alto,Ocasional,Nao
Premium,Media,Recente,Medio,Aumentou,Alta,Alto,Nenhuma,Nao
Basico,Media,Recente,Medio,Manteve,Media,Medio,Ocasional,Nao
Intermediario,Media,Recente,Baixo,Manteve,Baixa,Baixo,Nenhuma,Sim
Intermediario,Media,Recente,Medio,Aumentou,Media,Baixo,Ocasional,Sim
Basico,Media,Moderado,Medio,Manteve,Baixa,Medio,Ocasional,Sim
Intermediario,Alta,Recente,Alto,Manteve,Media,Alto,Nenhuma,Nao
Basico,Media,Recente,Medio,Manteve,Alta,Baixo,Nenhuma,Sim
Intermediario,Baixa,Moderado,Baixo,Manteve,Alta,Alto,Nenhuma,Nao
Premium,Baixa,Moderado,Baixo,Manteve,Media,Medio,Nenhuma,Sim
Intermediario,Media,Recente,Medio,Diminuiu,Alta,Medio,Nenhuma,Nao
Premium,Alta,Recente,Alto,Manteve,Alta,Alto,Nenhuma,Nao
Intermediario,Alta,Recente,Medio,Diminuiu,Alta,Alto,Nenhuma,Nao
Premium,Baixa,Longo,Baixo,Manteve,Media,Alto,Nenhuma,Sim
Premium,Alta,Recente,Alto,Aumentou,Baixa,Alto,Nenhuma,Sim
Intermediario,Media,Recente,Medio,Aumentou,Media,Medio,Ocasional,Sim
Intermediario,Baixa,Moderado,Baixo,Manteve,Media,Medio,Nenhuma,Sim
Intermediario,Media,Moderado,Baixo,Aumentou,Baixa,Alto,Nenhuma,Nao
Intermediario,Baixa,Longo,Baixo,Manteve,Media,Medio,Nenhuma,Sim
Intermediario,Alta,Recente,Alto,Manteve,Media,Medio,Nenhuma,Nao
Intermediario,Alta,Recente,Alto,Diminuiu,Alta,Alto,Nenhuma,Nao
Intermediario,Alta,Recente,Medio,Manteve,Alta,Medio,Nenhuma,Nao
Premium,Media,Recente,Medio,Manteve,Alta,Alto,Nenhuma,Nao
Basico,Media,Recente,Medio,Manteve,Media,Alto,Nenhuma,Nao
Basico,Baixa,Recente,Baixo,Manteve,Media,Baixo,Ocasional,Sim
Basico,Baixa,Longo,Baixo,Manteve,Media,Baixo,Nenhuma,Sim
Premium,Alta,Recente,Alto,Aumentou,Alta,Medio,Nenhuma,Nao
Intermediario,Baixa,Longo,Alto,Manteve,Baixa,Medio,Nenhuma,Sim
Intermediario,Baixa,Moderado,Baixo,Manteve,Baixa,Baixo,Nenhuma,Sim
Basico,Media,Moderado,Baixo,Manteve,Baixa,Alto,Nenhuma,Nao
Basico,Alta,Recente,Alto,Manteve,Media,Medio,Nenhuma,Nao
Premium,Media,Recente,Alto,Manteve,Alta,Alto,Nenhuma,Nao
Basico,Media,Recente,Baixo,Manteve,Media,Alto,Nenhuma,Nao
Basico,Baixa,Moderado,Baixo,Aumentou,Baixa,Alto,Nenhuma,Sim
Basico,Alta,Recente,Medio,Manteve,Baixa,Medio,Ocasional,Sim
Premium,Media,Recente,Medio,Aumentou,Media,Medio,Nenhuma,Sim
Intermediario,Alta,Recente,Alto,Aumentou,Alta,Alto,Nenhuma,Nao
Intermediario,Media,Longo,Medio,Manteve,Media,Medio,Nenhuma,Nao
Intermediario,Media,Moderado,Medio,Aumentou,Media,Alto,Nenhuma,Sim
Premium,Media,Moderado,Alto,Manteve,Media,Medio,Nenhuma,Nao
Basico,Baixa,Recente,Baixo,Manteve,Baixa,Medio,Nenhuma,Sim
Premium,Alta,Recente,Medio,Manteve,Alta,Alto,Nenhuma,Nao
Basico,Media,Moderado,Medio,Manteve,Baixa,Medio,Nenhuma,Sim
Basico,Media,Recente,Medio,Diminuiu,Alta,Alto,Nenhuma,Sim
Basico,Alta,Recente,Alto,Manteve,Media,Medio,Nenhuma,Sim
Intermediario,Alta,Recente,Baixo,Manteve,Alta,Medio,Nenhuma,Nao
Basico,Media,Recente,Medio,Manteve,Media,Medio,Nenhuma,Nao
Basico,Baixa,Longo,Baixo,Manteve,Baixa,Baixo,Recorrente,Sim
Basico,Baixa,Recente,Baixo,Manteve,Baixa,Medio,Nenhuma,Sim
Intermediario,Baixa,Recente,Medio,Manteve,Baixa,Alto,Nenhuma,Nao
Basico,Alta,Recente,Alto,Manteve,Alta,Alto,Nenhuma,Nao
Basico,Media,Recente,Medio,Manteve,Alta,Alto,Nenhuma,Nao
Basico,Media,Moderado,Medio,Aumentou,Baixa,Medio,Nenhuma,Sim
Intermediario,Media,Recente,Medio,Manteve,Alta,Alto,Nenhuma,Nao
Premium,Alta,Recente,Medio,Manteve,Media,Alto,Nenhuma,Nao
Premium,Alta,Moderado,Medio,Manteve,Alta,Medio,Nenhuma,Nao
Basico,Baixa,Moderado,Baixo,Manteve,Baixa,Baixo,Ocasional,Sim
Basico,Media,Longo,Medio,Manteve,Baixa,Alto,Nenhuma,Sim
Intermediario,Alta,Recente,Alto,Manteve,Alta,Alto,Nenhuma,Nao
Premium,Baixa,Longo,Baixo,Aumentou,Media,Medio,Nenhuma,Sim
Basico,Baixa,Moderado,Baixo,Manteve,Media,Medio,Nenhuma,Sim
Intermediario,Baixa,Moderado,Baixo,Manteve,Alta,Medio,Ocasional,Sim
Basico,Alta,Recente,Alto,Manteve,Media,Medio,Nenhuma,Nao
Intermediario,Media,Recente,Medio,Aumentou,Media,Medio,Nenhuma,Sim
Intermediario,Alta,Recente,Alto,Manteve,Alta,Alto,Nenhuma,Nao
Intermediario,Baixa,Recente,Baixo,Manteve,Baixa,Baixo,Nenhuma,Nao
Basico,Alta,Moderado,Alto,Aumentou,Baixa,Medio,Nenhuma,Sim
Intermediario,Media,Moderado,Baixo,Manteve,Media,Medio,Nenhuma,Nao
Premium,Baixa,Moderado,Baixo,Aumentou,Baixa,Alto,Nenhuma,Sim
Intermediario,Alta,Recente,Alto,Manteve,Alta,Medio,Nenhuma,Nao
Intermediario,Alta,Recente,Alto,Aumentou,Media,Alto,Recorrente,Nao
Premium,Media,Recente,Medio,Manteve,Media,Baixo,Nenhuma,Nao
Intermediario,Alta,Moderado,Medio,Manteve,Media,Alto,Nenhuma,Nao
Basico,Alta,Recente,Alto,Aumentou,Alta,Alto,Nenhuma,Nao
Intermediario,Alta,Recente,Alto,Manteve,Alta,Alto,Nenhuma,Nao
Premium,Alta,Recente,Alto,Manteve,Alta,Alto,Nenhuma,Nao
Basico,Media,Recente,Medio,Manteve,Media,Medio,Recorrente,Nao
Basico,Media,Recente,Baixo,Aumentou,Baixa,Medio,Nenhuma,Nao
Premium,Baixa,Moderado,Baixo,Aumentou,Media,Medio,Nenhuma,Sim
Intermediario,Baixa,Longo,Baixo,Manteve,Alta,Medio,Nenhuma,Sim
Basico,Baixa,Moderado,Baixo,Manteve,Baixa,Baixo,Ocasional,Sim
Intermediario,Media,Recente,Baixo,Manteve,Media,Alto,Nenhuma,Nao
Basico,Media,Recente,Medio,Manteve,Media,Medio,Nenhuma,Nao
Basico,Alta,Recente,Medio,Manteve,Media,Baixo,Nenhuma,Nao
Intermediario,Alta,Recente,Alto,Aumentou,Baixa,Baixo,Ocasional,Sim
Basico,Alta,Recente,Alto,Manteve,Alta,Alto,Nenhuma,Nao
Basico,Media,Recente,Baixo,Aumentou,Baixa,Medio,Nenhuma,Sim
Premium,Baixa,Moderado,Baixo,Aumentou,Baixa,Baixo,Recorrente,Sim
Basico,Alta,Recente,Alto,Aumentou,Baixa,Alto,Recorrente,Nao
Premium,Alta,Recente,Alto,Aumentou,Alta,Medio,Nenhuma,Nao
Basico,Alta,Recente,Alto,Manteve,Alta,Alto,Nenhuma,Nao
Premium,Alta,Recente,Alto,Aumentou,Alta,Medio,Nenhuma,Nao
Basico,Media,Longo,Medio,Manteve,Alta,Alto,Ocasional,Sim
Basico,Media,Recente,Medio,Manteve,Media,Baixo,Recorrente,Sim
Premium,Baixa,Recente,Baixo,Aumentou,Baixa,Alto,Ocasional,Sim
Basico,Baixa,Longo,Baixo,Aumentou,Baixa,Medio,Nenhuma,Sim
Premium,Alta,Recente,Medio,Diminuiu,Media,Alto,Nenhuma,Nao
Intermediario,Baixa,Longo,Baixo,Manteve,Alta,Medio,Nenhuma,Sim
Intermediario,Alta,Recente,Medio,Manteve,Alta,Alto,Nenhuma,Nao
Intermediario,Media,Moderado,Baixo,Aumentou,Alta,Alto,Nenhuma,Nao
Intermediario,Media,Recente,Medio,Diminuiu,Media,Baixo,Nenhuma,Sim
Basico,Media,Moderado,Medio,Manteve,Media,Alto,Nenhuma,Sim
Intermediario,Alta,Recente,Alto,Manteve,Alta,Alto,Nenhuma,Nao
Basico,Baixa,Longo,Baixo,Manteve,Media,Alto,Nenhuma,Sim
Premium,Alta,Recente,Alto,Manteve,Alta,Alto,Nenhuma,Nao
Intermediario,Alta,Recente,Medio,Aumentou,Baixa,Baixo,Nenhuma,Nao
Basico,Alta,Recente,Alto,Manteve,Baixa,Medio,Nenhuma,Nao
Basico,Media,Moderado,Medio,Aumentou,Baixa,Medio,Recorrente,Sim
Intermediario,Media,Recente,Medio,Manteve,Media,Alto,Ocasional,Nao
Basico,Alta,Moderado,Alto,Manteve,Media,Alto,Ocasional,Nao
Premium,Alta,Moderado,Alto,Manteve,Alta,Baixo,Nenhuma,Nao
Basico,Baixa,Moderado,Baixo,Manteve,Media,Alto,Nenhuma,Sim
Basico,Alta,Recente,Medio,Manteve,Media,Medio,Nenhuma,Nao
Intermediario,Baixa,Moderado,Baixo,Manteve,Media,Alto,Nenhuma,Sim
Basico,Baixa,Moderado,Baixo,Aumentou,Media,Medio,Recorrente,Sim
Basico,Alta,Recente,Alto,Manteve,Alta,Alto,Nenhuma,Nao
Intermediario,Baixa,Longo,Baixo,Manteve,Media,Alto,Nenhuma,Sim
Premium,Baixa,Recente,Baixo,Manteve,Baixa,Baixo,Recorrente,Sim
Basico,Alta,Recente,Alto,Manteve,Alta,Alto,Nenhuma,Nao
Premium,Baixa,Recente,Baixo,Aumentou,Baixa,Medio,Ocasional,Sim
Basico,Media,Recente,Medio,Manteve,Media,Medio,Nenhuma,Sim
Basico,Media,Recente,Baixo,Manteve,Baixa,Medio,Nenhuma,Sim
Premium,Alta,Recente,Alto,Manteve,Alta,Medio,Nenhuma,Nao
Basico,Media,Moderado,Medio,Manteve,Media,Medio,Ocasional,Sim
Intermediario,Alta,Recente,Alto,Aumentou,Baixa,Medio,Nenhuma,Sim
Intermediario,Media,Moderado,Medio,Manteve,Media,Alto,Nenhuma,Nao
Intermediario,Media,Moderado,Baixo,Manteve,Media,Alto,Nenhuma,Nao
Intermediario,Media,Recente,Medio,Manteve,Media,Medio,Nenhuma,Sim
Basico,Baixa,Recente,Baixo,Manteve,Media,Alto,Nenhuma,Nao
Basico,Media,Recente,Baixo,Manteve,Media,Medio,Nenhuma,Sim
Premium,Media,Moderado,Medio,Manteve,Media,Alto,Nenhuma,Nao
Premium,Baixa,Longo,Baixo,Manteve,Baixa,Baixo,Nenhuma,Sim
Basico,Media,Moderado,Alto,Manteve,Media,Medio,Nenhuma,Sim
Basico,Baixa,Recente,Baixo,Manteve,Media,Alto,Nenhuma,Nao
Premium,Alta,Moderado,Alto,Manteve,Media,Alto,Nenhuma,Nao
Intermediario,Media,Moderado,Medio,Manteve,Alta,Alto,Nenhuma,Nao
Intermediario,Alta,Recente,Alto,Manteve,Alta,Alto,Nenhuma,Nao
Premium,Media,Moderado,Medio,Diminuiu,Alta,Medio,Nenhuma,Nao
Basico,Baixa,Longo,Baixo,Aumentou,Media,Baixo,Nenhuma,Sim
Basico,Baixa,Longo,Medio,Manteve,Media,Baixo,Ocasional,Sim
Intermediario,Alta,Recente,Alto,Manteve,Alta,Medio,Nenhuma,Nao
Intermediario,Baixa,Moderado,Baixo,Manteve,Baixa,Baixo,Recorrente,Sim
Premium,Alta,Recente,Alto,Aumentou,Alta,Medio,Nenhuma,Nao
Basico,Baixa,Moderado,Medio,Manteve,Media,Baixo,Recorrente,Sim
Premium,Alta,Recente,Medio,Aumentou,Baixa,Alto,Nenhuma,Nao
Basico,Alta,Recente,Baixo,Aumentou,Baixa,Alto,Nenhuma,Nao
Basico,Baixa,Moderado,Medio,Manteve,Media,Medio,Ocasional,Sim
Premium,Baixa,Longo,Medio,Manteve,Baixa,Baixo,Ocasional,Sim
Basico,Alta,Recente,Alto,Manteve,Alta,Alto,Nenhuma,Nao
Basico,Alta,Recente,Baixo,Aumentou,Alta,Alto,Nenhuma,Nao
Basico,Baixa,Moderado,Baixo,Aumentou,Baixa,Baixo,Recorrente,Sim
Intermediario,Alta,Recente,Alto,Aumentou,Baixa,Medio,Ocasional,Sim
Basico,Media,Moderado,Baixo,Manteve,Media,Medio,Nenhuma,Sim
Basico,Media,Recente,Medio,Aumentou,Baixa,Medio,Nenhuma,Nao
Intermediario,Alta,Recente,Alto,Aumentou,Alta,Alto,Nenhuma,Nao
Basico,Media,Recente,Baixo,Manteve,Media,Medio,Nenhuma,Sim
Intermediario,Media,Moderado,Baixo,Manteve,Media,Medio,Nenhuma,Sim
Basico,Alta,Recente,Baixo,Manteve,Alta,Alto,Nenhuma,Nao
Intermediario,Baixa,Longo,Baixo,Manteve,Baixa,Alto,Nenhuma,Sim
Premium,Media,Recente,Medio,Manteve,Alta,Baixo,Nenhuma,Nao
Basico,Alta,Recente,Alto,Manteve,Alta,Alto,Nenhuma,Nao
Intermediario,Baixa,Moderado,Baixo,Manteve,Alta,Baixo,Nenhuma,Sim
Basico,Media,Moderado,Baixo,Aumentou,Baixa,Medio,Nenhuma,Sim
Intermediario,Alta,Recente,Alto,Manteve,Alta,Alto,Nenhuma,Nao
Premium,Alta,Recente,Alto,Manteve,Alta,Alto,Nenhuma,Nao
Basico,Media,Recente,Medio,Aumentou,Baixa,Alto,Ocasional,Nao
Intermediario,Alta,Recente,Alto,Manteve,Baixa,Medio,Nenhuma,Nao
Premium,Baixa,Longo,Baixo,Manteve,Media,Alto,Nenhuma,Sim
Premium,Baixa,Longo,Medio,Manteve,Media,Medio,Ocasional,Sim
Intermediario,Alta,Recente,Alto,Manteve,Alta,Alto,Nenhuma,Nao
Premium,Media,Recente,Alto,Aumentou,Baixa,Medio,Nenhuma,Sim
Intermediario,Media,Moderado,Medio,Manteve,Media,Alto,Nenhuma,Nao
Basico,Media,Moderado,Baixo,Manteve,Alta,Alto,Nenhuma,Nao
Basico,Alta,Moderado,Medio,Manteve,Alta,Alto,Nenhuma,Nao
Premium,Alta,Moderado,Medio,Manteve,Alta,Medio,Nenhuma,Sim
Basico,Alta,Recente,Baixo,Manteve,Alta,Alto,Nenhuma,Nao
Basico,Media,Recente,Medio,Aumentou,Baixa,Medio,Nenhuma,Sim
Intermediario,Media,Longo,Medio,Manteve,Alta,Alto,Nenhuma,Nao
Basico,Baixa,Recente,Medio,Aumentou,Baixa,Medio,Nenhuma,Sim
Intermediario,Alta,Recente,Baixo,Manteve,Alta,Medio,Ocasional,Nao
Intermediario,Baixa,Moderado,Baixo,Manteve,Baixa,Medio,Ocasional,Sim
Basico,Media,Recente,Medio,Manteve,Media,Alto,Nenhuma,Nao
Basico,Baixa,Recente,Baixo,Manteve,Baixa,Baixo,Ocasional,Sim
Basico,Media,Moderado,Medio,Manteve,Alta,Alto,Ocasional,Nao
Intermediario,Media,Recente,Medio,Manteve,Media,Medio,Nenhuma,Nao
Intermediario,Baixa,Moderado,Baixo,Manteve,Baixa,Medio,Nenhuma,Sim
Premium,Media,Recente,Medio,Aumentou,Media,Medio,Nenhuma,Sim
Premium,Baixa,Longo,Baixo,Aumentou,Baixa,Medio,Nenhuma,Sim
Intermediario,Alta,Recente,Medio,Diminuiu,Alta,Alto,Nenhuma,Nao
Basico,Baixa,Recente,Baixo,Manteve,Baixa,Baixo,Nenhuma,Sim
Premium,Media,Recente,Medio,Manteve,Media,Medio,Nenhuma,Nao
Intermediario,Alta,Recente,Alto,Aumentou,Alta,Alto,Nenhuma,Nao
Intermediario,Alta,Moderado,Medio,Manteve,Alta,Alto,Nenhuma,Nao
Basico,Alta,Recente,Alto,Manteve,Alta,Alto,Nenhuma,Nao
Premium,Alta,Recente,Alto,Manteve,Alta,Alto,Nenhuma,Nao
Intermediario,Alta,Recente,Alto,Manteve,Alta,Alto,Nenhuma,Nao
Premium,Baixa,Recente,Medio,Aumentou,Baixa,Medio,Nenhuma,Sim
Basico,Baixa,Recente,Baixo,Manteve,Baixa,Medio,Nenhuma,Sim
Basico,Alta,Recente,Alto,Manteve,Baixa,Medio,Nenhuma,Nao
Basico,Baixa,Moderado,Baixo,Manteve,Media,Medio,Nenhuma,Sim
Premium,Media,Recente,Medio,Aumentou,Baixa,Baixo,Nenhuma,Nao
Premium,Media,Moderado,Medio,Aumentou,Baixa,Alto,Nenhuma,Nao
Premium,Baixa,Longo,Baixo,Aumentou,Baixa,Baixo,Nenhuma,Sim
Intermediario,Alta,Recente,Alto,Manteve,Alta,Alto,Nenhuma,Nao
Basico,Media,Moderado,Medio,Manteve,Media,Medio,Nenhuma,Sim
Premium,Media,Moderado,Medio,Manteve,Alta,Medio,Nenhuma,Nao
Basico,Media,Recente,Medio,Aumentou,Alta,Baixo,Nenhuma,Nao
Intermediario,Alta,Recente,Alto,Manteve,Alta,Medio,Nenhuma,Nao
Basico,Alta,Recente,Medio,Manteve,Media,Alto,Nenhuma,Nao
Intermediario,Baixa,Longo,Baixo,Manteve,Media,Medio,Ocasional,Sim
Basico,Media,Moderado,Medio,Diminuiu,Alta,Medio,Ocasional,Nao
Basico,Baixa,Moderado,Baixo,Manteve,Baixa,Medio,Nenhuma,Sim
Premium,Baixa,Longo,Baixo,Diminuiu,Baixa,Baixo,Nenhuma,Sim
Premium,Alta,Moderado,Alto,Manteve,Alta,Alto,Nenhuma,Nao
Basico,Alta,Recente,Alto,Aumentou,Baixa,Medio,Nenhuma,Nao
Intermediario,Alta,Recente,Medio,Aumentou,Alta,Alto,Nenhuma,Nao
Intermediario,Media,Recente,Medio,Manteve,Baixa,Medio,Recorrente,Nao
Basico,Alta,Recente,Baixo,Manteve,Alta,Alto,Nenhuma,Nao
Intermediario,Media,Moderado,Medio,Manteve,Media,Alto,Nenhuma,Nao
Basico,Media,Longo,Medio,Manteve,Alta,Alto,Nenhuma,Nao
Premium,Alta,Moderado,Alto,Aumentou,Alta,Alto,Nenhuma,Nao
Basico,Baixa,Moderado,Baixo,Aumentou,Baixa,Medio,Recorrente,Sim
Intermediario,Media,Recente,Baixo,Manteve,Media,Medio,Nenhuma,Nao
Intermediario,Alta,Recente,Medio,Aumentou,Alta,Alto,Nenhuma,Nao
Intermediario,Media,Recente,Medio,Manteve,Media,Medio,Nenhuma,Nao
Basico,Media,Recente,Medio,Manteve,Baixa,Alto,Ocasional,Nao
Basico,Media,Moderado,Baixo,Manteve,Alta,Medio,Ocasional,Sim
Premium,Media,Moderado,Medio,Manteve,Alta,Baixo,Nenhuma,Nao
Premium,Baixa,Moderado,Alto,Manteve,Alta,Medio,Nenhuma,Nao
Intermediario,Media,Longo,Alto,Manteve,Media,Alto,Nenhuma,Nao
Intermediario,Media,Recente,Medio,Manteve,Alta,Alto,Nenhuma,Nao
Basico,Media,Recente,Medio,Manteve,Media,Alto,Nenhuma,Nao
Premium,Baixa,Longo,Baixo,Manteve,Alta,Medio,Nenhuma,Nao
Basico,Media,Recente,Baixo,Manteve,Media,Baixo,Nenhuma,Sim
Basico,Media,Moderado,Medio,Manteve,Media,Alto,Nenhuma,Sim
Premium,Alta,Recente,Alto,Manteve,Alta,Alto,Ocasional,Nao
Basico,Media,Recente,Baixo,Manteve,Media,Alto,Nenhuma,Sim
Basico,Alta,Recente,Medio,Manteve,Alta,Alto,Nenhuma,Nao
Intermediario,Alta,Recente,Medio,Aumentou,Alta,Alto,Nenhuma,Nao
Intermediario,Alta,Recente,Alto,Manteve,Alta,Alto,Nenhuma,Nao
Intermediario,Alta,Recente,Alto,Manteve,Alta,Alto,Nenhuma,Nao
Intermediario,Alta,Recente,Alto,Aumentou,Baixa,Medio,Ocasional,Nao
Basico,Baixa,Recente,Baixo,Aumentou,Baixa,Alto,Nenhuma,Sim
Basico,Media,Recente,Medio,Aumentou,Baixa,Alto,Nenhuma,Nao
Basico,Media,Moderado,Baixo,Aumentou,Alta,Medio,Nenhuma,Sim
Intermediario,Alta,Recente,Alto,Manteve,Alta,Medio,Nenhuma,Nao
Intermediario,Media,Recente,Baixo,Diminuiu,Media,Alto,Ocasional,Nao
Intermediario,Baixa,Moderado,Baixo,Manteve,Alta,Alto,Nenhuma,Nao
Basico,Media,Moderado,Medio,Manteve,Media,Medio,Nenhuma,Sim
Intermediario,Media,Recente,Medio,Aumentou,Alta,Medio,Nenhuma,Nao
Basico,Baixa,Recente,Baixo,Manteve,Baixa,Alto,Ocasional,Sim
Basico,Baixa,Moderado,Baixo,Aumentou,Baixa,Baixo,Ocasional,Sim
Intermediario,Media,Recente,Medio,Aumentou,Media,Alto,Nenhuma,Nao
Intermediario,Alta,Recente,Alto,Diminuiu,Alta,Alto,Nenhuma,Nao
Intermediario,Baixa,Moderado,Baixo,Manteve,Baixa,Baixo,Ocasional,Sim
Basico,Media,Recente,Medio,Aumentou,Media,Alto,Nenhuma,Sim
Basico,Baixa,Recente,Baixo,Manteve,Baixa,Medio,Nenhuma,Sim
Basico,Media,Moderado,Medio,Manteve,Alta,Baixo,Nenhuma,Nao
Intermediario,Alta,Recente,Medio,Aumentou,Baixa,Alto,Nenhuma,Nao
Intermediario,Baixa,Recente,Baixo,Manteve,Baixa,Baixo,Recorrente,Sim
Intermediario,Alta,Moderado,Alto,Aumentou,Alta,Alto,Nenhuma,Nao
Basico,Alta,Recente,Alto,Aumentou,Baixa,Alto,Nenhuma,Nao
Intermediario,Alta,Recente,Alto,Manteve,Alta,Alto,Nenhuma,Nao
Basico,Media,Moderado,Medio,Aumentou,Baixa,Baixo,Recorrente,Sim
Basico,Alta,Recente,Alto,Aumentou,Baixa,Alto,Nenhuma,Sim
Basico,Media,Recente,Medio,Manteve,Media,Medio,Recorrente,Nao
Premium,Media,Longo,Baixo,Diminuiu,Alta,Alto,Nenhuma,Sim
Intermediario,Baixa,Recente,Baixo,Manteve,Media,Medio,Nenhuma,Nao
Basico,Media,Moderado,Medio,Aumentou,Baixa,Medio,Nenhuma,Sim
Intermediario,Baixa,Moderado,Baixo,Manteve,Baixa,Medio,Recorrente,Sim
Intermediario,Alta,Recente,Alto,Aumentou,Alta,Alto,Nenhuma,Nao
Intermediario,Media,Moderado,Medio,Aumentou,Media,Medio,Ocasional,Sim
Premium,Alta,Recente,Medio,Aumentou,Alta,Alto,Nenhuma,Nao
Basico,Baixa,Moderado,Medio,Manteve,Baixa,Alto,Ocasional,Sim
Basico,Media,Recente,Medio,Aumentou,Media,Medio,Nenhuma,Nao
Premium,Media,Moderado,Medio,Manteve,Alta,Alto,Nenhuma,Nao
Basico,Baixa,Longo,Baixo,Diminuiu,Alta,Medio,Recorrente,Sim
Intermediario,Alta,Recente,Alto,Aumentou,Baixa,Medio,Nenhuma,Nao
Basico,Baixa,Longo,Baixo,Manteve,Media,Medio,Ocasional,Sim
Intermediario,Media,Recente,Medio,Aumentou,Alta,Medio,Nenhuma,Nao
Basico,Media,Recente,Medio,Aumentou,Baixa,Medio,Nenhuma,Nao
Basico,Media,Moderado,Medio,Manteve,Baixa,Medio,Nenhuma,Nao
Basico,Media,Recente,Medio,Manteve,Media,Baixo,Ocasional,Sim
Basico,Baixa,Recente,Baixo,Aumentou,Baixa,Baixo,Recorrente,Sim
Basico,Media,Moderado,Medio,Aumentou,Baixa,Medio,Nenhuma,Sim
Intermediario,Alta,Recente,Alto,Aumentou,Media,Medio,Nenhuma,Nao
Intermediario,Media,Recente,Medio,Diminuiu,Media,Baixo,Nenhuma,Sim
Basico,Media,Moderado,Medio,Manteve,Baixa,Medio,Ocasional,Nao
Basico,Media,Recente,Baixo,Manteve,Alta,Alto,Ocasional,Nao
Intermediario,Media,Moderado,Medio,Aumentou,Alta,Baixo,Nenhuma,Nao
Intermediario,Alta,Recente,Alto,Manteve,Media,Medio,Nenhuma,Nao
Basico,Media,Recente,Baixo,Manteve,Alta,Medio,Nenhuma,Nao
Basico,Alta,Recente,Medio,Aumentou,Alta,Alto,Nenhuma,Nao
Premium,Media,Recente,Baixo,Aumentou,Alta,Baixo,Nenhuma,Nao
Basico,Media,Moderado,Medio,Manteve,Baixa,Alto,Nenhuma,Nao
Premium,Media,Recente,Medio,Manteve,Media,Alto,Nenhuma,Nao
Basico,Alta,Recente,Alto,Manteve,Alta,Alto,Nenhuma,Nao
Intermediario,Media,Recente,Medio,Aumentou,Baixa,Alto,Nenhuma,Sim
Intermediario,Media,Recente,Alto,Manteve,Media,Medio,Nenhuma,Nao
Premium,Alta,Recente,Alto,Aumentou,Alta,Alto,Nenhuma,Nao
Intermediario,Baixa,Longo,Baixo,Aumentou,Baixa,Medio,Ocasional,Sim
Basico,Media,Moderado,Medio,Aumentou,Media,Baixo,Nenhuma,Sim
Intermediario,Alta,Recente,Alto,Aumentou,Baixa,Alto,Nenhuma,Nao
Intermediario,Alta,Recente,Baixo,Aumentou,Alta,Alto,Nenhuma,Nao
Basico,Media,Recente,Medio,Manteve,Baixa,Alto,Nenhuma,Nao
Basico,Baixa,Moderado,Baixo,Manteve,Baixa,Baixo,Recorrente,Sim
Basico,Baixa,Longo,Baixo,Manteve,Media,Baixo,Nenhuma,Sim
Intermediario,Media,Recente,Baixo,Manteve,Alta,Alto,Nenhuma,Nao
Intermediario,Alta,Recente,Alto,Manteve,Alta,Alto,Nenhuma,Nao
Premium,Alta,Recente,Alto,Aumentou,Alta,Alto,Nenhuma,Nao
Basico,Media,Recente,Alto,Manteve,Alta,Medio,Nenhuma,Nao
Basico,Media,Recente,Medio,Aumentou,Media,Alto,Nenhuma,Sim
Premium,Alta,Moderado,Alto,Aumentou,Alta,Alto,Nenhuma,Sim
Basico,Media,Recente,Medio,Diminuiu,Baixa,Medio,Recorrente,Sim
Intermediario,Baixa,Moderado,Baixo,Manteve,Media,Alto,Nenhuma,Sim
Basico,Alta,Recente,Alto,Manteve,Media,Medio,Ocasional,Nao
Basico,Baixa,Moderado,Baixo,Aumentou,Baixa,Alto,Ocasional,Sim
Intermediario,Alta,Recente,Baixo,Manteve,Baixa,Medio,Nenhuma,Nao
Intermediario,Alta,Recente,Alto,Aumentou,Baixa,Alto,Nenhuma,Nao
Basico,Media,Recente,Medio,Manteve,Media,Medio,Nenhuma,Nao
Premium,Alta,Recente,Alto,Aumentou,Baixa,Alto,Nenhuma,Sim
Basico,Media,Moderado,Medio,Manteve,Media,Baixo,Ocasional,Sim
Premium,Media,Recente,Alto,Manteve,Alta,Alto,Nenhuma,Nao
Intermediario,Baixa,Recente,Baixo,Manteve,Media,Baixo,Nenhuma,Sim
Basico,Media,Moderado,Baixo,Aumentou,Baixa,Medio,Nenhuma,Sim
Basico,Baixa,Longo,Baixo,Manteve,Media,Alto,Ocasional,Sim
Premium,Media,Recente,Medio,Aumentou,Baixa,Baixo,Ocasional,Sim
Basico,Media,Moderado,Medio,Manteve,Alta,Alto,Nenhuma,Sim
Intermediario,Alta,Recente,Alto,Manteve,Alta,Alto,Nenhuma,Nao
Intermediario,Alta,Recente,Alto,Aumentou,Alta,Medio,Nenhuma,Nao
Premium,Media,Moderado,Alto,Manteve,Alta,Baixo,Ocasional,Nao
Basico,Alta,Recente,Alto,Manteve,Alta,Alto,Nenhuma,Nao
Premium,Media,Recente,Medio,Aumentou,Media,Medio,Nenhuma,Nao
Intermediario,Alta,Moderado,Alto,Aumentou,Alta,Alto,Nenhuma,Nao
Intermediario,Alta,Recente,Alto,Aumentou,Alta,Medio,Nenhuma,Nao
Basico,Baixa,Moderado,Baixo,Manteve,Media,Baixo,Nenhuma,Sim
Intermediario,Media,Moderado,Medio,Manteve,Media,Medio,Nenhuma,Sim
Premium,Baixa,Moderado,Baixo,Manteve,Media,Baixo,Nenhuma,Sim
Premium,Alta,Recente,Alto,Aumentou,Baixa,Alto,Nenhuma,Nao
Intermediario,Alta,Recente,Alto,Aumentou,Baixa,Alto,Nenhuma,Sim
Basico,Media,Recente,Medio,Aumentou,Media,Medio,Ocasional,Nao
Basico,Media,Moderado,Medio,Manteve,Alta,Baixo,Nenhuma,Nao
Premium,Media,Moderado,Medio,Aumentou,Baixa,Medio,Nenhuma,Sim
Basico,Media,Recente,Medio,Manteve,Alta,Medio,Nenhuma,Nao
Intermediario,Alta,Recente,Alto,Manteve,Alta,Alto,Nenhuma,Nao
Intermediario,Media,Recente,Baixo,Manteve,Baixa,Baixo,Nenhuma,Sim
Basico,Media,Recente,Medio,Manteve,Baixa,Baixo,Ocasional,Sim
Basico,Media,Moderado,Medio,Aumentou,Baixa,Medio,Ocasional,Sim
Basico,Alta,Recente,Alto,Manteve,Baixa,Medio,Recorrente,Sim
Basico,Baixa,Moderado,Baixo,Aumentou,Media,Medio,Nenhuma,Sim
Intermediario,Baixa,Moderado,Baixo,Aumentou,Baixa,Baixo,Nenhuma,Sim
Basico,Media,Recente,Medio,Aumentou,Media,Medio,Nenhuma,Sim
Basico,Media,Moderado,Medio,Manteve,Media,Medio,Nenhuma,Sim
Basico,Media,Recente,Medio,Manteve,Media,Baixo,Nenhuma,Nao
Premium,Media,Recente,Medio,Aumentou,Alta,Medio,Nenhuma,Nao
Intermediario,Alta,Recente,Alto,Aumentou,Baixa,Alto,Nenhuma,Nao
Intermediario,Alta,Recente,Alto,Diminuiu,Alta,Medio,Nenhuma,Nao
Basico,Baixa,Longo,Baixo,Manteve,Baixa,Baixo,Ocasional,Sim
Intermediario,Media,Moderado,Medio,Manteve,Alta,Alto,Nenhuma,Sim
Premium,Alta,Moderado,Alto,Diminuiu,Alta,Alto,Nenhuma,Nao
Basico,Alta,Recente,Alto,Manteve,Alta,Medio,Nenhuma,Nao
Intermediario,Media,Moderado,Medio,Aumentou,Alta,Alto,Nenhuma,Nao
Intermediario,Baixa,Moderado,Medio,Manteve,Media,Baixo,Ocasional,Sim
Premium,Media,Recente,Medio,Manteve,Media,Alto,Nenhuma,Nao
Basico,Baixa,Longo,Baixo,Manteve,Media,Baixo,Ocasional,Sim
Basico,Media,Moderado,Alto,Manteve,Baixa,Medio,Nenhuma,Sim
Basico,Media,Recente,Medio,Manteve,Alta,Alto,Nenhuma,Nao
Intermediario,Alta,Recente,Medio,Manteve,Media,Alto,Nenhuma,Nao
Basico,Baixa,Moderado,Baixo,Manteve,Media,Medio,Ocasional,Sim
Intermediario,Alta,Moderado,Alto,Aumentou,Baixa,Alto,Ocasional,Sim
Intermediario,Media,Moderado,Medio,Manteve,Alta,Medio,Nenhuma,Sim
Basico,Baixa,Recente,Baixo,Manteve,Baixa,Baixo,Nenhuma,Nao
Intermediario,Media,Recente,Baixo,Manteve,Media,Medio,Nenhuma,Nao
Intermediario,Alta,Moderado,Medio,Aumentou,Alta,Alto,Nenhuma,Nao
Intermediario,Alta,Recente,Medio,Aumentou,Alta,Alto,Nenhuma,Nao
Intermediario,Alta,Moderado,Medio,Manteve,Media,Medio,Ocasional,Sim
Intermediario,Baixa,Moderado,Baixo,Diminuiu,Alta,Medio,Nenhuma,Sim
Intermediario,Media,Recente,Medio,Aumentou,Baixa,Baixo,Ocasional,Sim
Basico,Baixa,Moderado,Baixo,Diminuiu,Baixa,Baixo,Nenhuma,Sim
Intermediario,Baixa,Longo,Baixo,Manteve,Media,Medio,Nenhuma,Sim
Intermediario,Alta,Moderado,Medio,Aumentou,Alta,Medio,Nenhuma,Nao
Intermediario,Alta,Recente,Alto,Manteve,Alta,Alto,Nenhuma,Nao
Basico,Media,Recente,Medio,Aumentou,Baixa,Alto,Nenhuma,Nao
Premium,Media,Recente,Medio,Diminuiu,Alta,Alto,Nenhuma,Nao
Premium,Media,Moderado,Alto,Manteve,Alta,Alto,Nenhuma,Nao
Basico,Media,Recente,Medio,Manteve,Media,Baixo,Ocasional,Sim
Premium,Media,Moderado,Medio,Aumentou,Alta,Alto,Nenhuma,Nao
Basico,Media,Recente,Medio,Manteve,Media,Alto,Recorrente,Nao
Intermediario,Media,Moderado,Baixo,Aumentou,Media,Medio,Ocasional,Sim
Basico,Media,Recente,Medio,Manteve,Alta,Alto,Nenhuma,Nao
Intermediario,Media,Recente,Baixo,Manteve,Media,Baixo,Nenhuma,Sim
Basico,Alta,Recente,Alto,Manteve,Alta,Baixo,Nenhuma,Nao
Basico,Baixa,Moderado,Baixo,Aumentou,Baixa,Baixo,Ocasional,Sim
Basico,Alta,Recente,Alto,Manteve,Alta,Medio,Nenhuma,Nao
Intermediario,Media,Longo,Medio,Manteve,Media,Medio,Nenhuma,Sim
Basico,Alta,Recente,Medio,Manteve,Media,Medio,Recorrente,Nao
Basico,Alta,Recente,Medio,Aumentou,Baixa,Baixo,Ocasional,Sim
Basico,Media,Moderado,Medio,Manteve,Alta,Alto,Nenhuma,Nao
Intermediario,Alta,Recente,Alto,Manteve,Media,Medio,Nenhuma,Nao
Basico,Baixa,Moderado,Baixo,Aumentou,Baixa,Medio,Nenhuma,Sim
Intermediario,Baixa,Recente,Medio,Manteve,Alta,Alto,Nenhuma,Nao
Basico,Media,Recente,Medio,Manteve,Baixa,Baixo,Nenhuma,Sim
Premium,Alta,Recente,Alto,Diminuiu,Alta,Alto,Nenhuma,Nao
Basico,Alta,Recente,Alto,Manteve,Baixa,Alto,Nenhuma,Nao
Basico,Alta,Recente,Alto,Manteve,Alta,Medio,Nenhuma,Nao
Premium,Alta,Recente,Alto,Manteve,Alta,Medio,Nenhuma,Nao
Intermediario,Media,Recente,Medio,Manteve,Alta,Alto,Nenhuma,Nao
Premium,Alta,Recente,Alto,Manteve,Alta,Medio,Nenhuma,Nao
Intermediario,Baixa,Moderado,Baixo,Manteve,Baixa,Baixo,Ocasional,Sim
Intermediario,Alta,Recente,Medio,Manteve,Media,Alto,Nenhuma,Nao
Intermediario,Baixa,Moderado,Baixo,Manteve,Baixa,Medio,Nenhuma,Sim
Intermediario,Media,Moderado,Alto,Aumentou,Media,Baixo,Ocasional,Nao
Intermediario,Alta,Recente,Medio,Aumentou,Baixa,Baixo,Ocasional,Sim
Intermediario,Media,Moderado,Alto,Aumentou,Baixa,Medio,Nenhuma,Sim
Basico,Media,Recente,Medio,Aumentou,Alta,Alto,Nenhuma,Nao
Intermediario,Alta,Recente,Alto,Manteve,Alta,Alto,Nenhuma,Nao
Basico,Baixa,Recente,Baixo,Manteve,Alta,Medio,Nenhuma,Sim
Basico,Media,Moderado,Medio,Manteve,Media,Medio,Nenhuma,Nao
Intermediario,Baixa,Moderado,Baixo,Manteve,Baixa,Baixo,Nenhuma,Sim
Intermediario,Media,Longo,Baixo,Aumentou,Baixa,Alto,Nenhuma,Sim
Intermediario,Media,Recente,Medio,Aumentou,Media,Alto,Ocasional,Sim
Basico,Alta,Recente,Alto,Aumentou,Alta,Alto,Nenhuma,Nao
Premium,Alta,Recente,Alto,Manteve,Alta,Alto,Nenhuma,Nao
Intermediario,Baixa,Moderado,Baixo,Aumentou,Baixa,Medio,Nenhuma,Sim
Basico,Media,Moderado,Baixo,Manteve,Baixa,Baixo,Nenhuma,Sim
Basico,Baixa,Moderado,Baixo,Diminuiu,Media,Alto,Nenhuma,Sim
Premium,Media,Moderado,Medio,Aumentou,Alta,Alto,Nenhuma,Nao
Basico,Alta,Recente,Medio,Manteve,Media,Medio,Nenhuma,Sim
Intermediario,Media,Moderado,Alto,Manteve,Alta,Medio,Nenhuma,Nao
Basico,Media,Recente,Alto,Aumentou,Media,Medio,Ocasional,Sim
Intermediario,Baixa,Moderado,Baixo,Aumentou,Baixa,Baixo,Ocasional,Sim
Intermediario,Alta,Recente,Alto,Manteve,Alta,Alto,Nenhuma,Nao
Intermediario,Media,Recente,Medio,Manteve,Alta,Baixo,Nenhuma,Sim
Basico,Alta,Recente,Alto,Manteve,Alta,Alto,Nenhuma,Nao
Premium,Baixa,Longo,Baixo,Manteve,Baixa,Baixo,Nenhuma,Sim
Basico,Media,Longo,Medio,Manteve,Baixa,Medio,Nenhuma,Sim
Intermediario,Alta,Recente,Alto,Manteve,Alta,Alto,Nenhuma,Nao
Intermediario,Alta,Recente,Medio,Manteve,Baixa,Medio,Nenhuma,Nao
Intermediario,Media,Recente,Medio,Manteve,Media,Medio,Nenhuma,Nao
Basico,Media,Recente,Medio,Manteve,Media,Medio,Ocasional,Nao
Premium,Baixa,Moderado,Medio,Diminuiu,Baixa,Alto,Nenhuma,Sim
Basico,Media,Moderado,Medio,Manteve,Media,Alto,Nenhuma,Nao
Premium,Media,Recente,Alto,Aumentou,Alta,Medio,Nenhuma,Nao
Intermediario,Media,Recente,Medio,Aumentou,Baixa,Baixo,Nenhuma,Sim
Basico,Baixa,Moderado,Baixo,Aumentou,Baixa,Baixo,Ocasional,Sim
Basico,Media,Moderado,Baixo,Manteve,Alta,Baixo,Nenhuma,Sim
Basico,Media,Recente,Medio,Manteve,Baixa,Medio,Recorrente,Nao
Premium,Alta,Recente,Alto,Aumentou,Alta,Alto,Nenhuma,Nao
Basico,Baixa,Recente,Baixo,Manteve,Media,Baixo,Nenhuma,Sim
Basico,Baixa,Longo,Baixo,Manteve,Baixa,Medio,Nenhuma,Sim
Premium,Media,Recente,Medio,Manteve,Alta,Medio,Nenhuma,Nao
Intermediario,Baixa,Longo,Baixo,Manteve,Media,Alto,Nenhuma,Sim
Intermediario,Baixa,Recente,Alto,Manteve,Alta,Medio,Nenhuma,Nao
Basico,Baixa,Longo,Baixo,Manteve,Media,Medio,Nenhuma,Sim
Basico,Media,Longo,Medio,Aumentou,Baixa,Medio,Nenhuma,Sim
Basico,Media,Recente,Medio,Manteve,Baixa,Alto,Nenhuma,Nao
Intermediario,Baixa,Moderado,Baixo,Aumentou,Media,Medio,Recorrente,Sim
Intermediario,Alta,Recente,Medio,Manteve,Alta,Alto,Nenhuma,Nao
Intermediario,Alta,Recente,Alto,Aumentou,Alta,Medio,Nenhuma,Nao
Basico,Alta,Moderado,Alto,Manteve,Alta,Alto,Nenhuma,Nao
Intermediario,Alta,Recente,Alto,Manteve,Media,Alto,Nenhuma,Nao
Premium,Media,Recente,Medio,Manteve,Media,Alto,Nenhuma,Nao
Basico,Media,Recente,Baixo,Manteve,Alta,Medio,Nenhuma,Nao
Premium,Baixa,Longo,Medio,Manteve,Alta,Medio,Nenhuma,Nao
Intermediario,Media,Recente,Alto,Manteve,Media,Baixo,Nenhuma,Nao
Intermediario,Alta,Recente,Medio,Manteve,Alta,Alto,Nenhuma,Nao
Intermediario,Alta,Recente,Alto,Manteve,Media,Medio,Ocasional,Nao
Intermediario,Media,Moderado,Alto,Manteve,Alta,Medio,Nenhuma,Nao
Basico,Media,Recente,Medio,Manteve,Media,Baixo,Ocasional,Nao
Intermediario,Media,Longo,Medio,Aumentou,Alta,Alto,Nenhuma,Sim
Premium,Media,Moderado,Medio,Aumentou,Alta,Alto,Nenhuma,Nao
Intermediario,Alta,Recente,Alto,Aumentou,Alta,Alto,Nenhuma,Nao
Premium,Media,Recente,Medio,Manteve,Alta,Medio,Nenhuma,Nao
Premium,Alta,Recente,Alto,Diminuiu,Alta,Alto,Nenhuma,Nao
Basico,Media,Moderado,Medio,Manteve,Media,Medio,Nenhuma,Nao
Intermediario,Alta,Recente,Alto,Manteve,Alta,Alto,Nenhuma,Nao
Basico,Media,Moderado,Medio,Diminuiu,Baixa,Baixo,Recorrente,Sim
Basico,Media,Recente,Baixo,Aumentou,Baixa,Alto,Nenhuma,Sim
Premium,Media,Moderado,Medio,Manteve,Media,Alto,Nenhuma,Nao
Intermediario,Media,Recente,Alto,Manteve,Media,Alto,Nenhuma,Nao
Basico,Media,Recente,Medio,Manteve,Alta,Alto,Nenhuma,Nao
Basico,Baixa,Recente,Baixo,Manteve,Alta,Medio,Nenhuma,Nao
Intermediario,Media,Recente,Alto,Aumentou,Alta,Medio,Nenhuma,Sim
Intermediario,Alta,Recente,Alto,Manteve,Baixa,Medio,Ocasional,Nao
Intermediario,Alta,Recente,Medio,Aumentou,Baixa,Medio,Nenhuma,Sim
Intermediario,Baixa,Longo,Baixo,Manteve,Alta,Baixo,Ocasional,Nao
Intermediario,Alta,Recente,Alto,Aumentou,Alta,Medio,Nenhuma,Nao
Intermediario,Media,Recente,Medio,Manteve,Media,Medio,Ocasional,Nao
Basico,Baixa,Moderado,Baixo,Manteve,Baixa,Baixo,Ocasional,Sim
Basico,Alta,Recente,Medio,Manteve,Alta,Alto,Nenhuma,Nao
Intermediario,Baixa,Moderado,Medio,Manteve,Baixa,Medio,Nenhuma,Sim
Premium,Alta,Recente,Alto,Aumentou,Baixa,Alto,Nenhuma,Nao
Intermediario,Alta,Recente,Alto,Manteve,Alta,Alto,Nenhuma,Nao
Basico,Baixa,Recente,Baixo,Manteve,Baixa,Medio,Nenhuma,Sim
Intermediario,Media,Moderado,Medio,Aumentou,Media,Medio,Nenhuma,Nao
Basico,Media,Moderado,Medio,Manteve,Media,Medio,Ocasional,Nao
Intermediario,Media,Moderado,Medio,Manteve,Media,Medio,Nenhuma,Sim
Intermediario,Media,Recente,Medio,Manteve,Media,Medio,Nenhuma,Nao
Intermediario,Media,Moderado,Alto,Diminuiu,Alta,Medio,Nenhuma,Nao
Premium,Alta,Recente,Medio,Aumentou,Alta,Alto,Nenhuma,Nao
Premium,Alta,Recente,Alto,Manteve,Alta,Medio,Nenhuma,Nao
Basico,Alta,Recente,Medio,Manteve,Media,Alto,Nenhuma,Nao
Basico,Media,Recente,Medio,Manteve,Baixa,Baixo,Nenhuma,Nao
Intermediario,Alta,Recente,Alto,Aumentou,Alta,Medio,Nenhuma,Nao
Premium,Media,Recente,Medio,Aumentou,Media,Medio,Nenhuma,Nao
Premium,Media,Moderado,Medio,Manteve,Media,Alto,Nenhuma,Nao
Basico,Baixa,Longo,Baixo,Manteve,Media,Medio,Nenhuma,Sim
Intermediario,Media,Moderado,Medio,Aumentou,Media,Medio,Nenhuma,Sim
Basico,Alta,Recente,Alto,Aumentou,Baixa,Medio,Nenhuma,Nao
Basico,Media,Moderado,Medio,Manteve,Baixa,Medio,Recorrente,Sim
Basico,Baixa,Moderado,Baixo,Diminuiu,Baixa,Medio,Nenhuma,Sim
Premium,Alta,Recente,Alto,Aumentou,Alta,Alto,Nenhuma,Nao
Intermediario,Alta,Recente,Alto,Aumentou,Media,Medio,Nenhuma,Nao
Basico,Alta,Recente,Alto,Aumentou,Alta,Medio,Recorrente,Nao
Basico,Media,Moderado,Medio,Manteve,Alta,Baixo,Nenhuma,Nao
Basico,Alta,Recente,Medio,Manteve,Baixa,Alto,Nenhuma,Nao
Basico,Baixa,Moderado,Medio,Manteve,Alta,Alto,Nenhuma,Sim
Basico,Alta,Recente,Baixo,Manteve,Media,Medio,Ocasional,Nao
Intermediario,Media,Recente,Baixo,Aumentou,Alta,Alto,Nenhuma,Sim
Basico,Media,Longo,Alto,Manteve,Alta,Baixo,Ocasional,Sim
Intermediario,Alta,Recente,Medio,Aumentou,Alta,Alto,Nenhuma,Nao
Basico,Media,Recente,Baixo,Manteve,Media,Medio,Nenhuma,Sim
Intermediario,Media,Moderado,Medio,Aumentou,Alta,Medio,Nenhuma,Nao
Intermediario,Media,Recente,Medio,Manteve,Alta,Medio,Nenhuma,Nao
Premium,Alta,Moderado,Alto,Aumentou,Media,Alto,Nenhuma,Nao
Basico,Baixa,Moderado,Baixo,Aumentou,Media,Medio,Nenhuma,Sim
Intermediario,Media,Moderado,Medio,Manteve,Baixa,Medio,Nenhuma,Sim
Intermediario,Media,Moderado,Medio,Manteve,Baixa,Medio,Nenhuma,Nao
Intermediario,Alta,Recente,Medio,Manteve,Alta,Alto,Nenhuma,Nao
Basico,Media,Recente,Medio,Manteve,Media,Baixo,Nenhuma,Nao
Basico,Alta,Recente,Medio,Manteve,Alta,Alto,Nenhuma,Nao
Intermediario,Baixa,Longo,Baixo,Aumentou,Media,Alto,Ocasional,Sim
Basico,Media,Recente,Medio,Manteve,Media,Medio,Nenhuma,Sim
Intermediario,Alta,Recente,Medio,Manteve,Alta,Alto,Ocasional,Nao
Basico,Baixa,Moderado,Baixo,Manteve,Media,Baixo,Ocasional,Sim
Intermediario,Alta,Recente,Alto,Manteve,Alta,Alto,Nenhuma,Nao
Intermediario,Alta,Moderado,Alto,Manteve,Alta,Medio,Nenhuma,Nao
Intermediario,Baixa,Longo,Baixo,Manteve,Baixa,Alto,Nenhuma,Sim
Basico,Baixa,Moderado,Baixo,Aumentou,Baixa,Baixo,Ocasional,Sim
Basico,Media,Recente,Medio,Manteve,Media,Baixo,Ocasional,Sim
Basico,Baixa,Moderado,Baixo,Aumentou,Baixa,Alto,Nenhuma,Sim
Premium,Media,Moderado,Medio,Aumentou,Media,Alto,Nenhuma,Nao
Intermediario,Alta,Recente,Alto,Aumentou,Baixa,Alto,Nenhuma,Nao
Basico,Media,Longo,Medio,Aumentou,Baixa,Medio,Ocasional,Sim
Premium,Media,Recente,Alto,Manteve,Alta,Alto,Nenhuma,Nao
Premium,Alta,Recente,Medio,Manteve,Baixa,Medio,Nenhuma,Nao
Intermediario,Alta,Recente,Medio,Manteve,Alta,Alto,Nenhuma,Nao
Intermediario,Baixa,Moderado,Baixo,Manteve,Baixa,Alto,Nenhuma,Nao
Premium,Baixa,Longo,Baixo,Aumentou,Baixa,Medio,Ocasional,Sim
Intermediario,Media,Longo,Medio,Manteve,Alta,Alto,Ocasional,Sim
Basico,Baixa,Moderado,Baixo,Aumentou,Baixa,Medio,Nenhuma,Sim
Basico,Alta,Recente,Alto,Aumentou,Baixa,Alto,Nenhuma,Sim
Premium,Baixa,Longo,Baixo,Diminuiu,Baixa,Baixo,Nenhuma,Sim
Basico,Media,Moderado,Baixo,Manteve,Media,Medio,Recorrente,Sim
Basico,Baixa,Moderado,Baixo,Aumentou,Baixa,Medio,Nenhuma,Sim
Intermediario,Baixa,Moderado,Baixo,Aumentou,Alta,Alto,Nenhuma,Sim
Basico,Media,Recente,Medio,Manteve,Alta,Medio,Nenhuma,Nao
Intermediario,Alta,Recente,Alto,Aumentou,Alta,Medio,Nenhuma,Nao
Intermediario,Baixa,Longo,Baixo,Aumentou,Baixa,Baixo,Recorrente,Sim
Premium,Media,Recente,Baixo,Aumentou,Alta,Alto,Nenhuma,Nao
Intermediario,Alta,Recente,Medio,Manteve,Media,Medio,Ocasional,Nao
Premium,Alta,Recente,Alto,Manteve,Alta,Alto,Nenhuma,Nao
Intermediario,Alta,Recente,Baixo,Manteve,Alta,Medio,Nenhuma,Nao
Intermediario,Media,Moderado,Medio,Manteve,Media,Medio,Nenhuma,Nao
Basico,Baixa,Moderado,Baixo,Aumentou,Baixa,Medio,Recorrente,Sim
Premium,Media,Recente,Medio,Manteve,Alta,Alto,Nenhuma,Nao
Intermediario,Baixa,Recente,Baixo,Manteve,Baixa,Baixo,Ocasional,Sim
Premium,Alta,Recente,Medio,Manteve,Alta,Medio,Nenhuma,Nao
Basico,Baixa,Longo,Baixo,Manteve,Media,Alto,Nenhuma,Sim
Intermediario,Media,Recente,Medio,Manteve,Alta,Medio,Ocasional,Nao
Basico,Media,Moderado,Medio,Manteve,Media,Baixo,Nenhuma,Nao
Basico,Media,Moderado,Medio,Manteve,Media,Baixo,Recorrente,Sim
Premium,Alta,Recente,Medio,Aumentou,Alta,Medio,Nenhuma,Nao
Intermediario,Media,Recente,Medio,Aumentou,Media,Medio,Nenhuma,Nao
Premium,Alta,Recente,Alto,Manteve,Alta,Medio,Nenhuma,Nao
Basico,Media,Longo,Baixo,Manteve,Media,Medio,Ocasional,Sim
Intermediario,Alta,Recente,Baixo,Manteve,Alta,Medio,Nenhuma,Nao
Premium,Alta,Recente,Alto,Aumentou,Alta,Medio,Nenhuma,Nao
Intermediario,Alta,Recente,Alto,Manteve,Alta,Alto,Nenhuma,Nao
Basico,Media,Moderado,Medio,Aumentou,Baixa,Medio,Nenhuma,Sim
Premium,Media,Moderado,Medio,Aumentou,Media,Alto,Nenhuma,Sim
Basico,Media,Recente,Baixo,Aumentou,Baixa,Alto,Nenhuma,Sim
Premium,Media,Moderado,Medio,Manteve,Alta,Medio,Nenhuma,Nao
Premium,Media,Moderado,Baixo,Manteve,Baixa,Medio,Nenhuma,Sim
Premium,Alta,Recente,Alto,Manteve,Alta,Alto,Nenhuma,Nao
Premium,Baixa,Moderado,Baixo,Aumentou,Baixa,Medio,Nenhuma,Sim
Premium,Baixa,Moderado,Baixo,Manteve,Baixa,Medio,Ocasional,Sim
Basico,Media,Recente,Medio,Aumentou,Media,Alto,Nenhuma,Nao
Basico,Alta,Recente,Alto,Manteve,Alta,Alto,Nenhuma,Nao
Intermediario,Alta,Recente,Medio,Manteve,Alta,Alto,Nenhuma,Nao
Basico,Media,Recente,Baixo,Manteve,Media,Medio,Ocasional,Sim
Premium,Alta,Recente,Alto,Manteve,Alta,Alto,Nenhuma,Nao
Basico,Media,Recente,Medio,Aumentou,Baixa,Medio,Nenhuma,Sim
Basico,Media,Recente,Medio,Manteve,Baixa,Alto,Nenhuma,Sim
Basico,Alta,Recente,Baixo,Manteve,Alta,Alto,Nenhuma,Nao
Basico,Media,Recente,Medio,Manteve,Baixa,Medio,Nenhuma,Nao
Basico,Baixa,Longo,Baixo,Diminuiu,Baixa,Medio,Nenhuma,Sim
Premium,Alta,Recente,Alto,Aumentou,Alta,Alto,Nenhuma,Nao
Premium,Alta,Recente,Alto,Manteve,Alta,Medio,Nenhuma,Nao
Intermediario,Media,Moderado,Medio,Manteve,Alta,Baixo,Recorrente,Sim
Basico,Baixa,Recente,Baixo,Manteve,Media,Medio,Nenhuma,Nao
Intermediario,Alta,Moderado,Alto,Manteve,Alta,Alto,Nenhuma,Nao
Basico,Baixa,Moderado,Baixo,Manteve,Baixa,Baixo,Nenhuma,Sim
Basico,Baixa,Moderado,Medio,Manteve,Media,Alto,Nenhuma,Nao
Basico,Baixa,Recente,Baixo,Aumentou,Baixa,Baixo,Nenhuma,Sim
Basico,Media,Recente,Medio,Manteve,Media,Medio,Nenhuma,Nao
Basico,Media,Recente,Medio,Manteve,Media,Alto,Nenhuma,Nao
Basico,Media,Recente,Baixo,Manteve,Alta,Medio,Nenhuma,Nao
Intermediario,Media,Recente,Baixo,Manteve,Alta,Medio,Nenhuma,Nao
Intermediario,Alta,Recente,Medio,Manteve,Alta,Alto,Recorrente,Nao
Intermediario,Media,Recente,Medio,Manteve,Media,Alto,Nenhuma,Nao
Premium,Alta,Recente,Alto,Manteve,Alta,Alto,Nenhuma,Nao
Premium,Media,Recente,Baixo,Aumentou,Baixa,Alto,Nenhuma,Nao
Basico,Baixa,Longo,Baixo,Manteve,Baixa,Baixo,Nenhuma,Sim
Basico,Alta,Recente,Medio,Aumentou,Baixa,Alto,Nenhuma,Sim
Intermediario,Baixa,Longo,Baixo,Manteve,Media,Medio,Nenhuma,Nao
Basico,Baixa,Moderado,Medio,Manteve,Alta,Baixo,Recorrente,Sim
Intermediario,Media,Longo,Medio,Manteve,Media,Medio,Nenhuma,Sim
Basico,Alta,Recente,Alto,Manteve,Baixa,Alto,Nenhuma,Nao
Basico,Media,Recente,Baixo,Manteve,Baixa,Medio,Recorrente,Sim
Basico,Media,Recente,Medio,Manteve,Media,Medio,Nenhuma,Nao
Premium,Alta,Recente,Alto,Manteve,Alta,Alto,Nenhuma,Nao
Basico,Baixa,Recente,Baixo,Manteve,Alta,Alto,Nenhuma,Nao
Basico,Alta,Moderado,Medio,Manteve,Media,Medio,Nenhuma,Nao
Basico,Alta,Recente,Medio,Manteve,Media,Medio,Nenhuma,Nao
Intermediario,Media,Recente,Medio,Manteve,Baixa,Medio,Nenhuma,Nao
Premium,Baixa,Moderado,Baixo,Manteve,Media,Baixo,Ocasional,Nao
Premium,Media,Moderado,Baixo,Aumentou,Media,Medio,Recorrente,Nao
Premium,Baixa,Recente,Baixo,Aumentou,Baixa,Alto,Nenhuma,Nao
Basico,Baixa,Recente,Medio,Manteve,Media,Alto,Nenhuma,Sim
Intermediario,Media,Recente,Medio,Aumentou,Baixa,Medio,Nenhuma,Sim
Intermediario,Media,Recente,Alto,Aumentou,Baixa,Alto,Ocasional,Sim
Intermediario,Alta,Recente,Medio,Aumentou,Baixa,Alto,Nenhuma,Nao
Basico,Alta,Recente,Medio,Aumentou,Alta,Alto,Nenhuma,Nao
Premium,Alta,Recente,Medio,Aumentou,Alta,Alto,Nenhuma,Nao
Intermediario,Media,Recente,Medio,Aumentou,Baixa,Medio,Recorrente,Sim
Intermediario,Alta,Recente,Alto,Manteve,Alta,Alto,Nenhuma,Nao
Intermediario,Alta,Recente,Alto,Manteve,Alta,Alto,Nenhuma,Nao
Basico,Alta,Recente,Alto,Manteve,Alta,Alto,Nenhuma,Nao
Premium,Media,Recente,Alto,Manteve,Alta,Alto,Ocasional,Nao
Basico,Alta,Recente,Medio,Aumentou,Baixa,Alto,Ocasional,Sim
Premium,Baixa,Moderado,Alto,Manteve,Alta,Medio,Nenhuma,Nao
Basico,Alta,Recente,Medio,Aumentou,Baixa,Medio,Ocasional,Sim
Basico,Media,Moderado,Medio,Aumentou,Baixa,Baixo,Recorrente,Sim
Premium,Media,Recente,Medio,Aumentou,Alta,Baixo,Nenhuma,Nao
Basico,Media,Moderado,Medio,Diminuiu,Alta,Medio,Nenhuma,Nao
Intermediario,Media,Longo,Baixo,Manteve,Alta,Medio,Nenhuma,Sim
Intermediario,Alta,Recente,Alto,Aumentou,Alta,Alto,Nenhuma,Nao
Basico,Media,Moderado,Medio,Manteve,Media,Medio,Nenhuma,Nao
Basico,Media,Recente,Medio,Manteve,Alta,Medio,Nenhuma,Nao
Premium,Media,Longo,Medio,Manteve,Alta,Alto,Nenhuma,Nao
Intermediario,Alta,Recente,Alto,Manteve,Media,Baixo,Nenhuma,Nao
Basico,Media,Moderado,Medio,Aumentou,Media,Alto,Nenhuma,Nao
Basico,Baixa,Longo,Baixo,Manteve,Baixa,Medio,Nenhuma,Sim
Basico,Baixa,Moderado,Baixo,Manteve,Media,Alto,Nenhuma,Sim
Intermediario,Media,Recente,Medio,Manteve,Media,Medio,Nenhuma,Nao
Intermediario,Media,Moderado,Medio,Manteve,Media,Medio,Nenhuma,Nao
Basico,Baixa,Longo,Baixo,Aumentou,Baixa,Medio,Recorrente,Sim
Intermediario,Media,Longo,Alto,Manteve,Alta,Alto,Nenhuma,Nao
Premium,Alta,Recente,Alto,Manteve,Alta,Medio,Nenhuma,Nao
Basico,Media,Moderado,Medio,Manteve,Alta,Alto,Nenhuma,Sim
Basico,Media,Recente,Medio,Manteve,Media,Medio,Ocasional,Nao
Intermediario,Alta,Recente,Medio,Manteve,Media,Medio,Nenhuma,Nao
Basico,Media,Recente,Baixo,Manteve,Media,Medio,Recorrente,Sim
Intermediario,Media,Moderado,Medio,Manteve,Media,Medio,Nenhuma,Sim
Intermediario,Baixa,Moderado,Baixo,Aumentou,Baixa,Medio,Nenhuma,Sim
Basico,Media,Recente,Baixo,Manteve,Media,Baixo,Recorrente,Nao
Basico,Alta,Recente,Medio,Manteve,Alta,Medio,Ocasional,Nao
Premium,Baixa,Longo,Baixo,Manteve,Alta,Alto,Nenhuma,Sim
Intermediario,Alta,Recente,Baixo,Manteve,Alta,Alto,Nenhuma,Nao
Premium,Alta,Recente,Alto,Manteve,Baixa,Medio,Nenhuma,Nao
Premium,Alta,Longo,Alto,Aumentou,Alta,Alto,Nenhuma,Sim
Basico,Baixa,Longo,Baixo,Manteve,Alta,Alto,Ocasional,Sim
Premium,Alta,Recente,Alto,Aumentou,Alta,Alto,Nenhuma,Nao
Premium,Baixa,Longo,Baixo,Manteve,Alta,Alto,Nenhuma,Sim
Intermediario,Alta,Recente,Medio,Manteve,Alta,Alto,Nenhuma,Nao
Intermediario,Alta,Moderado,Alto,Manteve,Alta,Medio,Nenhuma,Nao
Basico,Media,Recente,Medio,Manteve,Media,Medio,Ocasional,Sim
Intermediario,Media,Recente,Medio,Manteve,Media,Medio,Nenhuma,Nao
Basico,Alta,Recente,Medio,Manteve,Media,Medio,Nenhuma,Nao
Basico,Media,Recente,Medio,Manteve,Media,Medio,Ocasional,Nao
Premium,Alta,Recente,Alto,Aumentou,Alta,Medio,Nenhuma,Nao
Basico,Baixa,Moderado,Medio,Aumentou,Baixa,Medio,Nenhuma,Sim
Basico,Baixa,Longo,Baixo,Aumentou,Baixa,Baixo,Nenhuma,Sim
Basico,Baixa,Moderado,Baixo,Aumentou,Baixa,Baixo,Nenhuma,Sim
Intermediario,Media,Recente,Medio,Aumentou,Baixa,Baixo,Nenhuma,Nao
Basico,Baixa,Moderado,Baixo,Manteve,Media,Medio,Nenhuma,Sim
Basico,Media,Moderado,Medio,Manteve,Alta,Medio,Nenhuma,Sim
Basico,Baixa,Moderado,Baixo,Aumentou,Baixa,Baixo,Ocasional,Sim
Premium,Alta,Recente,Medio,Aumentou,Baixa,Medio,Ocasional,Nao
Basico,Media,Moderado,Medio,Aumentou,Baixa,Medio,Nenhuma,Sim
Basico,Media,Longo,Baixo,Diminuiu,Alta,Alto,Nenhuma,Sim
Premium,Alta,Recente,Medio,Aumentou,Alta,Alto,Nenhuma,Nao
Premium,Media,Moderado,Alto,Aumentou,Baixa,Baixo,Nenhuma,Sim
Intermediario,Alta,Recente,Alto,Diminuiu,Alta,Alto,Nenhuma,Nao
Premium,Media,Longo,Alto,Diminuiu,Media,Medio,Ocasional,Nao
Basico,Media,Moderado,Baixo,Diminuiu,Alta,Baixo,Recorrente,Sim
Intermediario,Alta,Moderado,Alto,Manteve,Alta,Alto,Nenhuma,Nao
Basico,Alta,Recente,Baixo,Manteve,Baixa,Baixo,Nenhuma,Nao
Basico,Media,Recente,Alto,Manteve,Alta,Baixo,Ocasional,Sim
Intermediario,Baixa,Longo,Medio,Aumentou,Media,Medio,Nenhuma,Sim
Basico,Media,Recente,Medio,Manteve,Baixa,Medio,Nenhuma,Nao
Basico,Media,Recente,Medio,Manteve,Alta,Medio,Nenhuma,Nao
Intermediario,Media,Moderado,Baixo,Aumentou,Media,Medio,Nenhuma,Sim
Basico,Media,Moderado,Medio,Manteve,Baixa,Baixo,Nenhuma,Sim
Intermediario,Alta,Recente,Alto,Aumentou,Baixa,Medio,Nenhuma,Nao
Basico,Media,Recente,Medio,Manteve,Media,Medio,Nenhuma,Nao
Intermediario,Baixa,Longo,Medio,Manteve,Media,Medio,Ocasional,Sim
Premium,Alta,Recente,Alto,Manteve,Alta,Baixo,Nenhuma,Nao
Intermediario,Baixa,Moderado,Medio,Manteve,Baixa,Medio,Nenhuma,Sim
Intermediario,Media,Moderado,Medio,Manteve,Baixa,Alto,Nenhuma,Sim
Basico,Baixa,Recente,Baixo,Aumentou,Baixa,Medio,Nenhuma,Sim
Intermediario,Media,Recente,Medio,Manteve,Alta,Medio,Nenhuma,Nao
Intermediario,Media,Recente,Medio,Manteve,Alta,Medio,Ocasional,Nao
Basico,Alta,Recente,Alto,Manteve,Media,Medio,Nenhuma,Nao
Basico,Media,Moderado,Baixo,Manteve,Media,Alto,Nenhuma,Nao
Intermediario,Media,Moderado,Medio,Manteve,Alta,Medio,Nenhuma,Sim
Basico,Alta,Recente,Alto,Aumentou,Baixa,Alto,Ocasional,Nao
Basico,Media,Moderado,Medio,Manteve,Media,Medio,Nenhuma,Sim
Intermediario,Alta,Recente,Medio,Aumentou,Baixa,Alto,Nenhuma,Sim
Intermediario,Alta,Recente,Alto,Aumentou,Alta,Alto,Nenhuma,Nao
Premium,Media,Moderado,Baixo,Manteve,Media,Medio,Nenhuma,Nao
Intermediario,Baixa,Longo,Medio,Manteve,Baixa,Medio,Nenhuma,Sim
Basico,Alta,Recente,Alto,Manteve,Alta,Alto,Ocasional,Nao
Basico,Media,Recente,Medio,Manteve,Baixa,Medio,Nenhuma,Sim
Basico,Baixa,Longo,Baixo,Manteve,Alta,Alto,Recorrente,Sim
Intermediario,Media,Moderado,Medio,Manteve,Media,Baixo,Nenhuma,Sim
Intermediario,Media,Recente,Medio,Manteve,Media,Alto,Nenhuma,Nao
Intermediario,Alta,Recente,Alto,Manteve,Alta,Alto,Nenhuma,Nao
Basico,Alta,Recente,Alto,Manteve,Alta,Medio,Ocasional,Nao
Intermediario,Alta,Recente,Medio,Manteve,Alta,Medio,Nenhuma,Nao
Intermediario,Alta,Recente,Alto,Manteve,Alta,Medio,Nenhuma,Nao
Basico,Alta,Recente,Alto,Aumentou,Baixa,Alto,Nenhuma,Nao
Basico,Media,Recente,Medio,Aumentou,Media,Medio,Nenhuma,Sim
Basico,Media,Recente,Medio,Manteve,Media,Baixo,Recorrente,Nao
Intermediario,Baixa,Moderado,Baixo,Aumentou,Baixa,Medio,Nenhuma,Sim
Basico,Media,Recente,Medio,Aumentou,Baixa,Medio,Nenhuma,Nao
Basico,Media,Moderado,Medio,Manteve,Media,Medio,Nenhuma,Nao
Premium,Media,Recente,Baixo,Manteve,Alta,Medio,Nenhuma,Nao
Intermediario,Alta,Recente,Alto,Manteve,Baixa,Alto,Nenhuma,Nao
Basico,Alta,Recente,Baixo,Manteve,Alta,Medio,Nenhuma,Nao
Basico,Alta,Recente,Medio,Manteve,Alta,Alto,Nenhuma,Nao
Intermediario,Alta,Recente,Medio,Diminuiu,Alta,Alto,Nenhuma,Nao
Basico,Alta,Recente,Alto,Manteve,Alta,Medio,Nenhuma,Nao
Basico,Media,Recente,Medio,Manteve,Alta,Medio,Nenhuma,Nao
Intermediario,Media,Moderado,Baixo,Manteve,Alta,Alto,Nenhuma,Sim
Premium,Baixa,Recente,Baixo,Manteve,Baixa,Medio,Nenhuma,Sim
Premium,Media,Recente,Medio,Aumentou,Baixa,Medio,Nenhuma,Nao
Intermediario,Baixa,Longo,Baixo,Manteve,Baixa,Baixo,Nenhuma,Sim
Basico,Alta,Recente,Alto,Diminuiu,Alta,Alto,Nenhuma,Nao
Basico,Alta,Recente,Alto,Manteve,Alta,Medio,Nenhuma,Nao
Premium,Media,Moderado,Medio,Manteve,Alta,Medio,Nenhuma,Nao
Intermediario,Alta,Recente,Alto,Aumentou,Alta,Alto,Ocasional,Nao
Intermediario,Alta,Recente,Alto,Manteve,Alta,Alto,Nenhuma,Nao
Premium,Media,Recente,Medio,Aumentou,Media,Alto,Nenhuma,Nao
Premium,Alta,Recente,Alto,Manteve,Alta,Medio,Nenhuma,Nao
Basico,Media,Moderado,Medio,Manteve,Media,Medio,Nenhuma,Sim
Intermediario,Alta,Recente,Alto,Diminuiu,Alta,Alto,Nenhuma,Nao
Premium,Alta,Recente,Medio,Aumentou,Baixa,Alto,Nenhuma,Nao
Basico,Media,Recente,Medio,Aumentou,Baixa,Alto,Ocasional,Sim
Intermediario,Alta,Recente,Alto,Aumentou,Alta,Alto,Nenhuma,Nao
Premium,Baixa,Longo,Baixo,Manteve,Alta,Medio,Nenhuma,Nao
Basico,Media,Moderado,Medio,Manteve,Alta,Alto,Ocasional,Nao
Basico,Baixa,Moderado,Baixo,Manteve,Media,Alto,Nenhuma,Nao
Premium,Alta,Recente,Medio,Manteve,Media,Alto,Nenhuma,Nao
Intermediario,Alta,Recente,Medio,Manteve,Baixa,Alto,Nenhuma,Nao
Basico,Baixa,Recente,Baixo,Manteve,Baixa,Baixo,Nenhuma,Sim
Intermediario,Media,Recente,Medio,Manteve,Alta,Medio,Nenhuma,Nao
Intermediario,Alta,Moderado,Alto,Aumentou,Baixa,Alto,Nenhuma,Nao
Basico,Alta,Recente,Medio,Manteve,Media,Alto,Nenhuma,Nao
Intermediario,Alta,Recente,Alto,Aumentou,Baixa,Baixo,Nenhuma,Sim
Basico,Alta,Recente,Alto,Manteve,Baixa,Alto,Nenhuma,Nao
Intermediario,Alta,Recente,Alto,Manteve,Baixa,Baixo,Nenhuma,Sim
Premium,Alta,Recente,Alto,Aumentou,Alta,Medio,Nenhuma,Nao
Basico,Baixa,Longo,Baixo,Aumentou,Baixa,Alto,Ocasional,Sim
Basico,Media,Moderado,Baixo,Aumentou,Baixa,Medio,Nenhuma,Sim
Premium,Media,Moderado,Medio,Manteve,Alta,Medio,Nenhuma,Nao
Premium,Media,Recente,Medio,Manteve,Alta,Alto,Nenhuma,Nao
Basico,Media,Moderado,Baixo,Aumentou,Baixa,Baixo,Nenhuma,Sim
Premium,Alta,Recente,Alto,Manteve,Alta,Alto,Nenhuma,Nao
Intermediario,Alta,Recente,Alto,Diminuiu,Media,Medio,Nenhuma,Nao
Basico,Baixa,Longo,Medio,Diminuiu,Media,Alto,Nenhuma,Sim
Basico,Baixa,Moderado,Baixo,Manteve,Alta,Alto,Nenhuma,Sim
Premium,Media,Recente,Medio,Manteve,Alta,Alto,Nenhuma,Nao
Premium,Baixa,Moderado,Baixo,Aumentou,Baixa,Baixo,Recorrente,Sim
Basico,Media,Moderado,Baixo,Manteve,Media,Medio,Nenhuma,Sim
Premium,Baixa,Moderado,Baixo,Manteve,Baixa,Medio,Nenhuma,Sim
Premium,Alta,Recente,Alto,Manteve,Alta,Alto,Nenhuma,Nao
Intermediario,Media,Recente,Medio,Aumentou,Baixa,Alto,Nenhuma,Nao
Premium,Media,Recente,Baixo,Aumentou,Baixa,Alto,Nenhuma,Sim
Intermediario,Alta,Recente,Alto,Manteve,Alta,Alto,Nenhuma,Nao
Intermediario,Media,Recente,Medio,Manteve,Media,Alto,Nenhuma,Nao
Basico,Media,Recente,Medio,Diminuiu,Baixa,Medio,Ocasional,Nao
Premium,Alta,Recente,Alto,Manteve,Alta,Alto,Nenhuma,Nao
Intermediario,Media,Moderado,Medio,Aumentou,Alta,Alto,Nenhuma,Sim
Basico,Media,Recente,Medio,Manteve,Media,Medio,Nenhuma,Nao
Basico,Baixa,Recente,Baixo,Aumentou,Baixa,Baixo,Nenhuma,Sim
Basico,Media,Moderado,Baixo,Manteve,Media,Baixo,Ocasional,Sim
Intermediario,Alta,Recente,Alto,Manteve,Media,Alto,Nenhuma,Nao
Basico,Alta,Recente,Alto,Manteve,Baixa,Baixo,Nenhuma,Sim
Intermediario,Media,Recente,Medio,Aumentou,Alta,Alto,Nenhuma,Nao
Basico,Baixa,Recente,Baixo,Manteve,Media,Alto,Nenhuma,Sim
Basico,Alta,Recente,Alto,Manteve,Alta,Alto,Nenhuma,Nao
Premium,Baixa,Moderado,Baixo,Manteve,Baixa,Baixo,Nenhuma,Sim
Basico,Media,Recente,Medio,Manteve,Baixa,Baixo,Ocasional,Nao
Intermediario,Media,Recente,Medio,Manteve,Baixa,Baixo,Nenhuma,Nao
Basico,Media,Moderado,Baixo,Manteve,Media,Medio,Nenhuma,Nao
Premium,Alta,Recente,Alto,Manteve,Media,Baixo,Nenhuma,Nao
Basico,Alta,Recente,Alto,Manteve,Alta,Alto,Ocasional,Nao
Intermediario,Alta,Recente,Medio,Manteve,Alta,Alto,Nenhuma,Nao
Intermediario,Alta,Recente,Medio,Manteve,Media,Medio,Nenhuma,Nao
Basico,Baixa,Moderado,Baixo,Aumentou,Baixa,Medio,Nenhuma,Sim
Intermediario,Alta,Recente,Medio,Manteve,Alta,Medio,Nenhuma,Nao
Basico,Media,Recente,Baixo,Manteve,Baixa,Medio,Ocasional,Sim
Basico,Baixa,Recente,Baixo,Manteve,Media,Baixo,Recorrente,Sim
Intermediario,Media,Recente,Alto,Manteve,Baixa,Medio,Ocasional,Nao
Intermediario,Alta,Recente,Alto,Manteve,Alta,Alto,Nenhuma,Nao
Intermediario,Baixa,Longo,Baixo,Manteve,Baixa,Baixo,Nenhuma,Sim
Intermediario,Media,Recente,Medio,Aumentou,Alta,Medio,Nenhuma,Sim
Basico,Baixa,Moderado,Baixo,Aumentou,Baixa,Medio,Nenhuma,Sim
Basico,Alta,Recente,Alto,Aumentou,Baixa,Baixo,Nenhuma,Sim
Premium,Media,Recente,Medio,Diminuiu,Media,Alto,Nenhuma,Nao
Intermediario,Media,Recente,Medio,Manteve,Media,Alto,Nenhuma,Nao
Intermediario,Baixa,Recente,Baixo,Diminuiu,Media,Baixo,Nenhuma,Nao
Intermediario,Baixa,Recente,Baixo,Aumentou,Media,Medio,Ocasional,Sim
Intermediario,Baixa,Longo,Medio,Aumentou,Baixa,Baixo,Recorrente,Sim
Basico,Alta,Recente,Alto,Manteve,Alta,Medio,Nenhuma,Nao
Basico,Media,Recente,Medio,Manteve,Media,Medio,Nenhuma,Nao
Basico,Baixa,Recente,Medio,Manteve,Media,Medio,Ocasional,Nao
Basico,Alta,Recente,Alto,Manteve,Alta,Medio,Nenhuma,Nao
Intermediario,Baixa,Moderado,Baixo,Manteve,Alta,Alto,Nenhuma,Nao
Basico,Alta,Recente,Alto,Manteve,Media,Alto,Nenhuma,Nao
Basico,Baixa,Longo,Medio,Manteve,Media,Baixo,Ocasional,Sim
Basico,Media,Recente,Baixo,Manteve,Media,Medio,Nenhuma,Nao
Premium,Baixa,Longo,Medio,Aumentou,Media,Medio,Nenhuma,Sim
Premium,Media,Recente,Medio,Diminuiu,Media,Medio,Nenhuma,Nao
Basico,Media,Moderado,Medio,Manteve,Baixa,Baixo,Nenhuma,Sim
Basico,Media,Recente,Medio,Manteve,Baixa,Alto,Ocasional,Sim
Intermediario,Baixa,Longo,Baixo,Manteve,Media,Medio,Ocasional,Sim
Basico,Media,Moderado,Medio,Manteve,Baixa,Baixo,Nenhuma,Sim
Basico,Media,Recente,Medio,Manteve,Baixa,Alto,Ocasional,Nao
Intermediario,Media,Moderado,Alto,Aumentou,Baixa,Alto,Nenhuma,Sim
Intermediario,Baixa,Moderado,Baixo,Aumentou,Media,Baixo,Nenhuma,Sim
Premium,Alta,Recente,Medio,Diminuiu,Alta,Alto,Nenhuma,Nao
Basico,Media,Recente,Medio,Aumentou,Media,Baixo,Ocasional,Sim
Basico,Media,Recente,Medio,Manteve,Baixa,Baixo,Nenhuma,Sim
Intermediario,Alta,Recente,Alto,Manteve,Media,Medio,Nenhuma,Nao
Basico,Baixa,Longo,Baixo,Diminuiu,Baixa,Baixo,Nenhuma,Sim
Basico,Media,Moderado,Medio,Aumentou,Baixa,Baixo,Nenhuma,Sim
Premium,Alta,Recente,Alto,Manteve,Alta,Alto,Nenhuma,Nao
Basico,Media,Recente,Medio,Manteve,Baixa,Medio,Nenhuma,Nao
Premium,Baixa,Longo,Baixo,Manteve,Baixa,Medio,Nenhuma,Sim
Premium,Media,Recente,Alto,Aumentou,Baixa,Baixo,Nenhuma,Sim
Intermediario,Baixa,Recente,Baixo,Manteve,Media,Baixo,Nenhuma,Sim
Basico,Media,Moderado,Baixo,Aumentou,Media,Medio,Nenhuma,Nao
Premium,Alta,Recente,Alto,Diminuiu,Alta,Alto,Nenhuma,Nao
Basico,Media,Longo,Baixo,Manteve,Baixa,Baixo,Recorrente,Sim
Basico,Media,Moderado,Baixo,Manteve,Media,Medio,Nenhuma,Sim
Basico,Baixa,Longo,Medio,Manteve,Baixa,Baixo,Nenhuma,Sim
Intermediario,Media,Recente,Medio,Aumentou,Media,Medio,Nenhuma,Sim
Premium,Media,Recente,Medio,Manteve,Baixa,Medio,Nenhuma,Sim
Basico,Alta,Recente,Alto,Manteve,Alta,Alto,Nenhuma,Nao
Premium,Alta,Recente,Alto,Manteve,Alta,Alto,Nenhuma,Nao
Premium,Alta,Recente,Alto,Manteve,Alta,Medio,Nenhuma,Nao
Basico,Baixa,Longo,Baixo,Aumentou,Baixa,Medio,Ocasional,Sim
Basico,Media,Recente,Medio,Aumentou,Media,Medio,Nenhuma,Sim
Intermediario,Alta,Recente,Medio,Manteve,Media,Alto,Nenhuma,Nao
Premium,Alta,Recente,Alto,Aumentou,Alta,Medio,Ocasional,Nao
Intermediario,Alta,Recente,Alto,Manteve,Baixa,Medio,Nenhuma,Sim
Intermediario,Baixa,Longo,Medio,Manteve,Media,Baixo,Ocasional,Sim
Basico,Alta,Recente,Alto,Manteve,Media,Medio,Nenhuma,Nao
Basico,Baixa,Longo,Baixo,Diminuiu,Baixa,Baixo,Ocasional,Sim
Basico,Alta,Recente,Alto,Manteve,Alta,Medio,Nenhuma,Nao
Basico,Media,Recente,Baixo,Manteve,Baixa,Alto,Nenhuma,Nao
Premium,Baixa,Moderado,Baixo,Aumentou,Baixa,Baixo,Ocasional,Sim
Premium,Baixa,Recente,Baixo,Diminuiu,Alta,Baixo,Ocasional,Sim
Basico,Media,Moderado,Medio,Manteve,Baixa,Medio,Nenhuma,Sim
Basico,Alta,Recente,Alto,Manteve,Alta,Medio,Ocasional,Nao
Basico,Media,Recente,Baixo,Manteve,Media,Medio,Nenhuma,Nao
Intermediario,Media,Moderado,Medio,Manteve,Baixa,Baixo,Ocasional,Sim
Intermediario,Alta,Recente,Alto,Aumentou,Alta,Alto,Nenhuma,Sim
Intermediario,Media,Moderado,Medio,Aumentou,Baixa,Baixo,Nenhuma,Sim
Basico,Alta,Recente,Alto,Manteve,Alta,Alto,Nenhuma,Nao
Premium,Alta,Recente,Alto,Manteve,Alta,Alto,Nenhuma,Nao
Basico,Baixa,Moderado,Baixo,Manteve,Baixa,Baixo,Ocasional,Sim
Intermediario,Alta,Recente,Alto,Manteve,Alta,Alto,Nenhuma,Nao
Intermediario,Alta,Recente,Alto,Diminuiu,Alta,Medio,Nenhuma,Nao
Intermediario,Media,Recente,Baixo,Manteve,Media,Medio,Nenhuma,Nao
Basico,Media,Recente,Medio,Manteve,Baixa,Medio,Recorrente,Nao
Intermediario,Alta,Recente,Alto,Diminuiu,Alta,Alto,Nenhuma,Nao
Basico,Baixa,Recente,Baixo,Manteve,Baixa,Baixo,Nenhuma,Sim
Premium,Alta,Recente,Alto,Manteve,Alta,Medio,Recorrente,Nao
Basico,Media,Longo,Medio,Manteve,Media,Medio,Nenhuma,Nao
Intermediario,Media,Longo,Medio,Aumentou,Alta,Alto,Nenhuma,Nao
Intermediario,Baixa,Longo,Medio,Manteve,Alta,Alto,Nenhuma,Sim
Premium,Baixa,Recente,Baixo,Manteve,Media,Medio,Nenhuma,Sim
Intermediario,Alta,Recente,Alto,Manteve,Alta,Alto,Nenhuma,Nao
Basico,Alta,Recente,Baixo,Aumentou,Alta,Alto,Nenhuma,Nao
Basico,Baixa,Recente,Baixo,Manteve,Baixa,Baixo,Nenhuma,Sim
Basico,Baixa,Longo,Medio,Manteve,Baixa,Baixo,Ocasional,Sim
Premium,Media,Recente,Medio,Manteve,Alta,Medio,Nenhuma,Nao
Basico,Alta,Recente,Medio,Manteve,Alta,Alto,Nenhuma,Nao
Basico,Alta,Recente,Medio,Aumentou,Alta,Medio,Nenhuma,Nao
Intermediario,Media,Longo,Medio,Aumentou,Baixa,Medio,Nenhuma,Sim
Premium,Media,Longo,Medio,Manteve,Alta,Baixo,Nenhuma,Sim
Basico,Media,Recente,Baixo,Aumentou,Baixa,Alto,Nenhuma,Nao
Intermediario,Alta,Recente,Alto,Aumentou,Baixa,Alto,Nenhuma,Nao
Premium,Media,Moderado,Alto,Aumentou,Media,Alto,Nenhuma,Nao
Intermediario,Baixa,Moderado,Baixo,Aumentou,Alta,Medio,Nenhuma,Sim
Premium,Alta,Recente,Alto,Manteve,Media,Medio,Ocasional,Nao
Basico,Baixa,Moderado,Baixo,Diminuiu,Media,Medio,Ocasional,Sim
Intermediario,Baixa,Moderado,Baixo,Manteve,Baixa,Baixo,Nenhuma,Sim
Intermediario,Alta,Recente,Medio,Aumentou,Alta,Medio,Nenhuma,Nao
Intermediario,Media,Recente,Medio,Aumentou,Baixa,Medio,Nenhuma,Sim
Basico,Alta,Recente,Alto,Manteve,Media,Alto,Nenhuma,Nao
Intermediario,Alta,Recente,Alto,Manteve,Alta,Alto,Nenhuma,Nao
Basico,Alta,Recente,Alto,Manteve,Alta,Medio,Nenhuma,Nao
Basico,Baixa,Moderado,Baixo,Aumentou,Baixa,Medio,Nenhuma,Sim
Basico,Baixa,Longo,Baixo,Manteve,Baixa,Baixo,Ocasional,Sim
Basico,Media,Moderado,Medio,Manteve,Baixa,Medio,Ocasional,Sim
Basico,Alta,Recente,Alto,Manteve,Baixa,Baixo,Ocasional,Sim
Basico,Alta,Recente,Alto,Manteve,Media,Medio,Nenhuma,Nao
Basico,Baixa,Moderado,Baixo,Manteve,Media,Baixo,Ocasional,Sim
Basico,Media,Recente,Medio,Manteve,Media,Alto,Nenhuma,Nao
Intermediario,Alta,Recente,Alto,Manteve,Media,Medio,Nenhuma,Nao
Intermediario,Alta,Recente,Alto,Manteve,Media,Medio,Nenhuma,Nao
Basico,Alta,Moderado,Alto,Manteve,Alta,Medio,Nenhuma,Nao
Premium,Alta,Recente,Alto,Aumentou,Alta,Alto,Nenhuma,Nao
Basico,Alta,Recente,Alto,Manteve,Alta,Medio,Ocasional,Nao
Basico,Baixa,Longo,Baixo,Manteve,Baixa,Baixo,Nenhuma,Sim
Premium,Alta,Recente,Medio,Aumentou,Alta,Alto,Nenhuma,Nao
Basico,Alta,Recente,Medio,Manteve,Alta,Medio,Nenhuma,Nao
Basico,Baixa,Moderado,Baixo,Manteve,Baixa,Baixo,Nenhuma,Sim
Basico,Media,Recente,Medio,Manteve,Alta,Alto,Nenhuma,Nao
Intermediario,Baixa,Moderado,Baixo,Manteve,Media,Baixo,Nenhuma,Sim
Intermediario,Media,Moderado,Medio,Manteve,Media,Medio,Ocasional,Sim
Basico,Baixa,Moderado,Baixo,Manteve,Alta,Baixo,Recorrente,Nao
Intermediario,Alta,Recente,Alto,Diminuiu,Alta,Alto,Nenhuma,Nao
Intermediario,Baixa,Longo,Baixo,Aumentou,Media,Medio,Nenhuma,Sim
Basico,Baixa,Recente,Baixo,Manteve,Media,Baixo,Ocasional,Sim
Basico,Alta,Recente,Medio,Aumentou,Baixa,Alto,Nenhuma,Sim
Intermediario,Media,Moderado,Alto,Manteve,Alta,Medio,Ocasional,Nao
Intermediario,Media,Recente,Medio,Diminuiu,Alta,Alto,Nenhuma,Nao
Intermediario,Baixa,Recente,Baixo,Aumentou,Baixa,Baixo,Recorrente,Sim
Basico,Media,Moderado,Medio,Manteve,Media,Baixo,Nenhuma,Nao
Premium,Baixa,Moderado,Baixo,Aumentou,Baixa,Medio,Nenhuma,Sim
Basico,Baixa,Longo,Baixo,Manteve,Baixa,Baixo,Ocasional,Sim
Intermediario,Baixa,Moderado,Baixo,Manteve,Baixa,Medio,Ocasional,Sim
Intermediario,Baixa,Longo,Baixo,Manteve,Baixa,Baixo,Ocasional,Sim
Basico,Media,Recente,Medio,Aumentou,Baixa,Alto,Nenhuma,Sim
Intermediario,Alta,Recente,Alto,Manteve,Alta,Alto,Ocasional,Nao
Basico,Alta,Recente,Baixo,Manteve,Alta,Alto,Nenhuma,Nao
Intermediario,Media,Recente,Medio,Manteve,Baixa,Alto,Nenhuma,Nao
Intermediario,Media,Recente,Medio,Manteve,Alta,Alto,Nenhuma,Nao
Premium,Media,Moderado,Medio,Manteve,Alta,Alto,Nenhuma,Nao
Premium,Alta,Recente,Alto,Manteve,Alta,Alto,Nenhuma,Nao
Basico,Baixa,Longo,Baixo,Diminuiu,Alta,Baixo,Ocasional,Sim
Intermediario,Alta,Recente,Alto,Manteve,Alta,Alto,Nenhuma,Nao
Premium,Baixa,Recente,Baixo,Manteve,Media,Medio,Recorrente,Sim
Basico,Baixa,Moderado,Medio,Aumentou,Media,Alto,Ocasional,Nao
Premium,Media,Recente,Alto,Manteve,Alta,Alto,Nenhuma,Nao
Basico,Media,Recente,Medio,Aumentou,Alta,Alto,Nenhuma,Sim
Basico,Media,Moderado,Baixo,Manteve,Media,Medio,Nenhuma,Sim
Intermediario,Baixa,Moderado,Baixo,Manteve,Baixa,Medio,Ocasional,Sim
Premium,Media,Recente,Medio,Manteve,Media,Baixo,Ocasional,Nao
Basico,Alta,Recente,Alto,Manteve,Baixa,Medio,Nenhuma,Nao
Basico,Media,Moderado,Medio,Manteve,Baixa,Medio,Ocasional,Sim
Intermediario,Baixa,Recente,Baixo,Manteve,Media,Medio,Nenhuma,Sim
Intermediario,Baixa,Longo,Baixo,Manteve,Media,Baixo,Nenhuma,Sim
Basico,Baixa,Recente,Medio,Manteve,Media,Baixo,Nenhuma,Sim
Basico,Alta,Recente,Alto,Manteve,Alta,Alto,Nenhuma,Nao
Premium,Baixa,Moderado,Baixo,Manteve,Media,Baixo,Nenhuma,Nao
Basico,Media,Recente,Baixo,Manteve,Media,Medio,Ocasional,Sim
Basico,Alta,Recente,Alto,Aumentou,Alta,Medio,Nenhuma,Nao
Premium,Alta,Recente,Medio,Manteve,Alta,Medio,Nenhuma,Nao
Premium,Media,Moderado,Alto,Manteve,Media,Medio,Nenhuma,Nao
Basico,Baixa,Moderado,Baixo,Manteve,Baixa,Baixo,Ocasional,Sim
Intermediario,Media,Recente,Baixo,Manteve,Media,Medio,Recorrente,Sim
Intermediario,Media,Recente,Medio,Aumentou,Alta,Alto,Nenhuma,Nao
Intermediario,Alta,Recente,Alto,Manteve,Media,Medio,Nenhuma,Nao
Basico,Baixa,Longo,Baixo,Manteve,Media,Baixo,Recorrente,Sim
Intermediario,Media,Recente,Medio,Manteve,Media,Medio,Nenhuma,Nao
Premium,Alta,Recente,Medio,Manteve,Alta,Alto,Nenhuma,Nao
Basico,Baixa,Moderado,Baixo,Manteve,Media,Medio,Nenhuma,Sim
Basico,Baixa,Moderado,Baixo,Manteve,Baixa,Baixo,Ocasional,Sim
Basico,Baixa,Moderado,Baixo,Aumentou,Baixa,Baixo,Recorrente,Sim
Intermediario,Media,Recente,Medio,Manteve,Media,Medio,Nenhuma,Nao
Basico,Alta,Recente,Alto,Manteve,Alta,Alto,Nenhuma,Nao
Premium,Alta,Recente,Medio,Aumentou,Baixa,Medio,Nenhuma,Sim
Premium,Media,Recente,Medio,Aumentou,Baixa,Baixo,Nenhuma,Sim
Intermediario,Alta,Recente,Alto,Manteve,Alta,Alto,Nenhuma,Nao
Basico,Alta,Recente,Alto,Aumentou,Baixa,Baixo,Nenhuma,Sim
Intermediario,Media,Moderado,Alto,Manteve,Alta,Alto,Nenhuma,Nao
Intermediario,Media,Moderado,Medio,Diminuiu,Alta,Medio,Nenhuma,Nao
Intermediario,Alta,Recente,Alto,Aumentou,Baixa,Baixo,Nenhuma,Sim
Intermediario,Media,Recente,Medio,Manteve,Alta,Alto,Nenhuma,Nao
Basico,Baixa,Moderado,Baixo,Manteve,Alta,Baixo,Ocasional,Sim
Intermediario,Baixa,Longo,Baixo,Aumentou,Media,Alto,Nenhuma,Sim
Basico,Baixa,Moderado,Baixo,Aumentou,Baixa,Alto,Nenhuma,Sim
Intermediario,Baixa,Longo,Baixo,Manteve,Alta,Medio,Nenhuma,Sim
Premium,Media,Moderado,Medio,Manteve,Alta,Medio,Nenhuma,Nao
Premium,Baixa,Moderado,Baixo,Aumentou,Media,Alto,Ocasional,Sim
Basico,Baixa,Moderado,Baixo,Manteve,Media,Medio,Nenhuma,Sim
Basico,Baixa,Recente,Baixo,Manteve,Baixa,Baixo,Ocasional,Sim
Intermediario,Media,Recente,Medio,Manteve,Media,Alto,Nenhuma,Nao
Basico,Baixa,Moderado,Baixo,Manteve,Baixa,Baixo,Nenhuma,Sim
Basico,Baixa,Moderado,Baixo,Aumentou,Baixa,Baixo,Nenhuma,Sim
Intermediario,Media,Recente,Medio,Manteve,Alta,Medio,Nenhuma,Sim
Basico,Alta,Recente,Medio,Manteve,Media,Medio,Nenhuma,Nao
Basico,Baixa,Longo,Medio,Manteve,Alta,Medio,Nenhuma,Sim
Basico,Baixa,Longo,Medio,Manteve,Baixa,Baixo,Ocasional,Sim
Premium,Alta,Recente,Medio,Aumentou,Alta,Alto,Nenhuma,Nao
Basico,Alta,Recente,Medio,Manteve,Media,Medio,Nenhuma,Nao
Premium,Alta,Recente,Alto,Manteve,Alta,Alto,Nenhuma,Nao
Intermediario,Baixa,Longo,Baixo,Aumentou,Baixa,Baixo,Recorrente,Sim
Intermediario,Alta,Recente,Alto,Manteve,Alta,Alto,Nenhuma,Nao
Basico,Baixa,Longo,Baixo,Manteve,Media,Medio,Nenhuma,Sim
Basico,Baixa,Moderado,Baixo,Manteve,Alta,Medio,Nenhuma,Nao
Intermediario,Alta,Recente,Alto,Aumentou,Alta,Medio,Nenhuma,Nao
Premium,Media,Longo,Medio,Manteve,Media,Medio,Nenhuma,Nao
Intermediario,Media,Recente,Baixo,Manteve,Media,Baixo,Ocasional,Nao
Basico,Media,Recente,Medio,Manteve,Baixa,Alto,Nenhuma,Nao
Basico,Media,Recente,Medio,Diminuiu,Alta,Medio,Nenhuma,Nao
Intermediario,Alta,Recente,Medio,Manteve,Media,Medio,Ocasional,Nao
Intermediario,Media,Moderado,Medio,Manteve,Alta,Medio,Recorrente,Sim
Intermediario,Baixa,Longo,Medio,Manteve,Media,Alto,Nenhuma,Sim
Intermediario,Baixa,Longo,Baixo,Manteve,Alta,Medio,Nenhuma,Sim
Basico,Baixa,Longo,Baixo,Manteve,Baixa,Medio,Nenhuma,Sim
Intermediario,Media,Recente,Medio,Manteve,Alta,Medio,Nenhuma,Nao
Premium,Alta,Recente,Alto,Manteve,Alta,Medio,Nenhuma,Nao
Premium,Media,Recente,Medio,Manteve,Alta,Medio,Nenhuma,Nao
Basico,Alta,Recente,Alto,Manteve,Alta,Alto,Nenhuma,Nao
Basico,Alta,Recente,Medio,Manteve,Baixa,Baixo,Ocasional,Sim
Basico,Alta,Recente,Medio,Manteve,Alta,Medio,Nenhuma,Nao
Intermediario,Media,Recente,Medio,Aumentou,Baixa,Alto,Nenhuma,Sim
Intermediario,Alta,Recente,Alto,Aumentou,Media,Alto,Nenhuma,Nao
Basico,Media,Moderado,Medio,Manteve,Alta,Alto,Nenhuma,Nao
Intermediario,Baixa,Recente,Medio,Manteve,Baixa,Medio,Nenhuma,Sim
Basico,Media,Moderado,Medio,Manteve,Media,Medio,Nenhuma,Sim
Premium,Alta,Recente,Alto,Manteve,Alta,Medio,Nenhuma,Nao
Basico,Baixa,Longo,Baixo,Manteve,Baixa,Medio,Nenhuma,Sim
Intermediario,Alta,Recente,Alto,Manteve,Alta,Alto,Nenhuma,Nao
Premium,Media,Moderado,Medio,Aumentou,Baixa,Alto,Nenhuma,Nao
Premium,Alta,Moderado,Medio,Manteve,Media,Alto,Nenhuma,Nao
Intermediario,Baixa,Recente,Baixo,Diminuiu,Alta,Medio,Nenhuma,Nao
Intermediario,Alta,Recente,Alto,Manteve,Alta,Alto,Nenhuma,Nao
Intermediario,Media,Longo,Medio,Manteve,Media,Alto,Nenhuma,Nao
Intermediario,Alta,Recente,Alto,Aumentou,Alta,Alto,Nenhuma,Nao
Intermediario,Alta,Recente,Alto,Manteve,Alta,Medio,Nenhuma,Nao
Intermediario,Alta,Recente,Medio,Manteve,Alta,Alto,Nenhuma,Nao
Intermediario,Media,Recente,Alto,Manteve,Media,Medio,Nenhuma,Nao
Premium,Media,Recente,Baixo,Manteve,Media,Baixo,Nenhuma,Nao
Basico,Media,Moderado,Medio,Manteve,Alta,Baixo,Nenhuma,Nao
Intermediario,Media,Recente,Medio,Aumentou,Media,Baixo,Nenhuma,Sim
Basico,Media,Recente,Alto,Manteve,Baixa,Medio,Nenhuma,Nao
Intermediario,Baixa,Moderado,Baixo,Manteve,Media,Medio,Ocasional,Sim
Basico,Baixa,Longo,Baixo,Manteve,Alta,Medio,Nenhuma,Sim
Basico,Baixa,Longo,Baixo,Aumentou,Media,Medio,Nenhuma,Sim
Basico,Media,Recente,Medio,Manteve,Alta,Baixo,Nenhuma,Nao
Premium,Alta,Recente,Alto,Aumentou,Baixa,Alto,Nenhuma,Nao
Intermediario,Alta,Moderado,Medio,Aumentou,Baixa,Alto,Nenhuma,Nao
Basico,Baixa,Recente,Baixo,Manteve,Baixa,Medio,Recorrente,Sim
Premium,Alta,Recente,Alto,Manteve,Alta,Alto,Nenhuma,Nao
Intermediario,Media,Moderado,Medio,Aumentou,Alta,Alto,Nenhuma,Nao
Basico,Media,Recente,Medio,Manteve,Media,Medio,Ocasional,Nao
Intermediario,Baixa,Moderado,Baixo,Manteve,Baixa,Alto,Ocasional,Sim
Intermediario,Alta,Recente,Alto,Manteve,Alta,Medio,Ocasional,Nao
Basico,Baixa,Longo,Medio,Manteve,Baixa,Baixo,Nenhuma,Sim
Intermediario,Media,Moderado,Medio,Manteve,Alta,Alto,Nenhuma,Nao
Premium,Media,Moderado,Medio,Manteve,Media,Alto,Nenhuma,Nao
Basico,Baixa,Moderado,Baixo,Aumentou,Baixa,Medio,Recorrente,Sim
Premium,Alta,Recente,Alto,Aumentou,Alta,Alto,Nenhuma,Nao
Premium,Alta,Recente,Alto,Manteve,Alta,Alto,Nenhuma,Nao
Basico,Media,Moderado,Medio,Manteve,Media,Baixo,Nenhuma,Sim
Basico,Baixa,Moderado,Baixo,Manteve,Baixa,Baixo,Ocasional,Sim
Basico,Alta,Recente,Alto,Manteve,Alta,Alto,Nenhuma,Nao
Intermediario,Alta,Recente,Alto,Manteve,Alta,Alto,Nenhuma,Nao
Premium,Media,Recente,Medio,Manteve,Alta,Alto,Nenhuma,Nao
Intermediario,Baixa,Recente,Baixo,Manteve,Media,Medio,Nenhuma,Nao
Basico,Baixa,Moderado,Baixo,Manteve,Alta,Baixo,Nenhuma,Sim
Basico,Baixa,Longo,Baixo,Manteve,Alta,Medio,Ocasional,Sim
Basico,Alta,Recente,Alto,Aumentou,Alta,Medio,Nenhuma,Nao
Premium,Media,Moderado,Medio,Manteve,Media,Alto,Ocasional,Nao
Basico,Alta,Recente,Medio,Manteve,Alta,Medio,Nenhuma,Nao
Basico,Media,Recente,Alto,Manteve,Baixa,Baixo,Nenhuma,Sim
Basico,Alta,Recente,Alto,Aumentou,Baixa,Medio,Nenhuma,Sim
Intermediario,Alta,Recente,Alto,Diminuiu,Alta,Medio,Nenhuma,Nao
Premium,Alta,Recente,Alto,Manteve,Alta,Alto,Nenhuma,Nao
Basico,Baixa,Moderado,Baixo,Manteve,Baixa,Baixo,Nenhuma,Sim
Basico,Baixa,Longo,Baixo,Aumentou,Baixa,Baixo,Nenhuma,Sim
Premium,Alta,Moderado,Alto,Manteve,Alta,Alto,Recorrente,Nao
Intermediario,Alta,Recente,Alto,Aumentou,Alta,Medio,Nenhuma,Nao
Intermediario,Media,Recente,Medio,Manteve,Baixa,Medio,Nenhuma,Sim
Basico,Media,Moderado,Medio,Manteve,Baixa,Baixo,Nenhuma,Sim
Intermediario,Alta,Recente,Alto,Manteve,Alta,Medio,Recorrente,Nao
Basico,Alta,Recente,Alto,Diminuiu,Alta,Alto,Nenhuma,Nao
Basico,Alta,Recente,Alto,Manteve,Media,Alto,Nenhuma,Nao
Intermediario,Alta,Recente,Alto,Manteve,Alta,Alto,Nenhuma,Nao
Basico,Alta,Recente,Alto,Diminuiu,Alta,Medio,Nenhuma,Nao
Intermediario,Alta,Recente,Alto,Manteve,Alta,Alto,Nenhuma,Nao
Premium,Alta,Recente,Medio,Aumentou,Alta,Alto,Nenhuma,Nao
Basico,Baixa,Moderado,Baixo,Aumentou,Baixa,Medio,Ocasional,Sim
Basico,Media,Recente,Medio,Manteve,Media,Alto,Ocasional,Sim
Basico,Media,Recente,Medio,Manteve,Media,Medio,Ocasional,Nao
Intermediario,Media,Recente,Alto,Manteve,Media,Alto,Nenhuma,Nao
Intermediario,Alta,Moderado,Alto,Manteve,Alta,Alto,Nenhuma,Nao
Basico,Media,Longo,Medio,Manteve,Media,Medio,Ocasional,Nao
Basico,Alta,Recente,Alto,Manteve,Alta,Alto,Nenhuma,Nao
Intermediario,Media,Recente,Medio,Manteve,Media,Baixo,Recorrente,Sim
Intermediario,Baixa,Moderado,Medio,Manteve,Media,Medio,Ocasional,Nao
Intermediario,Media,Longo,Baixo,Aumentou,Baixa,Alto,Ocasional,Sim
Basico,Media,Moderado,Medio,Manteve,Alta,Alto,Nenhuma,Nao
Premium,Alta,Recente,Medio,Manteve,Alta,Alto,Nenhuma,Nao
Premium,Media,Longo,Medio,Manteve,Media,Medio,Nenhuma,Sim
Basico,Media,Moderado,Medio,Manteve,Alta,Medio,Nenhuma,Nao
Premium,Alta,Moderado,Alto,Aumentou,Baixa,Alto,Nenhuma,Nao
Intermediario,Alta,Moderado,Alto,Aumentou,Baixa,Alto,Ocasional,Nao
Intermediario,Alta,Recente,Alto,Manteve,Alta,Medio,Nenhuma,Nao
Intermediario,Media,Moderado,Medio,Manteve,Media,Alto,Nenhuma,Nao
Basico,Baixa,Longo,Medio,Manteve,Baixa,Baixo,Nenhuma,Sim
Basico,Baixa,Recente,Baixo,Aumentou,Baixa,Baixo,Nenhuma,Sim
Intermediario,Alta,Recente,Alto,Manteve,Baixa,Medio,Nenhuma,Nao
Basico,Media,Recente,Medio,Manteve,Media,Medio,Nenhuma,Sim
Intermediario,Media,Recente,Alto,Aumentou,Baixa,Medio,Nenhuma,Nao
Intermediario,Alta,Recente,Alto,Manteve,Alta,Alto,Nenhuma,Nao
Premium,Baixa,Moderado,Alto,Manteve,Media,Alto,Ocasional,Sim
Intermediario,Alta,Recente,Medio,Aumentou,Baixa,Alto,Nenhuma,Nao
Intermediario,Baixa,Moderado,Baixo,Aumentou,Media,Medio,Nenhuma,Sim
Intermediario,Media,Moderado,Medio,Aumentou,Alta,Medio,Nenhuma,Sim
Intermediario,Baixa,Recente,Baixo,Manteve,Media,Alto,Ocasional,Nao
Basico,Media,Moderado,Medio,Manteve,Media,Medio,Ocasional,Sim
Premium,Alta,Recente,Alto,Manteve,Alta,Alto,Nenhuma,Nao
Intermediario,Alta,Recente,Medio,Manteve,Media,Alto,Nenhuma,Nao
Basico,Baixa,Longo,Baixo,Manteve,Baixa,Medio,Nenhuma,Sim
Intermediario,Media,Recente,Baixo,Aumentou,Alta,Alto,Nenhuma,Sim
Basico,Alta,Moderado,Alto,Manteve,Alta,Medio,Nenhuma,Nao
Premium,Media,Recente,Medio,Aumentou,Baixa,Alto,Nenhuma,Sim
Premium,Alta,Recente,Alto,Diminuiu,Media,Medio,Nenhuma,Nao
Intermediario,Media,Moderado,Medio,Manteve,Media,Medio,Ocasional,Nao
Basico,Baixa,Moderado,Baixo,Manteve,Media,Medio,Nenhuma,Sim
Intermediario,Alta,Recente,Alto,Manteve,Alta,Alto,Nenhuma,Nao
Intermediario,Baixa,Longo,Baixo,Manteve,Baixa,Baixo,Ocasional,Sim
Basico,Media,Longo,Medio,Manteve,Media,Alto,Nenhuma,Nao
Intermediario,Baixa,Recente,Baixo,Aumentou,Baixa,Baixo,Nenhuma,Sim
Intermediario,Alta,Recente,Medio,Manteve,Alta,Alto,Nenhuma,Nao
Intermediario,Baixa,Moderado,Baixo,Manteve,Baixa,Baixo,Nenhuma,Sim
Basico,Media,Recente,Baixo,Manteve,Media,Alto,Nenhuma,Sim
Intermediario,Alta,Recente,Alto,Manteve,Alta,Baixo,Nenhuma,Nao
Intermediario,Alta,Recente,Alto,Aumentou,Alta,Alto,Nenhuma,Nao
Basico,Alta,Recente,Baixo,Manteve,Media,Medio,Nenhuma,Nao
Intermediario,Media,Recente,Medio,Manteve,Alta,Medio,Nenhuma,Nao
Basico,Media,Recente,Baixo,Manteve,Media,Medio,Nenhuma,Sim
Premium,Media,Recente,Medio,Manteve,Alta,Alto,Nenhuma,Nao
Premium,Alta,Recente,Alto,Manteve,Alta,Alto,Nenhuma,Nao
Intermediario,Alta,Recente,Alto,Aumentou,Alta,Alto,Nenhuma,Nao
Intermediario,Alta,Moderado,Alto,Manteve,Alta,Medio,Nenhuma,Nao
Basico,Media,Longo,Medio,Manteve,Media,Baixo,Ocasional,Sim
Premium,Media,Recente,Medio,Manteve,Alta,Alto,Nenhuma,Nao
Intermediario,Media,Recente,Baixo,Aumentou,Baixa,Medio,Nenhuma,Sim
Basico,Media,Moderado,Medio,Manteve,Media,Alto,Nenhuma,Nao
Basico,Baixa,Moderado,Medio,Aumentou,Baixa,Medio,Nenhuma,Sim
Basico,Alta,Recente,Alto,Manteve,Alta,Alto,Nenhuma,Nao
Intermediario,Baixa,Moderado,Baixo,Manteve,Media,Alto,Nenhuma,Nao
Basico,Baixa,Longo,Baixo,Manteve,Media,Medio,Nenhuma,Sim
Intermediario,Alta,Recente,Medio,Manteve,Alta,Alto,Nenhuma,Nao
Basico,Alta,Recente,Alto,Aumentou,Baixa,Baixo,Recorrente,Sim
Basico,Baixa,Longo,Baixo,Aumentou,Baixa,Baixo,Nenhuma,Sim
Intermediario,Baixa,Longo,Baixo,Aumentou,Baixa,Baixo,Nenhuma,Sim
Intermediario,Media,Moderado,Alto,Manteve,Alta,Alto,Nenhuma,Nao
Intermediario,Media,Moderado,Medio,Aumentou,Baixa,Baixo,Nenhuma,Sim
Basico,Media,Recente,Medio,Aumentou,Baixa,Medio,Ocasional,Sim
Intermediario,Baixa,Recente,Baixo,Aumentou,Alta,Alto,Nenhuma,Nao
Intermediario,Alta,Recente,Alto,Manteve,Alta,Alto,Nenhuma,Nao
Basico,Media,Recente,Baixo,Manteve,Media,Baixo,Nenhuma,Sim
Premium,Baixa,Recente,Baixo,Aumentou,Media,Alto,Nenhuma,Sim
Intermediario,Media,Moderado,Medio,Manteve,Alta,Alto,Nenhuma,Nao
Basico,Baixa,Moderado,Baixo,Manteve,Baixa,Baixo,Nenhuma,Sim
Intermediario,Baixa,Longo,Baixo,Manteve,Media,Baixo,Nenhuma,Sim
Premium,Media,Moderado,Medio,Manteve,Media,Alto,Nenhuma,Nao
Basico,Baixa,Longo,Baixo,Manteve,Baixa,Medio,Recorrente,Sim
Basico,Alta,Recente,Medio,Manteve,Baixa,Alto,Nenhuma,Nao
Basico,Alta,Recente,Alto,Manteve,Alta,Alto,Ocasional,Nao
Basico,Alta,Recente,Alto,Manteve,Media,Medio,Nenhuma,Nao
Basico,Alta,Recente,Alto,Aumentou,Media,Alto,Nenhuma,Nao
Basico,Baixa,Moderado,Baixo,Manteve,Alta,Alto,Nenhuma,Sim
Basico,Media,Moderado,Medio,Aumentou,Alta,Alto,Nenhuma,Nao
Basico,Media,Moderado,Medio,Manteve,Media,Medio,Ocasional,Sim
Basico,Alta,Moderado,Alto,Manteve,Media,Medio,Recorrente,Sim
Intermediario,Alta,Moderado,Alto,Manteve,Media,Alto,Nenhuma,Nao
Premium,Alta,Moderado,Alto,Manteve,Alta,Alto,Nenhuma,Nao
Intermediario,Alta,Recente,Alto,Manteve,Media,Alto,Nenhuma,Nao
Intermediario,Media,Moderado,Medio,Manteve,Media,Medio,Nenhuma,Sim
Basico,Alta,Recente,Medio,Manteve,Baixa,Alto,Nenhuma,Sim
Basico,Baixa,Longo,Baixo,Manteve,Media,Medio,Ocasional,Sim
Intermediario,Alta,Recente,Alto,Manteve,Alta,Medio,Nenhuma,Nao
Basico,Alta,Recente,Alto,Manteve,Media,Alto,Nenhuma,Nao
Intermediario,Media,Moderado,Baixo,Manteve,Alta,Medio,Nenhuma,Nao
Basico,Baixa,Moderado,Baixo,Manteve,Media,Baixo,Ocasional,Sim
Basico,Baixa,Moderado,Baixo,Aumentou,Baixa,Baixo,Ocasional,Sim
Basico,Alta,Recente,Medio,Manteve,Media,Baixo,Nenhuma,Nao
Premium,Media,Moderado,Medio,Manteve,Media,Alto,Ocasional,Nao
Premium,Media,Moderado,Medio,Manteve,Media,Alto,Nenhuma,Nao
Intermediario,Alta,Recente,Alto,Manteve,Alta,Medio,Nenhuma,Nao
Basico,Baixa,Recente,Baixo,Aumentou,Media,Medio,Recorrente,Sim
Basico,Media,Longo,Alto,Aumentou,Media,Medio,Nenhuma,Sim
Intermediario,Alta,Recente,Medio,Manteve,Alta,Alto,Nenhuma,Nao
Basico,Media,Recente,Medio,Aumentou,Baixa,Medio,Nenhuma,Sim
Basico,Media,Moderado,Medio,Manteve,Media,Medio,Nenhuma,Sim
Basico,Baixa,Moderado,Baixo,Manteve,Baixa,Baixo,Nenhuma,Sim
Intermediario,Alta,Moderado,Alto,Aumentou,Baixa,Alto,Nenhuma,Nao
Basico,Baixa,Recente,Baixo,Manteve,Media,Medio,Nenhuma,Sim
Basico,Media,Recente,Medio,Manteve,Media,Baixo,Nenhuma,Sim
Intermediario,Alta,Recente,Alto,Manteve,Alta,Alto,Nenhuma,Nao
Basico,Media,Recente,Medio,Manteve,Media,Medio,Nenhuma,Nao
Basico,Baixa,Longo,Medio,Manteve,Media,Medio,Nenhuma,Sim
Intermediario,Alta,Recente,Medio,Manteve,Alta,Alto,Nenhuma,Nao
Basico,Alta,Recente,Alto,Manteve,Media,Medio,Nenhuma,Nao
Basico,Alta,Recente,Alto,Manteve,Media,Alto,Ocasional,Nao
Basico,Baixa,Recente,Baixo,Manteve,Media,Medio,Nenhuma,Sim
Basico,Baixa,Longo,Baixo,Manteve,Baixa,Baixo,Nenhuma,Sim
Intermediario,Alta,Recente,Alto,Aumentou,Alta,Alto,Nenhuma,Nao
Basico,Media,Recente,Medio,Manteve,Baixa,Medio,Nenhuma,Sim
Premium,Baixa,Moderado,Baixo,Aumentou,Media,Medio,Nenhuma,Sim
Intermediario,Baixa,Recente,Baixo,Diminuiu,Alta,Baixo,Nenhuma,Nao
Basico,Baixa,Longo,Baixo,Aumentou,Baixa,Medio,Nenhuma,Sim
Basico,Media,Recente,Baixo,Aumentou,Media,Medio,Nenhuma,Nao
Basico,Alta,Recente,Medio,Manteve,Alta,Alto,Nenhuma,Nao
Basico,Baixa,Recente,Baixo,Manteve,Media,Baixo,Nenhuma,Sim
Intermediario,Media,Moderado,Medio,Manteve,Alta,Alto,Nenhuma,Nao
Intermediario,Baixa,Moderado,Baixo,Manteve,Baixa,Baixo,Recorrente,Sim
Basico,Media,Recente,Baixo,Manteve,Media,Baixo,Nenhuma,Nao
Basico,Baixa,Longo,Medio,Manteve,Baixa,Baixo,Ocasional,Sim
Premium,Alta,Recente,Alto,Aumentou,Baixa,Alto,Nenhuma,Nao
Premium,Baixa,Moderado,Baixo,Aumentou,Media,Baixo,Nenhuma,Sim
Premium,Media,Moderado,Medio,Manteve,Alta,Alto,Nenhuma,Nao
Premium,Baixa,Moderado,Baixo,Manteve,Baixa,Baixo,Ocasional,Sim
Basico,Baixa,Longo,Baixo,Aumentou,Baixa,Baixo,Nenhuma,Sim
Basico,Alta,Recente,Baixo,Manteve,Alta,Medio,Nenhuma,Nao
Basico,Media,Longo,Medio,Manteve,Alta,Alto,Nenhuma,Sim
Intermediario,Alta,Recente,Alto,Manteve,Alta,Baixo,Nenhuma,Nao
Premium,Baixa,Moderado,Baixo,Manteve,Media,Medio,Nenhuma,Nao
Basico,Media,Recente,Baixo,Manteve,Media,Medio,Nenhuma,Nao
Intermediario,Media,Moderado,Alto,Manteve,Alta,Medio,Nenhuma,Nao
Intermediario,Media,Moderado,Medio,Aumentou,Media,Alto,Nenhuma,Nao
Intermediario,Alta,Recente,Medio,Manteve,Alta,Alto,Nenhuma,Nao
Premium,Media,Moderado,Medio,Manteve,Media,Medio,Ocasional,Sim
Intermediario,Baixa,Moderado,Baixo,Manteve,Media,Medio,Nenhuma,Sim
Basico,Baixa,Longo,Baixo,Aumentou,Baixa,Medio,Ocasional,Sim
Intermediario,Baixa,Recente,Baixo,Manteve,Media,Alto,Nenhuma,Nao
Premium,Alta,Recente,Alto,Manteve,Media,Baixo,Nenhuma,Nao
Premium,Baixa,Recente,Baixo,Manteve,Alta,Alto,Ocasional,Nao
Basico,Media,Moderado,Medio,Manteve,Alta,Medio,Nenhuma,Sim
Intermediario,Alta,Recente,Alto,Diminuiu,Alta,Alto,Nenhuma,Nao
Intermediario,Media,Moderado,Medio,Manteve,Baixa,Baixo,Nenhuma,Sim
Intermediario,Baixa,Longo,Baixo,Manteve,Alta,Alto,Nenhuma,Sim
Premium,Baixa,Longo,Baixo,Manteve,Media,Medio,Ocasional,Nao
Premium,Media,Moderado,Alto,Aumentou,Alta,Alto,Nenhuma,Nao
Intermediario,Alta,Recente,Alto,Manteve,Alta,Alto,Nenhuma,Nao
Basico,Baixa,Recente,Baixo,Manteve,Baixa,Medio,Ocasional,Sim
Premium,Baixa,Longo,Baixo,Manteve,Baixa,Baixo,Nenhuma,Sim
Basico,Media,Moderado,Baixo,Manteve,Media,Baixo,Ocasional,Sim
Basico,Media,Moderado,Medio,Aumentou,Alta,Alto,Nenhuma,Sim
Intermediario,Alta,Recente,Alto,Manteve,Alta,Alto,Nenhuma,Nao
Basico,Alta,Recente,Medio,Manteve,Media,Medio,Ocasional,Nao
Basico,Media,Recente,Medio,Manteve,Media,Medio,Nenhuma,Nao
Intermediario,Alta,Recente,Alto,Manteve,Alta,Alto,Nenhuma,Nao
Premium,Alta,Recente,Alto,Manteve,Media,Medio,Nenhuma,Nao
Basico,Media,Recente,Medio,Aumentou,Media,Medio,Recorrente,Sim
Intermediario,Alta,Recente,Alto,Manteve,Alta,Alto,Nenhuma,Nao
Intermediario,Media,Recente,Baixo,Manteve,Media,Medio,Nenhuma,Sim
Basico,Alta,Recente,Baixo,Manteve,Alta,Alto,Nenhuma,Nao
Intermediario,Alta,Recente,Alto,Manteve,Alta,Alto,Nenhuma,Nao
Premium,Baixa,Moderado,Baixo,Manteve,Media,Medio,Nenhuma,Sim
Basico,Alta,Recente,Baixo,Manteve,Alta,Alto,Nenhuma,Nao
Basico,Baixa,Longo,Medio,Manteve,Media,Alto,Nenhuma,Sim
Intermediario,Baixa,Longo,Baixo,Manteve,Baixa,Medio,Nenhuma,Nao
Basico,Alta,Recente,Alto,Aumentou,Media,Alto,Nenhuma,Nao
Intermediario,Alta,Recente,Alto,Manteve,Alta,Alto,Nenhuma,Nao
Intermediario,Media,Recente,Alto,Aumentou,Baixa,Alto,Nenhuma,Nao
Intermediario,Media,Moderado,Baixo,Manteve,Alta,Alto,Nenhuma,Nao
Premium,Baixa,Moderado,Baixo,Manteve,Media,Medio,Ocasional,Sim
Premium,Alta,Recente,Alto,Manteve,Alta,Alto,Nenhuma,Nao
Intermediario,Baixa,Longo,Baixo,Aumentou,Baixa,Baixo,Nenhuma,Sim
Premium,Baixa,Moderado,Baixo,Manteve,Media,Alto,Nenhuma,Nao
Basico,Baixa,Moderado,Baixo,Manteve,Baixa,Baixo,Nenhuma,Sim
Basico,Alta,Recente,Medio,Manteve,Media,Baixo,Ocasional,Nao
Premium,Alta,Moderado,Alto,Manteve,Alta,Alto,Nenhuma,Nao
Intermediario,Media,Moderado,Medio,Aumentou,Baixa,Alto,Nenhuma,Sim
Premium,Alta,Moderado,Alto,Manteve,Alta,Alto,Nenhuma,Nao
Basico,Baixa,Recente,Baixo,Manteve,Media,Medio,Ocasional,Sim
Premium,Media,Moderado,Medio,Manteve,Alta,Alto,Nenhuma,Nao
Intermediario,Media,Recente,Baixo,Aumentou,Baixa,Baixo,Recorrente,Sim
Intermediario,Alta,Recente,Alto,Manteve,Alta,Medio,Nenhuma,Nao
Basico,Media,Moderado,Medio,Diminuiu,Media,Alto,Nenhuma,Nao
Basico,Alta,Recente,Medio,Aumentou,Baixa,Medio,Ocasional,Sim
Intermediario,Media,Recente,Baixo,Manteve,Alta,Medio,Nenhuma,Nao
Intermediario,Media,Moderado,Medio,Manteve,Baixa,Baixo,Ocasional,Sim
Basico,Media,Recente,Medio,Manteve,Media,Alto,Nenhuma,Nao
Intermediario,Baixa,Recente,Baixo,Manteve,Alta,Baixo,Nenhuma,Sim
Intermediario,Media,Moderado,Baixo,Aumentou,Baixa,Medio,Nenhuma,Sim
Premium,Alta,Moderado,Alto,Aumentou,Alta,Medio,Nenhuma,Nao
Basico,Baixa,Longo,Baixo,Manteve,Alta,Alto,Nenhuma,Sim
Intermediario,Media,Moderado,Medio,Manteve,Alta,Alto,Nenhuma,Nao
Premium,Baixa,Moderado,Baixo,Aumentou,Baixa,Medio,Nenhuma,Sim
Premium,Alta,Recente,Medio,Aumentou,Media,Alto,Nenhuma,Nao
Intermediario,Media,Moderado,Medio,Aumentou,Alta,Medio,Nenhuma,Nao
Premium,Alta,Recente,Alto,Manteve,Alta,Alto,Nenhuma,Nao
Basico,Alta,Recente,Alto,Manteve,Alta,Alto,Ocasional,Nao
Premium,Baixa,Longo,Baixo,Manteve,Baixa,Medio,Nenhuma,Sim
Intermediario,Media,Longo,Medio,Aumentou,Alta,Medio,Nenhuma,Sim
Intermediario,Alta,Moderado,Alto,Diminuiu,Alta,Alto,Nenhuma,Nao
Basico,Alta,Recente,Alto,Manteve,Alta,Medio,Nenhuma,Nao
Intermediario,Baixa,Recente,Medio,Manteve,Baixa,Medio,Ocasional,Sim
Intermediario,Media,Moderado,Medio,Aumentou,Alta,Medio,Ocasional,Sim
Basico,Alta,Recente,Alto,Manteve,Baixa,Baixo,Ocasional,Nao
Basico,Alta,Recente,Alto,Manteve,Alta,Medio,Nenhuma,Nao
Basico,Alta,Recente,Baixo,Manteve,Alta,Alto,Nenhuma,Nao
Intermediario,Media,Recente,Baixo,Manteve,Media,Baixo,Nenhuma,Sim
Intermediario,Alta,Recente,Alto,Aumentou,Alta,Alto,Nenhuma,Nao
Basico,Baixa,Moderado,Baixo,Aumentou,Media,Baixo,Nenhuma,Sim
Premium,Alta,Recente,Alto,Manteve,Alta,Alto,Nenhuma,Nao
Basico,Media,Recente,Medio,Manteve,Alta,Medio,Nenhuma,Nao
Basico,Media,Moderado,Baixo,Manteve,Media,Medio,Nenhuma,Sim
Intermediario,Media,Recente,Medio,Manteve,Media,Medio,Nenhuma,Nao
Intermediario,Alta,Recente,Medio,Aumentou,Alta,Alto,Nenhuma,Nao
Basico,Media,Moderado,Medio,Manteve,Media,Medio,Nenhuma,Sim
Basico,Media,Recente,Medio,Aumentou,Baixa,Medio,Ocasional,Sim
Premium,Alta,Moderado,Alto,Manteve,Media,Alto,Nenhuma,Sim
Basico,Baixa,Moderado,Medio,Manteve,Alta,Alto,Nenhuma,Nao
Intermediario,Baixa,Moderado,Baixo,Manteve,Baixa,Medio,Nenhuma,Sim
Basico,Media,Longo,Medio,Manteve,Media,Medio,Nenhuma,Sim
Basico,Baixa,Longo,Baixo,Manteve,Media,Baixo,Ocasional,Sim
Basico,Media,Moderado,Baixo,Manteve,Baixa,Medio,Recorrente,Sim
Basico,Media,Recente,Medio,Aumentou,Media,Medio,Nenhuma,Sim
Intermediario,Media,Recente,Medio,Aumentou,Media,Medio,Ocasional,Nao
Intermediario,Alta,Recente,Alto,Manteve,Alta,Medio,Nenhuma,Nao
Basico,Alta,Recente,Alto,Manteve,Media,Alto,Nenhuma,Nao
Premium,Media,Longo,Medio,Manteve,Media,Medio,Nenhuma,Sim
Basico,Alta,Recente,Medio,Diminuiu,Alta,Baixo,Nenhuma,Nao
Premium,Media,Recente,Medio,Manteve,Alta,Alto,Nenhuma,Nao
Basico,Media,Recente,Medio,Manteve,Alta,Alto,Nenhuma,Nao
Premium,Media,Recente,Medio,Aumentou,Baixa,Medio,Ocasional,Sim
Premium,Alta,Recente,Medio,Aumentou,Baixa,Alto,Nenhuma,Nao
Basico,Media,Recente,Medio,Manteve,Media,Medio,Nenhuma,Sim
Basico,Baixa,Longo,Medio,Manteve,Media,Medio,Ocasional,Sim
Basico,Media,Recente,Medio,Manteve,Media,Alto,Nenhuma,Nao
Basico,Media,Moderado,Medio,Manteve,Baixa,Baixo,Nenhuma,Sim
Basico,Alta,Recente,Alto,Aumentou,Alta,Alto,Nenhuma,Nao
Premium,Alta,Recente,Alto,Aumentou,Baixa,Alto,Nenhuma,Nao
Intermediario,Media,Recente,Medio,Manteve,Baixa,Alto,Nenhuma,Nao
Basico,Media,Moderado,Baixo,Aumentou,Media,Baixo,Ocasional,Sim
Intermediario,Media,Recente,Medio,Manteve,Media,Alto,Nenhuma,Nao
Basico,Media,Recente,Baixo,Aumentou,Media,Alto,Nenhuma,Nao
Premium,Baixa,Moderado,Baixo,Manteve,Baixa,Medio,Nenhuma,Sim
Intermediario,Alta,Recente,Medio,Manteve,Media,Alto,Nenhuma,Nao
Intermediario,Alta,Recente,Alto,Aumentou,Baixa,Alto,Nenhuma,Nao
Basico,Alta,Recente,Alto,Manteve,Baixa,Medio,Nenhuma,Nao
Basico,Alta,Recente,Alto,Manteve,Media,Medio,Nenhuma,Nao
Basico,Baixa,Moderado,Baixo,Aumentou,Baixa,Medio,Recorrente,Sim
Basico,Media,Moderado,Baixo,Manteve,Media,Alto,Nenhuma,Nao
Basico,Media,Recente,Medio,Manteve,Media,Alto,Nenhuma,Nao
Basico,Baixa,Recente,Baixo,Manteve,Alta,Baixo,Nenhuma,Sim
Intermediario,Media,Moderado,Medio,Aumentou,Baixa,Medio,Ocasional,Sim
Premium,Media,Moderado,Medio,Aumentou,Alta,Medio,Nenhuma,Nao
Premium,Media,Moderado,Alto,Aumentou,Media,Alto,Nenhuma,Nao
Basico,Media,Recente,Medio,Manteve,Alta,Medio,Nenhuma,Nao
Basico,Baixa,Recente,Baixo,Manteve,Alta,Baixo,Nenhuma,Nao
Intermediario,Alta,Recente,Alto,Manteve,Alta,Medio,Nenhuma,Nao
Basico,Media,Recente,Medio,Manteve,Alta,Alto,Nenhuma,Nao
Intermediario,Alta,Recente,Baixo,Manteve,Alta,Alto,Nenhuma,Nao
Intermediario,Media,Recente,Alto,Manteve,Alta,Alto,Nenhuma,Sim
Intermediario,Media,Recente,Baixo,Manteve,Media,Medio,Ocasional,Sim
Basico,Media,Moderado,Baixo,Aumentou,Alta,Alto,Nenhuma,Nao
Intermediario,Baixa,Moderado,Baixo,Manteve,Media,Medio,Nenhuma,Sim
Intermediario,Media,Recente,Baixo,Aumentou,Media,Medio,Nenhuma,Sim
Premium,Media,Recente,Medio,Aumentou,Media,Medio,Ocasional,Sim
Premium,Media,Recente,Medio,Aumentou,Alta,Baixo,Nenhuma,Sim
Premium,Media,Moderado,Alto,Manteve,Alta,Alto,Nenhuma,Nao
Premium,Media,Longo,Medio,Aumentou,Baixa,Alto,Ocasional,Sim
Premium,Alta,Recente,Alto,Manteve,Alta,Medio,Nenhuma,Nao
Basico,Media,Moderado,Medio,Manteve,Alta,Alto,Nenhuma,Nao
Basico,Media,Moderado,Medio,Manteve,Media,Medio,Ocasional,Sim
Basico,Media,Moderado,Baixo,Aumentou,Baixa,Medio,Nenhuma,Sim
Premium,Baixa,Longo,Baixo,Manteve,Media,Alto,Ocasional,Sim
Basico,Media,Recente,Medio,Manteve,Baixa,Medio,Nenhuma,Nao
Basico,Baixa,Recente,Baixo,Manteve,Media,Medio,Nenhuma,Sim
Basico,Alta,Recente,Alto,Manteve,Alta,Alto,Nenhuma,Nao
Intermediario,Baixa,Moderado,Baixo,Manteve,Media,Medio,Nenhuma,Sim
Intermediario,Media,Longo,Medio,Aumentou,Baixa,Medio,Ocasional,Sim
Intermediario,Media,Recente,Medio,Manteve,Baixa,Medio,Nenhuma,Sim
Intermediario,Baixa,Longo,Baixo,Manteve,Alta,Alto,Nenhuma,Nao
Intermediario,Alta,Recente,Alto,Aumentou,Media,Medio,Ocasional,Sim
Intermediario,Media,Recente,Medio,Manteve,Media,Alto,Nenhuma,Nao
Basico,Alta,Recente,Alto,Manteve,Media,Medio,Ocasional,Nao
Basico,Media,Recente,Medio,Aumentou,Media,Baixo,Nenhuma,Sim
Intermediario,Alta,Recente,Alto,Manteve,Alta,Alto,Nenhuma,Nao
Basico,Baixa,Moderado,Baixo,Aumentou,Media,Medio,Nenhuma,Sim
Basico,Baixa,Recente,Baixo,Manteve,Alta,Alto,Nenhuma,Sim
Premium,Media,Recente,Alto,Manteve,Alta,Alto,Nenhuma,Nao
Intermediario,Alta,Recente,Alto,Aumentou,Baixa,Medio,Nenhuma,Nao
Intermediario,Baixa,Moderado,Medio,Manteve,Baixa,Medio,Ocasional,Sim
Premium,Alta,Recente,Alto,Aumentou,Alta,Alto,Nenhuma,Nao
Intermediario,Alta,Moderado,Alto,Manteve,Alta,Alto,Nenhuma,Nao
Intermediario,Alta,Recente,Alto,Manteve,Alta,Alto,Nenhuma,Nao
Intermediario,Alta,Recente,Alto,Manteve,Alta,Medio,Nenhuma,Nao
Basico,Baixa,Longo,Baixo,Diminuiu,Baixa,Baixo,Nenhuma,Sim
Intermediario,Media,Moderado,Baixo,Aumentou,Alta,Alto,Nenhuma,Nao
Premium,Media,Recente,Medio,Aumentou,Baixa,Medio,Nenhuma,Sim
Intermediario,Media,Recente,Medio,Manteve,Media,Medio,Ocasional,Sim
Basico,Alta,Recente,Alto,Manteve,Alta,Alto,Nenhuma,Nao
Premium,Baixa,Longo,Baixo,Manteve,Baixa,Baixo,Nenhuma,Sim
Basico,Alta,Recente,Baixo,Manteve,Media,Alto,Nenhuma,Nao
Basico,Alta,Recente,Baixo,Manteve,Media,Alto,Nenhuma,Nao
Basico,Baixa,Recente,Baixo,Manteve,Baixa,Baixo,Nenhuma,Sim
Intermediario,Alta,Recente,Alto,Manteve,Alta,Alto,Nenhuma,Nao
Intermediario,Alta,Recente,Medio,Manteve,Alta,Alto,Nenhuma,Nao
Basico,Alta,Recente,Medio,Manteve,Baixa,Baixo,Ocasional,Nao
Basico,Alta,Recente,Medio,Manteve,Alta,Medio,Nenhuma,Nao
Basico,Media,Moderado,Medio,Manteve,Baixa,Baixo,Recorrente,Sim
Intermediario,Baixa,Moderado,Baixo,Aumentou,Alta,Medio,Nenhuma,Sim
Intermediario,Alta,Moderado,Baixo,Manteve,Media,Alto,Nenhuma,Nao
Basico,Alta,Recente,Baixo,Aumentou,Baixa,Alto,Nenhuma,Sim
Premium,Media,Recente,Medio,Aumentou,Baixa,Medio,Nenhuma,Sim
Intermediario,Alta,Moderado,Alto,Diminuiu,Alta,Medio,Nenhuma,Nao
Basico,Media,Recente,Medio,Manteve,Media,Alto,Nenhuma,Nao
Basico,Media,Recente,Medio,Aumentou,Media,Medio,Nenhuma,Nao
Intermediario,Baixa,Moderado,Medio,Aumentou,Baixa,Baixo,Recorrente,Sim
Intermediario,Media,Recente,Medio,Manteve,Alta,Alto,Nenhuma,Nao
Basico,Baixa,Recente,Baixo,Manteve,Baixa,Medio,Nenhuma,Sim
Intermediario,Alta,Recente,Alto,Manteve,Alta,Alto,Nenhuma,Nao
Premium,Media,Moderado,Medio,Aumentou,Alta,Alto,Nenhuma,Nao
Basico,Media,Recente,Baixo,Aumentou,Baixa,Baixo,Ocasional,Sim
Intermediario,Media,Recente,Medio,Aumentou,Baixa,Medio,Ocasional,Sim
Basico,Media,Recente,Medio,Manteve,Baixa,Baixo,Nenhuma,Sim
Intermediario,Alta,Moderado,Medio,Manteve,Alta,Baixo,Nenhuma,Nao
Intermediario,Media,Moderado,Medio,Aumentou,Alta,Medio,Nenhuma,Nao
Intermediario,Alta,Recente,Alto,Aumentou,Baixa,Alto,Nenhuma,Nao
Intermediario,Alta,Recente,Medio,Manteve,Alta,Alto,Nenhuma,Nao
Basico,Alta,Recente,Alto,Aumentou,Alta,Alto,Nenhuma,Nao
Basico,Media,Recente,Baixo,Aumentou,Media,Medio,Nenhuma,Nao
Basico,Media,Moderado,Medio,Manteve,Media,Alto,Nenhuma,Nao
Premium,Baixa,Moderado,Medio,Aumentou,Baixa,Baixo,Nenhuma,Sim
Intermediario,Alta,Recente,Alto,Aumentou,Alta,Alto,Nenhuma,Nao
Premium,Alta,Recente,Medio,Aumentou,Baixa,Alto,Nenhuma,Nao
Intermediario,Alta,Recente,Alto,Manteve,Alta,Alto,Nenhuma,Nao
Basico,Baixa,Recente,Baixo,Aumentou,Baixa,Baixo,Nenhuma,Sim
Intermediario,Alta,Recente,Alto,Aumentou,Baixa,Alto,Nenhuma,Nao
Basico,Baixa,Moderado,Baixo,Manteve,Media,Baixo,Recorrente,Sim
Premium,Media,Recente,Medio,Aumentou,Alta,Alto,Nenhuma,Nao
Intermediario,Baixa,Longo,Baixo,Aumentou,Alta,Alto,Nenhuma,Sim
Premium,Alta,Recente,Medio,Diminuiu,Alta,Medio,Nenhuma,Nao
Intermediario,Baixa,Moderado,Baixo,Manteve,Media,Baixo,Ocasional,Sim
Intermediario,Baixa,Longo,Baixo,Manteve,Baixa,Baixo,Ocasional,Sim
Basico,Baixa,Moderado,Baixo,Aumentou,Baixa,Alto,Ocasional,Sim
Basico,Baixa,Recente,Baixo,Manteve,Media,Baixo,Nenhuma,Sim
Intermediario,Alta,Recente,Alto,Manteve,Media,Medio,Nenhuma,Nao
Intermediario,Media,Recente,Baixo,Diminuiu,Media,Baixo,Recorrente,Sim
Basico,Media,Recente,Medio,Manteve,Alta,Alto,Nenhuma,Nao
Intermediario,Baixa,Longo,Baixo,Aumentou,Baixa,Alto,Nenhuma,Sim
Basico,Alta,Recente,Alto,Manteve,Alta,Alto,Nenhuma,Nao
Intermediario,Alta,Recente,Alto,Manteve,Alta,Alto,Nenhuma,Nao
Intermediario,Media,Moderado,Baixo,Aumentou,Baixa,Medio,Nenhuma,Sim
Basico,Media,Recente,Medio,Manteve,Baixa,Medio,Recorrente,Sim
Premium,Alta,Moderado,Alto,Aumentou,Alta,Alto,Nenhuma,Nao
Basico,Alta,Recente,Alto,Manteve,Alta,Alto,Nenhuma,Nao
Intermediario,Alta,Recente,Alto,Manteve,Alta,Alto,Nenhuma,Nao
Basico,Alta,Recente,Alto,Manteve,Media,Medio,Nenhuma,Nao
Basico,Media,Recente,Medio,Aumentou,Baixa,Baixo,Ocasional,Sim
Basico,Baixa,Recente,Baixo,Aumentou,Baixa,Baixo,Nenhuma,Sim
Basico,Baixa,Longo,Baixo,Aumentou,Baixa,Medio,Ocasional,Sim
Intermediario,Media,Moderado,Medio,Manteve,Media,Alto,Nenhuma,Nao
Intermediario,Baixa,Longo,Medio,Aumentou,Media,Medio,Nenhuma,Sim
Basico,Baixa,Moderado,Baixo,Manteve,Media,Alto,Nenhuma,Sim
Basico,Media,Recente,Medio,Manteve,Alta,Alto,Nenhuma,Nao
Premium,Media,Moderado,Alto,Manteve,Alta,Alto,Recorrente,Nao
Premium,Baixa,Longo,Alto,Manteve,Baixa,Baixo,Ocasional,Sim
Intermediario,Baixa,Recente,Medio,Aumentou,Media,Alto,Nenhuma,Sim
Intermediario,Alta,Moderado,Alto,Manteve,Alta,Medio,Nenhuma,Nao
Basico,Alta,Recente,Alto,Manteve,Alta,Medio,Nenhuma,Nao
Intermediario,Alta,Recente,Medio,Aumentou,Baixa,Medio,Nenhuma,Nao
Premium,Alta,Recente,Alto,Aumentou,Alta,Alto,Nenhuma,Nao
Basico,Alta,Recente,Alto,Manteve,Alta,Alto,Nenhuma,Nao
Basico,Baixa,Recente,Baixo,Manteve,Media,Baixo,Nenhuma,Sim
Intermediario,Baixa,Moderado,Baixo,Manteve,Media,Baixo,Nenhuma,Sim
Basico,Baixa,Moderado,Baixo,Manteve,Baixa,Medio,Nenhuma,Nao
Premium,Media,Longo,Medio,Aumentou,Media,Medio,Nenhuma,Nao
Intermediario,Alta,Recente,Medio,Aumentou,Alta,Alto,Nenhuma,Nao
Premium,Baixa,Moderado,Baixo,Manteve,Media,Alto,Nenhuma,Nao
Basico,Alta,Recente,Alto,Aumentou,Baixa,Alto,Nenhuma,Nao
Basico,Alta,Recente,Medio,Manteve,Alta,Medio,Nenhuma,Sim
Intermediario,Baixa,Moderado,Baixo,Manteve,Media,Medio,Nenhuma,Sim
Intermediario,Alta,Recente,Alto,Diminuiu,Media,Medio,Nenhuma,Nao
Basico,Alta,Recente,Alto,Manteve,Media,Baixo,Nenhuma,Nao
Basico,Alta,Recente,Alto,Manteve,Alta,Alto,Nenhuma,Nao
Basico,Media,Moderado,Medio,Manteve,Media,Medio,Nenhuma,Sim
Intermediario,Alta,Recente,Alto,Manteve,Alta,Alto,Nenhuma,Nao
Intermediario,Media,Recente,Baixo,Aumentou,Alta,Medio,Nenhuma,Nao
Intermediario,Alta,Recente,Alto,Manteve,Alta,Alto,Nenhuma,Nao
Basico,Baixa,Recente,Baixo,Manteve,Baixa,Alto,Nenhuma,Sim
Basico,Alta,Recente,Alto,Aumentou,Alta,Medio,Ocasional,Nao
Intermediario,Baixa,Moderado,Medio,Manteve,Alta,Medio,Ocasional,Nao
Basico,Alta,Recente,Baixo,Diminuiu,Alta,Alto,Nenhuma,Nao
Premium,Baixa,Recente,Medio,Aumentou,Baixa,Baixo,Nenhuma,Sim
Basico,Baixa,Longo,Baixo,Manteve,Baixa,Baixo,Recorrente,Sim
Premium,Media,Recente,Alto,Aumentou,Baixa,Baixo,Nenhuma,Sim
Basico,Baixa,Longo,Baixo,Manteve,Baixa,Baixo,Ocasional,Sim
Basico,Media,Recente,Medio,Manteve,Media,Alto,Nenhuma,Nao
Basico,Baixa,Longo,Baixo,Aumentou,Baixa,Baixo,Nenhuma,Sim
Premium,Alta,Recente,Alto,Aumentou,Baixa,Alto,Nenhuma,Nao
Premium,Alta,Recente,Alto,Manteve,Alta,Medio,Nenhuma,Nao
Basico,Baixa,Longo,Baixo,Manteve,Media,Medio,Nenhuma,Sim
Basico,Media,Recente,Medio,Manteve,Alta,Medio,Nenhuma,Nao
Intermediario,Baixa,Recente,Baixo,Manteve,Media,Baixo,Nenhuma,Sim
Basico,Media,Recente,Alto,Manteve,Alta,Alto,Ocasional,Nao
Intermediario,Baixa,Moderado,Baixo,Aumentou,Baixa,Medio,Nenhuma,Sim
Basico,Media,Recente,Medio,Manteve,Media,Medio,Nenhuma,Sim
Basico,Baixa,Longo,Baixo,Aumentou,Baixa,Baixo,Nenhuma,Sim
Premium,Alta,Recente,Alto,Aumentou,Alta,Alto,Nenhuma,Nao
Intermediario,Media,Moderado,Baixo,Manteve,Media,Alto,Ocasional,Sim
Intermediario,Alta,Recente,Medio,Manteve,Baixa,Medio,Recorrente,Nao
Basico,Alta,Recente,Medio,Manteve,Media,Medio,Ocasional,Nao
Basico,Alta,Recente,Medio,Manteve,Media,Alto,Nenhuma,Nao
Basico,Baixa,Longo,Baixo,Manteve,Baixa,Baixo,Nenhuma,Sim
Premium,Media,Moderado,Medio,Manteve,Alta,Medio,Nenhuma,Nao
Basico,Baixa,Longo,Baixo,Manteve,Baixa,Baixo,Recorrente,Sim
Basico,Media,Recente,Medio,Manteve,Media,Alto,Ocasional,Nao
Intermediario,Alta,Recente,Medio,Manteve,Alta,Medio,Nenhuma,Nao
Intermediario,Media,Moderado,Medio,Manteve,Media,Medio,Nenhuma,Nao
Basico,Alta,Recente,Alto,Manteve,Alta,Alto,Nenhuma,Nao
Basico,Media,Moderado,Alto,Manteve,Alta,Medio,Nenhuma,Sim
Basico,Media,Recente,Medio,Manteve,Alta,Medio,Nenhuma,Nao
Basico,Media,Moderado,Medio,Aumentou,Media,Medio,Nenhuma,Sim
Basico,Baixa,Moderado,Baixo,Aumentou,Baixa,Medio,Nenhuma,Sim
Intermediario,Alta,Recente,Medio,Aumentou,Alta,Alto,Recorrente,Nao
Premium,Alta,Recente,Medio,Manteve,Alta,Alto,Nenhuma,Nao
Basico,Baixa,Longo,Baixo,Manteve,Media,Baixo,Nenhuma,Sim
Basico,Media,Moderado,Medio,Manteve,Baixa,Baixo,Nenhuma,Sim
Intermediario,Alta,Recente,Alto,Manteve,Baixa,Alto,Nenhuma,Nao
Intermediario,Alta,Recente,Alto,Aumentou,Baixa,Medio,Ocasional,Nao
Basico,Baixa,Longo,Baixo,Manteve,Media,Medio,Ocasional,Sim
Intermediario,Baixa,Moderado,Baixo,Manteve,Baixa,Baixo,Ocasional,Sim
Intermediario,Alta,Recente,Alto,Manteve,Media,Medio,Nenhuma,Nao
Premium,Baixa,Moderado,Baixo,Manteve,Alta,Baixo,Ocasional,Nao
Intermediario,Alta,Recente,Alto,Manteve,Alta,Alto,Nenhuma,Nao
Intermediario,Media,Moderado,Baixo,Aumentou,Media,Alto,Nenhuma,Sim
Basico,Baixa,Longo,Baixo,Diminuiu,Alta,Medio,Nenhuma,Sim
Intermediario,Media,Recente,Medio,Manteve,Alta,Medio,Nenhuma,Sim
Basico,Media,Moderado,Medio,Aumentou,Baixa,Medio,Nenhuma,Sim
Basico,Media,Moderado,Medio,Manteve,Media,Alto,Nenhuma,Nao
Intermediario,Media,Moderado,Medio,Manteve,Baixa,Alto,Nenhuma,Nao
Intermediario,Media,Moderado,Medio,Aumentou,Baixa,Medio,Nenhuma,Sim
Premium,Media,Longo,Medio,Manteve,Alta,Medio,Nenhuma,Nao
Basico,Baixa,Recente,Baixo,Manteve,Baixa,Medio,Recorrente,Sim
Basico,Media,Moderado,Medio,Manteve,Baixa,Alto,Nenhuma,Nao
Intermediario,Alta,Recente,Medio,Manteve,Alta,Alto,Nenhuma,Nao
Premium,Alta,Recente,Alto,Manteve,Alta,Medio,Nenhuma,Nao
Intermediario,Media,Recente,Baixo,Manteve,Alta,Alto,Nenhuma,Nao
Basico,Alta,Moderado,Alto,Manteve,Media,Alto,Nenhuma,Nao
Premium,Media,Recente,Baixo,Manteve,Media,Alto,Nenhuma,Nao
Intermediario,Media,Longo,Alto,Manteve,Media,Medio,Nenhuma,Sim
Basico,Media,Moderado,Medio,Manteve,Media,Alto,Nenhuma,Nao
Basico,Baixa,Longo,Baixo,Manteve,Baixa,Baixo,Ocasional,Sim
Premium,Alta,Recente,Medio,Manteve,Alta,Alto,Nenhuma,Nao
Basico,Media,Recente,Medio,Diminuiu,Alta,Medio,Nenhuma,Nao
Basico,Baixa,Moderado,Baixo,Manteve,Baixa,Baixo,Nenhuma,Sim
Premium,Media,Recente,Baixo,Aumentou,Media,Baixo,Nenhuma,Nao
Intermediario,Alta,Recente,Alto,Manteve,Media,Medio,Ocasional,Nao
Basico,Media,Moderado,Medio,Manteve,Baixa,Baixo,Recorrente,Sim
Premium,Baixa,Longo,Baixo,Manteve,Baixa,Medio,Nenhuma,Sim
Premium,Alta,Recente,Alto,Aumentou,Baixa,Baixo,Nenhuma,Nao
Premium,Alta,Recente,Alto,Manteve,Alta,Alto,Nenhuma,Nao
Basico,Baixa,Moderado,Baixo,Manteve,Media,Medio,Nenhuma,Sim
Basico,Media,Recente,Medio,Manteve,Media,Alto,Ocasional,Nao
Basico,Media,Moderado,Medio,Manteve,Media,Alto,Nenhuma,Sim
Intermediario,Baixa,Moderado,Medio,Manteve,Baixa,Medio,Ocasional,Sim
Intermediario,Baixa,Recente,Baixo,Aumentou,Baixa,Baixo,Nenhuma,Sim
Premium,Alta,Recente,Alto,Aumentou,Baixa,Alto,Nenhuma,Nao
Intermediario,Baixa,Moderado,Baixo,Manteve,Media,Alto,Nenhuma,Sim
Intermediario,Alta,Recente,Medio,Manteve,Media,Medio,Ocasional,Nao
Basico,Alta,Recente,Alto,Manteve,Media,Alto,Nenhuma,Nao
Intermediario,Media,Recente,Alto,Aumentou,Media,Alto,Nenhuma,Nao
Intermediario,Baixa,Moderado,Baixo,Manteve,Alta,Medio,Recorrente,Sim
Intermediario,Media,Longo,Medio,Manteve,Media,Medio,Nenhuma,Nao
Basico,Media,Recente,Medio,Manteve,Media,Alto,Nenhuma,Nao
Intermediario,Baixa,Moderado,Baixo,Manteve,Baixa,Medio,Nenhuma,Nao
Intermediario,Media,Longo,Medio,Manteve,Alta,Medio,Nenhuma,Nao
Intermediario,Alta,Recente,Alto,Aumentou,Baixa,Medio,Nenhuma,Sim
Premium,Alta,Recente,Alto,Manteve,Alta,Alto,Nenhuma,Nao
Intermediario,Baixa,Longo,Baixo,Diminuiu,Baixa,Baixo,Ocasional,Sim
Intermediario,Alta,Recente,Alto,Manteve,Alta,Alto,Nenhuma,Nao
Intermediario,Alta,Recente,Alto,Manteve,Alta,Alto,Nenhuma,Nao
Intermediario,Media,Moderado,Alto,Aumentou,Baixa,Medio,Nenhuma,Nao
Premium,Alta,Recente,Medio,Manteve,Media,Alto,Nenhuma,Nao
Basico,Media,Moderado,Medio,Manteve,Media,Medio,Nenhuma,Sim
Intermediario,Media,Recente,Medio,Manteve,Media,Baixo,Ocasional,Sim
Basico,Baixa,Recente,Baixo,Manteve,Media,Alto,Ocasional,Sim
Intermediario,Media,Moderado,Medio,Manteve,Media,Medio,Nenhuma,Nao
Intermediario,Media,Moderado,Alto,Aumentou,Alta,Alto,Nenhuma,Nao
Premium,Alta,Recente,Alto,Manteve,Media,Medio,Nenhuma,Nao
Basico,Media,Recente,Medio,Manteve,Media,Medio,Nenhuma,Nao
Intermediario,Alta,Recente,Alto,Manteve,Alta,Medio,Nenhuma,Nao
Intermediario,Media,Moderado,Baixo,Manteve,Alta,Alto,Nenhuma,Nao
Basico,Media,Recente,Medio,Manteve,Alta,Medio,Nenhuma,Nao
Intermediario,Media,Moderado,Medio,Manteve,Media,Medio,Nenhuma,Nao
Intermediario,Alta,Recente,Alto,Aumentou,Baixa,Alto,Nenhuma,Sim
Intermediario,Baixa,Moderado,Baixo,Diminuiu,Media,Alto,Nenhuma,Nao
Premium,Alta,Recente,Alto,Manteve,Alta,Alto,Nenhuma,Nao
Premium,Media,Moderado,Alto,Manteve,Alta,Alto,Nenhuma,Nao
Intermediario,Media,Moderado,Medio,Diminuiu,Alta,Medio,Nenhuma,Nao
Intermediario,Alta,Recente,Alto,Manteve,Alta,Alto,Nenhuma,Nao
Premium,Media,Recente,Medio,Manteve,Media,Medio,Recorrente,Sim
Basico,Baixa,Longo,Baixo,Aumentou,Baixa,Baixo,Nenhuma,Sim
Intermediario,Baixa,Longo,Medio,Manteve,Media,Medio,Nenhuma,Sim
Intermediario,Media,Recente,Alto,Manteve,Alta,Alto,Nenhuma,Nao
Premium,Alta,Recente,Alto,Manteve,Alta,Alto,Nenhuma,Nao
Intermediario,Media,Recente,Baixo,Manteve,Media,Medio,Nenhuma,Nao
Basico,Media,Recente,Baixo,Manteve,Baixa,Alto,Nenhuma,Nao
Intermediario,Media,Recente,Medio,Manteve,Alta,Medio,Nenhuma,Nao
Basico,Baixa,Recente,Baixo,Manteve,Media,Baixo,Nenhuma,Sim
Basico,Alta,Moderado,Baixo,Aumentou,Alta,Alto,Nenhuma,Nao
Intermediario,Alta,Recente,Medio,Manteve,Media,Alto,Nenhuma,Nao
Intermediario,Media,Moderado,Alto,Aumentou,Alta,Medio,Nenhuma,Sim
Intermediario,Alta,Recente,Medio,Manteve,Alta,Baixo,Nenhuma,Nao
Intermediario,Media,Recente,Medio,Manteve,Alta,Alto,Nenhuma,Sim
Basico,Baixa,Moderado,Baixo,Aumentou,Baixa,Medio,Nenhuma,Sim
Intermediario,Baixa,Longo,Baixo,Manteve,Baixa,Medio,Recorrente,Sim
Intermediario,Alta,Recente,Alto,Manteve,Alta,Medio,Nenhuma,Nao
Basico,Alta,Recente,Medio,Manteve,Alta,Medio,Recorrente,Nao
Premium,Alta,Recente,Alto,Aumentou,Alta,Alto,Nenhuma,Nao
Intermediario,Media,Recente,Baixo,Manteve,Alta,Alto,Ocasional,Nao
Basico,Alta,Recente,Alto,Manteve,Alta,Alto,Nenhuma,Nao
Basico,Baixa,Recente,Baixo,Aumentou,Baixa,Medio,Nenhuma,Sim
Basico,Alta,Recente,Medio,Manteve,Alta,Medio,Nenhuma,Nao
Intermediario,Media,Recente,Medio,Manteve,Alta,Alto,Nenhuma,Nao
Basico,Media,Recente,Medio,Aumentou,Baixa,Alto,Nenhuma,Sim
Intermediario,Baixa,Moderado,Medio,Manteve,Media,Medio,Ocasional,Sim
Basico,Media,Recente,Baixo,Manteve,Media,Baixo,Ocasional,Sim
Premium,Media,Moderado,Medio,Manteve,Baixa,Baixo,Nenhuma,Sim
Intermediario,Media,Recente,Alto,Manteve,Alta,Alto,Nenhuma,Nao
Premium,Alta,Recente,Alto,Manteve,Alta,Baixo,Recorrente,Nao
Basico,Alta,Recente,Baixo,Aumentou,Baixa,Baixo,Nenhuma,Sim
Intermediario,Media,Recente,Medio,Aumentou,Baixa,Baixo,Ocasional,Sim
Premium,Alta,Recente,Alto,Aumentou,Alta,Alto,Nenhuma,Nao
Intermediario,Media,Moderado,Medio,Manteve,Baixa,Baixo,Recorrente,Sim
Intermediario,Baixa,Recente,Baixo,Manteve,Media,Medio,Ocasional,Sim
Intermediario,Baixa,Longo,Baixo,Manteve,Baixa,Baixo,Nenhuma,Sim
Basico,Baixa,Moderado,Baixo,Aumentou,Alta,Medio,Nenhuma,Sim
Intermediario,Baixa,Moderado,Medio,Manteve,Media,Baixo,Nenhuma,Sim
Premium,Alta,Recente,Alto,Aumentou,Alta,Medio,Nenhuma,Nao
Premium,Alta,Recente,Medio,Diminuiu,Alta,Alto,Nenhuma,Nao
Basico,Media,Moderado,Baixo,Manteve,Media,Baixo,Nenhuma,Sim
Premium,Alta,Recente,Alto,Aumentou,Alta,Alto,Nenhuma,Nao
Intermediario,Media,Recente,Baixo,Manteve,Baixa,Medio,Nenhuma,Sim
Basico,Baixa,Longo,Baixo,Aumentou,Media,Medio,Nenhuma,Sim
Intermediario,Media,Recente,Alto,Aumentou,Media,Medio,Nenhuma,Nao
Basico,Media,Moderado,Medio,Manteve,Baixa,Medio,Nenhuma,Sim
Premium,Alta,Recente,Alto,Manteve,Alta,Medio,Nenhuma,Nao
Premium,Alta,Recente,Alto,Diminuiu,Alta,Medio,Nenhuma,Nao
Basico,Alta,Recente,Medio,Manteve,Media,Medio,Nenhuma,Nao
Intermediario,Media,Longo,Medio,Aumentou,Media,Medio,Nenhuma,Sim
Premium,Media,Recente,Medio,Manteve,Media,Medio,Nenhuma,Nao
Premium,Alta,Recente,Alto,Manteve,Alta,Alto,Nenhuma,Nao
Premium,Media,Moderado,Alto,Aumentou,Alta,Alto,Nenhuma,Nao
Premium,Media,Recente,Alto,Manteve,Alta,Baixo,Nenhuma,Nao
Basico,Alta,Recente,Alto,Aumentou,Baixa,Alto,Ocasional,Sim
Basico,Media,Recente,Baixo,Manteve,Media,Medio,Nenhuma,Sim
Premium,Baixa,Longo,Baixo,Manteve,Media,Alto,Nenhuma,Sim
Premium,Baixa,Longo,Baixo,Aumentou,Baixa,Medio,Nenhuma,Sim
Intermediario,Alta,Recente,Alto,Aumentou,Alta,Alto,Nenhuma,Nao
Intermediario,Media,Moderado,Alto,Manteve,Alta,Medio,Nenhuma,Nao
Premium,Alta,Recente,Medio,Manteve,Alta,Medio,Nenhuma,Nao
Premium,Alta,Recente,Medio,Manteve,Alta,Medio,Nenhuma,Nao
Basico,Alta,Recente,Baixo,Manteve,Alta,Medio,Nenhuma,Nao
Intermediario,Media,Moderado,Medio,Manteve,Alta,Alto,Nenhuma,Nao
Intermediario,Alta,Longo,Alto,Manteve,Alta,Alto,Nenhuma,Nao
Basico,Media,Recente,Medio,Aumentou,Alta,Alto,Nenhuma,Nao
Intermediario,Alta,Recente,Alto,Manteve,Alta,Alto,Nenhuma,Nao
Basico,Media,Moderado,Baixo,Diminuiu,Alta,Medio,Nenhuma,Sim
Basico,Media,Recente,Medio,Manteve,Alta,Baixo,Nenhuma,Nao
Basico,Alta,Recente,Alto,Manteve,Alta,Alto,Ocasional,Nao
Basico,Alta,Recente,Alto,Manteve,Media,Medio,Nenhuma,Nao
Basico,Alta,Longo,Alto,Aumentou,Baixa,Alto,Nenhuma,Sim
Basico,Media,Recente,Medio,Manteve,Baixa,Medio,Nenhuma,Sim
Intermediario,Media,Recente,Medio,Diminuiu,Media,Medio,Nenhuma,Nao
Basico,Media,Recente,Medio,Manteve,Baixa,Alto,Nenhuma,Nao
Basico,Baixa,Longo,Baixo,Manteve,Baixa,Medio,Nenhuma,Sim
Basico,Baixa,Recente,Baixo,Manteve,Media,Alto,Recorrente,Sim
Basico,Alta,Recente,Baixo,Aumentou,Alta,Alto,Nenhuma,Nao
Intermediario,Media,Longo,Medio,Manteve,Media,Medio,Nenhuma,Sim
Basico,Alta,Recente,Medio,Aumentou,Alta,Alto,Nenhuma,Sim
Basico,Media,Moderado,Alto,Aumentou,Alta,Medio,Nenhuma,Sim
Intermediario,Alta,Recente,Alto,Manteve,Media,Medio,Ocasional,Nao
Intermediario,Media,Recente,Medio,Aumentou,Alta,Medio,Nenhuma,Nao
Intermediario,Media,Recente,Medio,Manteve,Media,Medio,Nenhuma,Nao
Basico,Alta,Recente,Medio,Manteve,Media,Alto,Nenhuma,Sim
Intermediario,Media,Moderado,Alto,Manteve,Alta,Medio,Nenhuma,Nao
Basico,Baixa,Longo,Baixo,Manteve,Media,Medio,Ocasional,Sim
Premium,Alta,Recente,Alto,Manteve,Alta,Alto,Nenhuma,Nao
Premium,Alta,Recente,Alto,Diminuiu,Alta,Medio,Ocasional,Nao
Premium,Media,Recente,Alto,Aumentou,Baixa,Alto,Nenhuma,Nao
Premium,Alta,Moderado,Medio,Manteve,Alta,Alto,Nenhuma,Nao
Premium,Media,Recente,Alto,Manteve,Media,Medio,Nenhuma,Sim
Intermediario,Alta,Recente,Alto,Manteve,Media,Alto,Nenhuma,Nao
Basico,Media,Recente,Medio,Aumentou,Baixa,Medio,Nenhuma,Sim
Intermediario,Media,Moderado,Baixo,Manteve,Baixa,Medio,Nenhuma,Sim
Basico,Alta,Recente,Alto,Manteve,Alta,Alto,Nenhuma,Nao
Basico,Media,Recente,Medio,Manteve,Alta,Medio,Nenhuma,Nao
Premium,Alta,Moderado,Alto,Manteve,Alta,Alto,Nenhuma,Nao
Intermediario,Alta,Moderado,Alto,Manteve,Media,Baixo,Nenhuma,Sim
Basico,Media,Longo,Medio,Manteve,Baixa,Medio,Recorrente,Sim
Intermediario,Alta,Recente,Alto,Aumentou,Alta,Alto,Nenhuma,Nao
Basico,Baixa,Longo,Medio,Aumentou,Baixa,Medio,Ocasional,Sim
Premium,Alta,Recente,Alto,Aumentou,Alta,Medio,Nenhuma,Nao
Basico,Baixa,Longo,Baixo,Manteve,Baixa,Medio,Ocasional,Sim
Basico,Media,Moderado,Medio,Manteve,Baixa,Baixo,Nenhuma,Sim
Intermediario,Media,Moderado,Medio,Manteve,Media,Alto,Nenhuma,Nao
Basico,Media,Recente,Medio,Manteve,Baixa,Baixo,Nenhuma,Sim
Premium,Baixa,Recente,Baixo,Manteve,Media,Medio,Nenhuma,Nao
Basico,Baixa,Recente,Baixo,Aumentou,Media,Medio,Nenhuma,Sim
Intermediario,Baixa,Moderado,Baixo,Aumentou,Baixa,Baixo,Recorrente,Sim
Basico,Baixa,Moderado,Baixo,Aumentou,Baixa,Baixo,Recorrente,Sim
Basico,Media,Recente,Medio,Aumentou,Alta,Medio,Nenhuma,Nao
Basico,Alta,Recente,Alto,Diminuiu,Media,Baixo,Nenhuma,Nao
Intermediario,Alta,Recente,Alto,Aumentou,Baixa,Alto,Nenhuma,Nao
Basico,Media,Moderado,Medio,Manteve,Alta,Medio,Nenhuma,Nao
Basico,Media,Moderado,Medio,Aumentou,Baixa,Baixo,Ocasional,Sim
Basico,Media,Recente,Medio,Aumentou,Media,Medio,Nenhuma,Sim
Intermediario,Baixa,Recente,Medio,Manteve,Media,Alto,Ocasional,Nao
Basico,Media,Moderado,Baixo,Aumentou,Baixa,Baixo,Nenhuma,Sim
Intermediario,Media,Moderado,Medio,Aumentou,Media,Medio,Nenhuma,Sim
Basico,Baixa,Longo,Baixo,Manteve,Baixa,Medio,Ocasional,Sim
Intermediario,Media,Recente,Alto,Aumentou,Alta,Alto,Nenhuma,Nao
Premium,Alta,Recente,Alto,Manteve,Alta,Alto,Nenhuma,Nao
Basico,Media,Recente,Medio,Manteve,Media,Alto,Nenhuma,Nao
Premium,Alta,Recente,Alto,Diminuiu,Alta,Medio,Nenhuma,Nao
Intermediario,Baixa,Moderado,Medio,Aumentou,Baixa,Medio,Nenhuma,Sim
Basico,Alta,Recente,Medio,Aumentou,Alta,Alto,Nenhuma,Nao
Basico,Alta,Recente,Alto,Aumentou,Alta,Alto,Ocasional,Nao
Intermediario,Alta,Recente,Alto,Manteve,Alta,Alto,Nenhuma,Nao
Premium,Alta,Recente,Alto,Aumentou,Baixa,Alto,Nenhuma,Nao
Intermediario,Media,Recente,Medio,Aumentou,Media,Medio,Nenhuma,Nao
Basico,Media,Longo,Medio,Manteve,Media,Alto,Nenhuma,Nao
Basico,Alta,Recente,Alto,Aumentou,Baixa,Alto,Nenhuma,Nao
Intermediario,Media,Recente,Medio,Aumentou,Baixa,Alto,Nenhuma,Sim
Basico,Baixa,Moderado,Baixo,Manteve,Baixa,Medio,Nenhuma,Sim
Intermediario,Media,Recente,Alto,Manteve,Alta,Alto,Nenhuma,Nao
Premium,Baixa,Recente,Medio,Manteve,Alta,Alto,Nenhuma,Sim
Basico,Alta,Recente,Alto,Manteve,Alta,Alto,Nenhuma,Sim
Basico,Media,Recente,Baixo,Aumentou,Baixa,Baixo,Nenhuma,Sim
Premium,Media,Recente,Medio,Manteve,Alta,Medio,Nenhuma,Nao
Intermediario,Alta,Recente,Alto,Manteve,Alta,Alto,Ocasional,Nao
Basico,Baixa,Recente,Baixo,Manteve,Media,Medio,Nenhuma,Sim
Basico,Alta,Recente,Alto,Manteve,Alta,Alto,Nenhuma,Nao
Intermediario,Alta,Recente,Alto,Manteve,Media,Medio,Nenhuma,Nao
Basico,Media,Recente,Baixo,Aumentou,Alta,Medio,Nenhuma,Nao
Basico,Alta,Recente,Alto,Manteve,Alta,Medio,Ocasional,Nao
Premium,Media,Recente,Medio,Manteve,Alta,Alto,Ocasional,Nao
Basico,Baixa,Moderado,Baixo,Manteve,Alta,Medio,Nenhuma,Sim
Basico,Media,Moderado,Alto,Manteve,Alta,Medio,Nenhuma,Nao
Premium,Media,Recente,Alto,Manteve,Media,Baixo,Nenhuma,Sim
Basico,Baixa,Recente,Baixo,Manteve,Media,Medio,Nenhuma,Sim
Intermediario,Baixa,Longo,Baixo,Aumentou,Baixa,Baixo,Nenhuma,Sim
Basico,Media,Longo,Baixo,Manteve,Media,Alto,Nenhuma,Sim
Intermediario,Media,Moderado,Alto,Manteve,Alta,Medio,Nenhuma,Nao
Basico,Baixa,Longo,Baixo,Manteve,Media,Medio,Nenhuma,Sim
Basico,Media,Recente,Medio,Manteve,Baixa,Medio,Nenhuma,Sim
Premium,Media,Recente,Medio,Manteve,Media,Alto,Ocasional,Sim
Basico,Baixa,Longo,Baixo,Aumentou,Alta,Alto,Nenhuma,Sim
Premium,Media,Longo,Baixo,Manteve,Media,Medio,Nenhuma,Sim
Premium,Baixa,Longo,Baixo,Manteve,Media,Medio,Nenhuma,Nao
Premium,Baixa,Longo,Baixo,Aumentou,Baixa,Alto,Nenhuma,Sim
Premium,Alta,Recente,Alto,Manteve,Alta,Alto,Nenhuma,Nao
Premium,Alta,Moderado,Alto,Manteve,Alta,Medio,Nenhuma,Nao
Intermediario,Alta,Recente,Medio,Manteve,Alta,Alto,Nenhuma,Nao
Basico,Media,Recente,Medio,Manteve,Baixa,Medio,Recorrente,Nao
Basico,Baixa,Recente,Baixo,Manteve,Media,Medio,Ocasional,Nao
Premium,Alta,Recente,Alto,Manteve,Alta,Alto,Nenhuma,Nao
Basico,Media,Moderado,Medio,Manteve,Media,Medio,Ocasional,Nao
Premium,Alta,Recente,Alto,Manteve,Alta,Alto,Nenhuma,Nao
Basico,Alta,Recente,Alto,Manteve,Alta,Alto,Nenhuma,Nao
Basico,Baixa,Recente,Baixo,Manteve,Media,Alto,Nenhuma,Sim
Intermediario,Alta,Recente,Medio,Aumentou,Alta,Alto,Ocasional,Nao
Basico,Baixa,Longo,Baixo,Manteve,Baixa,Medio,Nenhuma,Sim
Basico,Baixa,Longo,Baixo,Aumentou,Baixa,Alto,Nenhuma,Sim
Premium,Alta,Recente,Alto,Manteve,Alta,Medio,Nenhuma,Nao
Premium,Media,Moderado,Medio,Manteve,Baixa,Alto,Nenhuma,Nao
Intermediario,Alta,Recente,Medio,Manteve,Media,Medio,Nenhuma,Nao
Premium,Media,Recente,Alto,Aumentou,Alta,Medio,Nenhuma,Nao
Intermediario,Alta,Recente,Alto,Manteve,Media,Medio,Nenhuma,Nao
Basico,Media,Recente,Baixo,Manteve,Media,Medio,Nenhuma,Sim
Intermediario,Alta,Recente,Alto,Manteve,Alta,Alto,Nenhuma,Nao
Premium,Media,Recente,Medio,Aumentou,Baixa,Alto,Ocasional,Nao
Intermediario,Media,Recente,Baixo,Aumentou,Baixa,Alto,Nenhuma,Sim
Basico,Media,Moderado,Medio,Aumentou,Baixa,Baixo,Ocasional,Sim
Premium,Alta,Recente,Alto,Manteve,Alta,Alto,Ocasional,Nao
Intermediario,Alta,Longo,Alto,Manteve,Alta,Medio,Nenhuma,Nao
Basico,Media,Recente,Medio,Manteve,Baixa,Medio,Nenhuma,Nao
Intermediario,Alta,Recente,Alto,Aumentou,Baixa,Alto,Nenhuma,Nao
Basico,Media,Longo,Alto,Aumentou,Baixa,Medio,Nenhuma,Sim
Basico,Baixa,Longo,Baixo,Aumentou,Baixa,Alto,Recorrente,Sim
Premium,Media,Recente,Alto,Manteve,Alta,Alto,Nenhuma,Nao
Basico,Baixa,Moderado,Baixo,Manteve,Media,Baixo,Ocasional,Sim
Basico,Media,Recente,Medio,Manteve,Media,Alto,Nenhuma,Nao
Premium,Media,Recente,Medio,Manteve,Media,Baixo,Nenhuma,Nao
Intermediario,Alta,Recente,Alto,Manteve,Alta,Alto,Nenhuma,Nao
Intermediario,Media,Moderado,Baixo,Manteve,Baixa,Baixo,Ocasional,Sim
Premium,Alta,Recente,Alto,Aumentou,Alta,Alto,Nenhuma,Nao
Basico,Baixa,Longo,Baixo,Aumentou,Media,Medio,Nenhuma,Sim
Premium,Alta,Longo,Alto,Manteve,Baixa,Baixo,Recorrente,Sim
Basico,Alta,Recente,Medio,Aumentou,Baixa,Alto,Nenhuma,Sim
Intermediario,Alta,Recente,Medio,Manteve,Baixa,Alto,Nenhuma,Nao
Premium,Alta,Recente,Alto,Manteve,Alta,Alto,Nenhuma,Nao
Premium,Media,Moderado,Alto,Aumentou,Baixa,Alto,Nenhuma,Nao
Basico,Baixa,Longo,Baixo,Aumentou,Baixa,Medio,Ocasional,Sim
Intermediario,Alta,Moderado,Alto,Aumentou,Alta,Alto,Nenhuma,Nao
Basico,Baixa,Moderado,Baixo,Manteve,Media,Medio,Recorrente,Sim
Premium,Alta,Moderado,Alto,Manteve,Alta,Alto,Nenhuma,Nao
Basico,Media,Moderado,Alto,Manteve,Media,Alto,Nenhuma,Nao
Basico,Media,Recente,Medio,Aumentou,Media,Medio,Nenhuma,Sim
Basico,Alta,Recente,Baixo,Manteve,Alta,Alto,Nenhuma,Nao
Basico,Baixa,Longo,Baixo,Manteve,Baixa,Baixo,Nenhuma,Sim
Intermediario,Baixa,Longo,Baixo,Aumentou,Media,Medio,Nenhuma,Sim
Intermediario,Media,Recente,Medio,Aumentou,Alta,Medio,Nenhuma,Sim
Basico,Media,Moderado,Medio,Aumentou,Baixa,Medio,Nenhuma,Sim
Basico,Alta,Recente,Baixo,Diminuiu,Alta,Alto,Nenhuma,Nao
Basico,Alta,Recente,Alto,Diminuiu,Alta,Alto,Nenhuma,Nao
Intermediario,Media,Moderado,Medio,Manteve,Alta,Alto,Nenhuma,Nao
Premium,Baixa,Moderado,Baixo,Manteve,Media,Medio,Nenhuma,Nao
Basico,Baixa,Moderado,Baixo,Diminuiu,Baixa,Baixo,Ocasional,Sim
Basico,Baixa,Recente,Baixo,Diminuiu,Media,Alto,Nenhuma,Sim
Premium,Baixa,Longo,Baixo,Aumentou,Baixa,Alto,Nenhuma,Sim
Premium,Media,Longo,Medio,Aumentou,Alta,Medio,Nenhuma,Nao
Basico,Media,Longo,Medio,Manteve,Alta,Medio,Nenhuma,Sim
Basico,Alta,Recente,Medio,Manteve,Alta,Alto,Nenhuma,Nao
Premium,Baixa,Moderado,Baixo,Manteve,Media,Alto,Nenhuma,Nao
Intermediario,Media,Moderado,Medio,Aumentou,Media,Medio,Ocasional,Sim
Basico,Baixa,Longo,Baixo,Manteve,Baixa,Baixo,Nenhuma,Sim
Basico,Media,Recente,Medio,Manteve,Media,Alto,Nenhuma,Nao
Basico,Baixa,Longo,Baixo,Manteve,Alta,Alto,Nenhuma,Sim
Basico,Baixa,Moderado,Baixo,Aumentou,Alta,Alto,Nenhuma,Sim
Basico,Alta,Recente,Alto,Diminuiu,Alta,Alto,Nenhuma,Nao
Intermediario,Baixa,Moderado,Baixo,Aumentou,Media,Alto,Nenhuma,Sim
Intermediario,Baixa,Longo,Medio,Manteve,Alta,Alto,Nenhuma,Nao
Basico,Media,Recente,Medio,Manteve,Baixa,Baixo,Ocasional,Sim
Basico,Baixa,Longo,Medio,Manteve,Baixa,Baixo,Ocasional,Sim
Premium,Alta,Recente,Alto,Manteve,Alta,Alto,Nenhuma,Nao
Basico,Alta,Recente,Alto,Manteve,Media,Alto,Nenhuma,Nao
Intermediario,Alta,Recente,Alto,Aumentou,Alta,Alto,Nenhuma,Nao
Basico,Baixa,Moderado,Baixo,Manteve,Media,Medio,Recorrente,Sim
Intermediario,Media,Recente,Medio,Manteve,Media,Medio,Nenhuma,Nao
Premium,Media,Moderado,Medio,Aumentou,Baixa,Medio,Nenhuma,Sim
Basico,Media,Recente,Medio,Diminuiu,Media,Alto,Nenhuma,Nao
Intermediario,Baixa,Moderado,Baixo,Manteve,Media,Baixo,Nenhuma,Sim
Basico,Alta,Recente,Alto,Diminuiu,Alta,Medio,Nenhuma,Nao
Intermediario,Media,Moderado,Medio,Diminuiu,Alta,Alto,Nenhuma,Nao
Intermediario,Media,Recente,Medio,Manteve,Alta,Alto,Nenhuma,Nao
Basico,Media,Recente,Medio,Aumentou,Baixa,Alto,Nenhuma,Sim
Intermediario,Alta,Recente,Alto,Manteve,Alta,Alto,Nenhuma,Nao
Intermediario,Baixa,Moderado,Medio,Manteve,Baixa,Medio,Ocasional,Sim
Intermediario,Alta,Recente,Alto,Manteve,Alta,Alto,Nenhuma,Nao
Intermediario,Alta,Recente,Alto,Aumentou,Alta,Alto,Nenhuma,Nao
Intermediario,Media,Recente,Baixo,Manteve,Media,Alto,Ocasional,Nao
Basico,Media,Moderado,Medio,Aumentou,Media,Alto,Nenhuma,Nao
Premium,Alta,Recente,Medio,Manteve,Media,Alto,Nenhuma,Nao
Intermediario,Media,Moderado,Alto,Manteve,Media,Baixo,Nenhuma,Nao
Basico,Baixa,Moderado,Baixo,Manteve,Media,Medio,Recorrente,Sim
Basico,Baixa,Longo,Baixo,Manteve,Baixa,Baixo,Nenhuma,Sim
Basico,Media,Recente,Medio,Manteve,Media,Alto,Nenhuma,Nao
Intermediario,Baixa,Longo,Medio,Aumentou,Media,Baixo,Nenhuma,Sim
Intermediario,Alta,Recente,Alto,Aumentou,Baixa,Alto,Nenhuma,Nao
Basico,Media,Recente,Medio,Manteve,Baixa,Medio,Recorrente,Sim
Premium,Baixa,Recente,Baixo,Manteve,Alta,Medio,Nenhuma,Nao
Basico,Baixa,Moderado,Baixo,Manteve,Media,Medio,Nenhuma,Sim
Intermediario,Alta,Recente,Medio,Manteve,Baixa,Baixo,Nenhuma,Sim
Intermediario,Alta,Recente,Alto,Manteve,Media,Alto,Nenhuma,Nao
Basico,Baixa,Longo,Baixo,Manteve,Media,Baixo,Nenhuma,Sim
Basico,Baixa,Moderado,Baixo,Manteve,Media,Medio,Nenhuma,Sim
Basico,Baixa,Longo,Baixo,Manteve,Baixa,Medio,Ocasional,Sim
Premium,Alta,Recente,Alto,Aumentou,Alta,Alto,Nenhuma,Nao
Basico,Media,Moderado,Baixo,Aumentou,Baixa,Medio,Ocasional,Sim
Intermediario,Alta,Recente,Alto,Manteve,Baixa,Medio,Nenhuma,Nao
Basico,Media,Moderado,Baixo,Manteve,Alta,Medio,Nenhuma,Sim
Premium,Alta,Recente,Alto,Diminuiu,Alta,Alto,Nenhuma,Nao
Basico,Alta,Recente,Medio,Manteve,Alta,Alto,Nenhuma,Nao
Intermediario,Alta,Recente,Alto,Manteve,Media,Medio,Nenhuma,Nao
Intermediario,Alta,Recente,Alto,Manteve,Alta,Medio,Nenhuma,Nao
Basico,Alta,Recente,Alto,Manteve,Alta,Alto,Nenhuma,Nao
Basico,Alta,Recente,Baixo,Manteve,Media,Medio,Nenhuma,Nao
Basico,Baixa,Recente,Medio,Manteve,Baixa,Medio,Nenhuma,Sim
Basico,Media,Recente,Medio,Aumentou,Baixa,Baixo,Nenhuma,Sim
Intermediario,Baixa,Recente,Alto,Manteve,Baixa,Medio,Nenhuma,Nao
Basico,Baixa,Longo,Medio,Manteve,Baixa,Baixo,Nenhuma,Sim
Basico,Baixa,Recente,Baixo,Manteve,Media,Alto,Nenhuma,Sim
Basico,Baixa,Longo,Baixo,Manteve,Baixa,Baixo,Nenhuma,Sim
Intermediario,Media,Moderado,Medio,Manteve,Alta,Medio,Nenhuma,Nao
Basico,Media,Moderado,Medio,Aumentou,Media,Baixo,Ocasional,Sim
Basico,Media,Longo,Medio,Manteve,Baixa,Baixo,Ocasional,Sim
Premium,Alta,Moderado,Alto,Manteve,Baixa,Alto,Nenhuma,Nao
Basico,Baixa,Longo,Baixo,Manteve,Media,Medio,Recorrente,Sim
Intermediario,Media,Recente,Medio,Manteve,Media,Baixo,Nenhuma,Nao
Intermediario,Alta,Recente,Alto,Manteve,Media,Medio,Nenhuma,Nao
Basico,Media,Longo,Baixo,Aumentou,Baixa,Alto,Nenhuma,Nao
Basico,Baixa,Longo,Baixo,Diminuiu,Alta,Baixo,Ocasional,Sim
Intermediario,Media,Longo,Medio,Aumentou,Media,Alto,Nenhuma,Nao
Premium,Baixa,Longo,Alto,Aumentou,Media,Baixo,Recorrente,Sim
Basico,Baixa,Longo,Baixo,Diminuiu,Media,Medio,Nenhuma,Sim
Intermediario,Baixa,Recente,Baixo,Manteve,Baixa,Baixo,Nenhuma,Sim
Basico,Media,Recente,Medio,Manteve,Baixa,Baixo,Ocasional,Sim
Premium,Alta,Recente,Alto,Manteve,Media,Alto,Nenhuma,Nao
Intermediario,Alta,Recente,Alto,Manteve,Alta,Alto,Nenhuma,Nao
Basico,Media,Recente,Medio,Manteve,Media,Medio,Nenhuma,Sim
Premium,Alta,Recente,Alto,Manteve,Alta,Medio,Nenhuma,Nao
Basico,Baixa,Longo,Baixo,Diminuiu,Alta,Alto,Ocasional,Sim
Basico,Media,Recente,Baixo,Aumentou,Baixa,Medio,Nenhuma,Nao
Intermediario,Alta,Recente,Alto,Manteve,Media,Alto,Ocasional,Nao
Basico,Media,Recente,Baixo,Aumentou,Baixa,Baixo,Ocasional,Sim
Basico,Alta,Recente,Alto,Manteve,Alta,Alto,Nenhuma,Nao
Basico,Baixa,Longo,Baixo,Manteve,Media,Medio,Ocasional,Sim
Basico,Baixa,Longo,Baixo,Manteve,Baixa,Alto,Nenhuma,Sim
Premium,Baixa,Longo,Baixo,Manteve,Media,Baixo,Nenhuma,Sim
Intermediario,Media,Moderado,Alto,Manteve,Alta,Alto,Nenhuma,Nao
Premium,Alta,Recente,Alto,Manteve,Alta,Alto,Nenhuma,Nao
Basico,Alta,Recente,Alto,Aumentou,Baixa,Medio,Nenhuma,Nao
Premium,Baixa,Longo,Baixo,Aumentou,Baixa,Baixo,Ocasional,Sim
Intermediario,Media,Recente,Medio,Manteve,Media,Baixo,Ocasional,Nao
Intermediario,Alta,Recente,Alto,Manteve,Alta,Alto,Nenhuma,Nao
Basico,Alta,Moderado,Medio,Manteve,Alta,Medio,Ocasional,Nao
Basico,Media,Moderado,Medio,Aumentou,Baixa,Alto,Nenhuma,Sim
Basico,Alta,Recente,Medio,Aumentou,Alta,Alto,Nenhuma,Sim
Intermediario,Alta,Longo,Alto,Diminuiu,Alta,Alto,Nenhuma,Nao
Basico,Baixa,Recente,Baixo,Diminuiu,Media,Medio,Nenhuma,Sim
Basico,Baixa,Moderado,Baixo,Aumentou,Baixa,Baixo,Nenhuma,Sim
Intermediario,Alta,Recente,Medio,Manteve,Alta,Medio,Nenhuma,Nao
Basico,Alta,Recente,Alto,Aumentou,Baixa,Medio,Nenhuma,Sim
Intermediario,Media,Moderado,Baixo,Manteve,Alta,Medio,Nenhuma,Sim
Premium,Alta,Moderado,Alto,Aumentou,Alta,Alto,Nenhuma,Nao
Basico,Baixa,Longo,Baixo,Manteve,Baixa,Baixo,Recorrente,Sim
Basico,Alta,Recente,Medio,Aumentou,Baixa,Medio,Nenhuma,Sim
Basico,Alta,Recente,Baixo,Manteve,Media,Alto,Nenhuma,Nao
Basico,Baixa,Moderado,Baixo,Aumentou,Baixa,Medio,Nenhuma,Sim
Basico,Media,Recente,Medio,Manteve,Media,Medio,Nenhuma,Nao
Basico,Baixa,Longo,Baixo,Manteve,Alta,Medio,Nenhuma,Nao
Basico,Media,Recente,Medio,Manteve,Media,Baixo,Nenhuma,Nao
Intermediario,Media,Moderado,Alto,Aumentou,Baixa,Alto,Nenhuma,Sim
Basico,Alta,Recente,Alto,Manteve,Alta,Medio,Ocasional,Nao
Intermediario,Baixa,Recente,Baixo,Manteve,Media,Medio,Nenhuma,Sim
Intermediario,Baixa,Moderado,Baixo,Manteve,Media,Medio,Nenhuma,Nao
Premium,Baixa,Longo,Baixo,Aumentou,Media,Alto,Nenhuma,Sim
Basico,Baixa,Longo,Baixo,Manteve,Baixa,Medio,Ocasional,Sim
Intermediario,Media,Moderado,Medio,Aumentou,Media,Alto,Ocasional,Sim
Premium,Alta,Recente,Alto,Manteve,Alta,Alto,Nenhuma,Nao
Basico,Media,Moderado,Alto,Manteve,Alta,Medio,Ocasional,Sim
Intermediario,Baixa,Recente,Baixo,Manteve,Baixa,Baixo,Ocasional,Sim
Intermediario,Alta,Recente,Alto,Diminuiu,Media,Alto,Ocasional,Nao
Basico,Media,Recente,Medio,Manteve,Baixa,Alto,Nenhuma,Nao
Intermediario,Baixa,Moderado,Baixo,Aumentou,Alta,Alto,Nenhuma,Sim
Intermediario,Alta,Recente,Medio,Manteve,Alta,Alto,Nenhuma,Nao
Basico,Baixa,Moderado,Baixo,Aumentou,Baixa,Alto,Nenhuma,Sim
Intermediario,Media,Recente,Medio,Diminuiu,Alta,Alto,Nenhuma,Nao
Intermediario,Alta,Recente,Alto,Manteve,Alta,Alto,Nenhuma,Nao
Intermediario,Media,Recente,Medio,Manteve,Media,Medio,Nenhuma,Sim
Intermediario,Baixa,Longo,Baixo,Manteve,Media,Baixo,Nenhuma,Sim
Basico,Media,Recente,Baixo,Aumentou,Media,Alto,Nenhuma,Nao
Premium,Alta,Recente,Alto,Aumentou,Alta,Alto,Nenhuma,Nao
Basico,Baixa,Moderado,Baixo,Manteve,Media,Medio,Nenhuma,Sim
Premium,Alta,Recente,Alto,Aumentou,Alta,Alto,Nenhuma,Nao
Basico,Media,Recente,Medio,Manteve,Alta,Alto,Nenhuma,Nao
Basico,Media,Moderado,Medio,Manteve,Baixa,Medio,Nenhuma,Sim
Intermediario,Baixa,Moderado,Baixo,Manteve,Media,Alto,Nenhuma,Sim
Basico,Media,Recente,Medio,Aumentou,Baixa,Medio,Nenhuma,Sim
Basico,Media,Moderado,Baixo,Manteve,Baixa,Alto,Nenhuma,Nao
Intermediario,Baixa,Recente,Baixo,Manteve,Baixa,Alto,Nenhuma,Sim
Basico,Media,Recente,Medio,Manteve,Alta,Medio,Nenhuma,Nao
Premium,Alta,Recente,Alto,Aumentou,Baixa,Medio,Nenhuma,Nao
Intermediario,Alta,Recente,Medio,Aumentou,Alta,Medio,Ocasional,Nao
Premium,Alta,Recente,Medio,Manteve,Alta,Alto,Nenhuma,Nao
Premium,Media,Recente,Medio,Manteve,Media,Medio,Nenhuma,Nao
Intermediario,Alta,Recente,Medio,Aumentou,Media,Baixo,Recorrente,Sim
Intermediario,Media,Recente,Medio,Manteve,Alta,Medio,Nenhuma,Nao
Basico,Alta,Recente,Medio,Diminuiu,Alta,Medio,Nenhuma,Nao
Premium,Media,Longo,Medio,Manteve,Media,Baixo,Ocasional,Sim
Basico,Baixa,Moderado,Baixo,Manteve,Baixa,Baixo,Recorrente,Sim
Basico,Alta,Recente,Alto,Manteve,Media,Alto,Ocasional,Nao
Basico,Baixa,Recente,Baixo,Manteve,Media,Medio,Nenhuma,Nao
Basico,Alta,Recente,Alto,Manteve,Media,Alto,Nenhuma,Nao
Basico,Baixa,Longo,Baixo,Aumentou,Baixa,Baixo,Nenhuma,Sim
Premium,Media,Moderado,Alto,Aumentou,Baixa,Baixo,Nenhuma,Sim
Intermediario,Alta,Recente,Medio,Manteve,Alta,Alto,Nenhuma,Nao
Basico,Alta,Recente,Alto,Manteve,Media,Alto,Nenhuma,Nao
Basico,Alta,Moderado,Alto,Manteve,Media,Medio,Nenhuma,Nao
Intermediario,Alta,Recente,Alto,Manteve,Media,Medio,Nenhuma,Nao
Basico,Media,Moderado,Medio,Manteve,Baixa,Medio,Nenhuma,Sim
Intermediario,Media,Recente,Baixo,Manteve,Baixa,Baixo,Nenhuma,Sim
Intermediario,Alta,Moderado,Alto,Manteve,Alta,Alto,Nenhuma,Nao
Intermediario,Media,Recente,Baixo,Manteve,Alta,Alto,Nenhuma,Nao
Premium,Media,Recente,Medio,Manteve,Media,Alto,Ocasional,Nao
Intermediario,Media,Longo,Baixo,Aumentou,Media,Alto,Nenhuma,Sim
Basico,Baixa,Recente,Baixo,Manteve,Alta,Alto,Ocasional,Nao
Intermediario,Media,Moderado,Medio,Manteve,Media,Medio,Nenhuma,Sim
Basico,Media,Recente,Alto,Manteve,Media,Baixo,Nenhuma,Nao
Basico,Media,Moderado,Baixo,Manteve,Media,Medio,Ocasional,Nao
Basico,Baixa,Moderado,Baixo,Manteve,Alta,Medio,Nenhuma,Sim
Basico,Alta,Recente,Medio,Aumentou,Media,Medio,Nenhuma,Sim
Basico,Media,Recente,Medio,Manteve,Alta,Alto,Nenhuma,Nao
Intermediario,Alta,Recente,Medio,Manteve,Media,Medio,Ocasional,Nao
Intermediario,Baixa,Longo,Baixo,Aumentou,Media,Medio,Nenhuma,Sim
Intermediario,Media,Moderado,Medio,Aumentou,Media,Alto,Nenhuma,Nao
Intermediario,Alta,Recente,Alto,Manteve,Alta,Medio,Nenhuma,Nao
Intermediario,Baixa,Moderado,Alto,Manteve,Baixa,Medio,Ocasional,Sim
Intermediario,Baixa,Recente,Baixo,Manteve,Media,Alto,Nenhuma,Nao
Basico,Media,Recente,Medio,Manteve,Media,Medio,Nenhuma,Sim
Intermediario,Media,Moderado,Medio,Manteve,Baixa,Medio,Nenhuma,Nao
Basico,Media,Recente,Baixo,Aumentou,Media,Alto,Nenhuma,Sim
Intermediario,Baixa,Moderado,Baixo,Manteve,Baixa,Medio,Nenhuma,Sim
Basico,Alta,Recente,Alto,Aumentou,Alta,Alto,Nenhuma,Nao
Intermediario,Baixa,Moderado,Baixo,Manteve,Baixa,Medio,Nenhuma,Nao
Premium,Media,Recente,Medio,Aumentou,Media,Alto,Nenhuma,Nao
Intermediario,Alta,Moderado,Medio,Manteve,Alta,Alto,Nenhuma,Nao
Intermediario,Alta,Recente,Medio,Manteve,Alta,Alto,Nenhuma,Nao
Basico,Baixa,Longo,Baixo,Manteve,Alta,Baixo,Nenhuma,Sim
Intermediario,Baixa,Longo,Baixo,Aumentou,Baixa,Medio,Recorrente,Sim
Intermediario,Baixa,Longo,Medio,Aumentou,Alta,Alto,Nenhuma,Sim
Premium,Baixa,Moderado,Baixo,Aumentou,Alta,Alto,Nenhuma,Sim
Intermediario,Baixa,Recente,Baixo,Manteve,Media,Medio,Nenhuma,Nao
Basico,Media,Moderado,Baixo,Manteve,Baixa,Alto,Nenhuma,Nao
Basico,Media,Recente,Medio,Manteve,Baixa,Medio,Nenhuma,Nao
Intermediario,Media,Moderado,Baixo,Manteve,Alta,Alto,Nenhuma,Nao
Premium,Alta,Recente,Alto,Diminuiu,Media,Baixo,Nenhuma,Nao
Intermediario,Media,Recente,Alto,Aumentou,Baixa,Alto,Ocasional,Sim
Premium,Alta,Recente,Alto,Manteve,Media,Alto,Nenhuma,Nao
Basico,Media,Recente,Baixo,Manteve,Alta,Alto,Nenhuma,Nao
Basico,Media,Recente,Medio,Aumentou,Alta,Alto,Nenhuma,Nao
Basico,Baixa,Moderado,Baixo,Manteve,Media,Baixo,Nenhuma,Sim
Premium,Alta,Recente,Medio,Aumentou,Alta,Alto,Nenhuma,Nao
Basico,Alta,Recente,Alto,Manteve,Baixa,Medio,Ocasional,Nao
Basico,Baixa,Moderado,Baixo,Aumentou,Baixa,Medio,Ocasional,Sim
Premium,Media,Longo,Medio,Aumentou,Baixa,Baixo,Nenhuma,Sim
Basico,Baixa,Longo,Baixo,Diminuiu,Alta,Medio,Nenhuma,Sim
Premium,Media,Recente,Medio,Aumentou,Media,Alto,Recorrente,Nao
Intermediario,Media,Moderado,Medio,Aumentou,Alta,Alto,Ocasional,Nao
Premium,Alta,Recente,Alto,Aumentou,Alta,Alto,Nenhuma,Nao
Basico,Media,Moderado,Medio,Aumentou,Media,Medio,Nenhuma,Nao
Intermediario,Media,Moderado,Alto,Manteve,Alta,Medio,Nenhuma,Nao
Intermediario,Baixa,Moderado,Baixo,Aumentou,Baixa,Baixo,Nenhuma,Sim
Basico,Baixa,Recente,Baixo,Manteve,Baixa,Medio,Recorrente,Sim
Premium,Baixa,Longo,Medio,Diminuiu,Alta,Medio,Ocasional,Sim
Basico,Media,Moderado,Medio,Manteve,Media,Alto,Nenhuma,Sim
Premium,Alta,Recente,Alto,Manteve,Alta,Alto,Nenhuma,Nao
Intermediario,Media,Moderado,Medio,Aumentou,Baixa,Alto,Nenhuma,Sim
Basico,Media,Recente,Alto,Manteve,Media,Medio,Recorrente,Nao
Premium,Media,Moderado,Alto,Manteve,Media,Medio,Ocasional,Nao
Intermediario,Media,Moderado,Medio,Manteve,Baixa,Medio,Nenhuma,Nao
Basico,Alta,Recente,Medio,Manteve,Media,Medio,Nenhuma,Nao
Basico,Media,Recente,Baixo,Aumentou,Baixa,Medio,Nenhuma,Sim
Intermediario,Baixa,Longo,Baixo,Manteve,Baixa,Medio,Ocasional,Sim
Basico,Alta,Recente,Alto,Manteve,Alta,Alto,Nenhuma,Nao
Intermediario,Alta,Recente,Medio,Manteve,Alta,Alto,Nenhuma,Nao
Basico,Baixa,Longo,Baixo,Manteve,Media,Medio,Nenhuma,Sim
Intermediario,Alta,Recente,Alto,Manteve,Alta,Baixo,Nenhuma,Nao
Premium,Alta,Moderado,Alto,Aumentou,Alta,Alto,Nenhuma,Nao
Basico,Baixa,Recente,Baixo,Manteve,Media,Alto,Ocasional,Nao
Basico,Alta,Recente,Medio,Manteve,Alta,Baixo,Nenhuma,Nao
Intermediario,Alta,Recente,Alto,Aumentou,Alta,Baixo,Nenhuma,Nao
Basico,Alta,Recente,Alto,Aumentou,Alta,Alto,Nenhuma,Nao
Basico,Media,Moderado,Medio,Manteve,Baixa,Alto,Nenhuma,Nao
Intermediario,Alta,Recente,Alto,Manteve,Alta,Alto,Nenhuma,Nao
Premium,Alta,Recente,Medio,Manteve,Alta,Medio,Nenhuma,Nao
Intermediario,Alta,Recente,Medio,Manteve,Baixa,Medio,Nenhuma,Nao
Intermediario,Alta,Recente,Alto,Aumentou,Alta,Alto,Nenhuma,Nao
Basico,Alta,Recente,Alto,Diminuiu,Media,Alto,Nenhuma,Nao
Basico,Alta,Recente,Alto,Manteve,Alta,Alto,Nenhuma,Nao
Basico,Baixa,Moderado,Baixo,Manteve,Media,Alto,Nenhuma,Sim
Basico,Media,Recente,Baixo,Manteve,Media,Medio,Nenhuma,Sim
Basico,Baixa,Longo,Medio,Diminuiu,Baixa,Baixo,Nenhuma,Sim
Premium,Alta,Recente,Alto,Aumentou,Alta,Alto,Nenhuma,Nao
Premium,Alta,Recente,Alto,Manteve,Alta,Alto,Nenhuma,Nao
Intermediario,Alta,Recente,Medio,Aumentou,Media,Medio,Nenhuma,Sim
Basico,Media,Moderado,Baixo,Manteve,Media,Medio,Nenhuma,Sim
Premium,Baixa,Longo,Baixo,Manteve,Media,Alto,Ocasional,Sim
Basico,Baixa,Longo,Baixo,Manteve,Baixa,Medio,Ocasional,Sim
Premium,Alta,Recente,Alto,Aumentou,Media,Alto,Nenhuma,Nao
Premium,Media,Recente,Medio,Aumentou,Alta,Alto,Nenhuma,Nao
Basico,Media,Moderado,Medio,Manteve,Media,Baixo,Nenhuma,Sim
Basico,Media,Recente,Medio,Manteve,Baixa,Medio,Ocasional,Nao
Intermediario,Media,Recente,Baixo,Aumentou,Alta,Alto,Nenhuma,Nao
Intermediario,Media,Recente,Medio,Manteve,Media,Alto,Nenhuma,Nao
Premium,Alta,Recente,Alto,Manteve,Alta,Alto,Nenhuma,Nao
Intermediario,Media,Recente,Alto,Aumentou,Baixa,Baixo,Ocasional,Sim
Basico,Media,Recente,Medio,Manteve,Media,Medio,Nenhuma,Nao
Intermediario,Baixa,Moderado,Baixo,Manteve,Media,Medio,Nenhuma,Sim
Intermediario,Media,Recente,Baixo,Aumentou,Baixa,Baixo,Nenhuma,Sim
Basico,Baixa,Longo,Baixo,Manteve,Baixa,Medio,Nenhuma,Sim
Intermediario,Baixa,Longo,Baixo,Manteve,Media,Baixo,Nenhuma,Sim
Basico,Baixa,Moderado,Baixo,Aumentou,Baixa,Medio,Nenhuma,Sim
Premium,Baixa,Moderado,Baixo,Manteve,Baixa,Medio,Ocasional,Sim
Basico,Media,Recente,Medio,Manteve,Alta,Alto,Nenhuma,Nao
Basico,Media,Moderado,Medio,Manteve,Media,Alto,Nenhuma,Nao
Premium,Alta,Recente,Medio,Aumentou,Alta,Medio,Recorrente,Sim
Basico,Media,Recente,Medio,Aumentou,Baixa,Alto,Nenhuma,Nao
Intermediario,Alta,Recente,Medio,Manteve,Media,Alto,Ocasional,Nao
Basico,Media,Moderado,Medio,Manteve,Baixa,Baixo,Nenhuma,Sim
Basico,Media,Moderado,Medio,Aumentou,Baixa,Baixo,Nenhuma,Sim
Basico,Media,Moderado,Medio,Manteve,Baixa,Baixo,Recorrente,Sim
Basico,Media,Moderado,Medio,Manteve,Media,Medio,Ocasional,Nao
Premium,Media,Moderado,Medio,Manteve,Alta,Medio,Nenhuma,Nao
Intermediario,Media,Recente,Baixo,Manteve,Alta,Medio,Nenhuma,Nao
Basico,Baixa,Longo,Medio,Manteve,Media,Baixo,Nenhuma,Sim
Intermediario,Baixa,Moderado,Baixo,Aumentou,Baixa,Medio,Nenhuma,Sim
Premium,Alta,Recente,Alto,Diminuiu,Alta,Alto,Nenhuma,Nao
Intermediario,Media,Moderado,Medio,Manteve,Alta,Alto,Nenhuma,Nao
Basico,Media,Recente,Medio,Manteve,Baixa,Medio,Nenhuma,Nao
Intermediario,Media,Recente,Medio,Manteve,Media,Medio,Nenhuma,Nao
Intermediario,Baixa,Longo,Baixo,Manteve,Media,Baixo,Nenhuma,Sim
Intermediario,Baixa,Moderado,Baixo,Aumentou,Media,Alto,Recorrente,Sim
Basico,Baixa,Moderado,Baixo,Diminuiu,Media,Medio,Nenhuma,Sim
Premium,Alta,Recente,Medio,Diminuiu,Alta,Alto,Nenhuma,Nao
Premium,Alta,Moderado,Alto,Aumentou,Baixa,Medio,Nenhuma,Nao
Intermediario,Media,Recente,Medio,Aumentou,Media,Medio,Ocasional,Nao
Intermediario,Media,Moderado,Medio,Manteve,Baixa,Medio,Nenhuma,Nao
Premium,Alta,Moderado,Alto,Manteve,Alta,Medio,Nenhuma,Nao
Basico,Baixa,Longo,Baixo,Manteve,Baixa,Medio,Nenhuma,Sim
Intermediario,Alta,Recente,Alto,Manteve,Media,Medio,Nenhuma,Nao
Basico,Media,Moderado,Baixo,Manteve,Alta,Medio,Nenhuma,Sim
Intermediario,Baixa,Longo,Baixo,Aumentou,Media,Baixo,Nenhuma,Sim
Basico,Media,Recente,Medio,Aumentou,Baixa,Medio,Nenhuma,Sim
Basico,Media,Longo,Medio,Manteve,Baixa,Baixo,Recorrente,Sim
Intermediario,Baixa,Recente,Baixo,Aumentou,Alta,Alto,Nenhuma,Sim
Premium,Baixa,Recente,Baixo,Manteve,Media,Baixo,Recorrente,Sim
Basico,Media,Recente,Medio,Manteve,Alta,Alto,Nenhuma,Nao
Basico,Media,Moderado,Medio,Manteve,Media,Baixo,Nenhuma,Sim
Intermediario,Media,Recente,Medio,Manteve,Media,Medio,Nenhuma,Nao
Intermediario,Baixa,Moderado,Baixo,Manteve,Baixa,Baixo,Ocasional,Sim
Premium,Media,Recente,Medio,Aumentou,Baixa,Alto,Nenhuma,Nao
Premium,Baixa,Moderado,Baixo,Manteve,Baixa,Medio,Nenhuma,Sim
Intermediario,Media,Recente,Medio,Manteve,Baixa,Alto,Nenhuma,Nao
Basico,Media,Moderado,Baixo,Aumentou,Baixa,Medio,Nenhuma,Sim
Intermediario,Media,Recente,Medio,Aumentou,Media,Alto,Nenhuma,Nao
Intermediario,Alta,Recente,Alto,Manteve,Media,Medio,Nenhuma,Nao
Basico,Media,Recente,Medio,Manteve,Alta,Medio,Nenhuma,Nao
Premium,Alta,Recente,Alto,Manteve,Alta,Alto,Nenhuma,Nao
Basico,Media,Moderado,Medio,Manteve,Baixa,Medio,Nenhuma,Sim
Premium,Media,Moderado,Medio,Manteve,Media,Medio,Nenhuma,Nao
Premium,Baixa,Moderado,Baixo,Aumentou,Baixa,Alto,Nenhuma,Sim
Basico,Baixa,Longo,Baixo,Manteve,Alta,Medio,Nenhuma,Sim
Basico,Media,Moderado,Medio,Manteve,Baixa,Medio,Nenhuma,Sim
Basico,Media,Moderado,Medio,Manteve,Baixa,Baixo,Nenhuma,Nao
Basico,Alta,Recente,Alto,Manteve,Alta,Alto,Recorrente,Nao
Intermediario,Alta,Recente,Alto,Aumentou,Alta,Alto,Nenhuma,Nao
Intermediario,Media,Recente,Medio,Manteve,Media,Medio,Nenhuma,Sim
Basico,Media,Moderado,Medio,Manteve,Baixa,Medio,Nenhuma,Sim
Basico,Media,Recente,Baixo,Manteve,Baixa,Medio,Recorrente,Sim
Intermediario,Media,Moderado,Medio,Manteve,Baixa,Medio,Nenhuma,Sim
Intermediario,Media,Recente,Alto,Manteve,Media,Alto,Nenhuma,Nao
Intermediario,Alta,Recente,Alto,Manteve,Media,Alto,Recorrente,Nao
Basico,Baixa,Moderado,Baixo,Manteve,Alta,Medio,Nenhuma,Sim
Premium,Alta,Recente,Alto,Manteve,Alta,Alto,Nenhuma,Nao
Basico,Baixa,Longo,Baixo,Aumentou,Baixa,Medio,Ocasional,Sim
Basico,Alta,Moderado,Alto,Aumentou,Media,Medio,Nenhuma,Sim
Intermediario,Alta,Recente,Medio,Aumentou,Alta,Alto,Nenhuma,Nao
Premium,Media,Recente,Medio,Aumentou,Media,Baixo,Nenhuma,Nao
Basico,Baixa,Moderado,Baixo,Manteve,Media,Baixo,Nenhuma,Sim
Premium,Media,Recente,Baixo,Manteve,Alta,Medio,Nenhuma,Nao
Basico,Media,Recente,Baixo,Manteve,Baixa,Alto,Nenhuma,Nao
Basico,Media,Recente,Baixo,Manteve,Media,Medio,Nenhuma,Sim
Intermediario,Baixa,Moderado,Baixo,Manteve,Media,Baixo,Nenhuma,Sim
Basico,Alta,Recente,Alto,Manteve,Alta,Alto,Nenhuma,Nao
Intermediario,Media,Recente,Medio,Manteve,Media,Alto,Nenhuma,Nao
Basico,Baixa,Longo,Baixo,Diminuiu,Media,Alto,Ocasional,Sim
Premium,Media,Moderado,Alto,Manteve,Media,Medio,Nenhuma,Sim
Premium,Media,Recente,Alto,Manteve,Alta,Alto,Nenhuma,Nao
Basico,Alta,Recente,Alto,Manteve,Media,Medio,Ocasional,Nao
Premium,Media,Recente,Medio,Manteve,Alta,Alto,Nenhuma,Nao
Intermediario,Media,Moderado,Alto,Aumentou,Baixa,Baixo,Recorrente,Sim
Basico,Media,Moderado,Medio,Manteve,Media,Alto,Nenhuma,Nao
Basico,Media,Recente,Medio,Diminuiu,Media,Medio,Nenhuma,Nao
Premium,Media,Recente,Medio,Manteve,Media,Alto,Nenhuma,Nao
Premium,Baixa,Moderado,Baixo,Manteve,Media,Alto,Nenhuma,Nao
Premium,Baixa,Moderado,Baixo,Manteve,Media,Medio,Nenhuma,Sim
Premium,Media,Moderado,Medio,Aumentou,Media,Medio,Ocasional,Sim
Premium,Media,Recente,Medio,Aumentou,Baixa,Medio,Nenhuma,Nao
Intermediario,Media,Moderado,Medio,Aumentou,Media,Alto,Nenhuma,Sim
Basico,Alta,Recente,Medio,Diminuiu,Media,Baixo,Nenhuma,Sim
Intermediario,Media,Recente,Medio,Manteve,Alta,Alto,Nenhuma,Nao
Basico,Baixa,Longo,Medio,Manteve,Baixa,Medio,Nenhuma,Sim
Basico,Baixa,Recente,Medio,Manteve,Media,Baixo,Nenhuma,Sim
Basico,Media,Recente,Medio,Aumentou,Baixa,Alto,Nenhuma,Sim
Basico,Media,Recente,Medio,Manteve,Media,Medio,Nenhuma,Nao
Intermediario,Alta,Recente,Medio,Manteve,Media,Alto,Nenhuma,Nao
Basico,Media,Recente,Alto,Manteve,Alta,Alto,Nenhuma,Nao
Intermediario,Media,Recente,Medio,Manteve,Baixa,Medio,Nenhuma,Nao
Intermediario,Baixa,Longo,Baixo,Manteve,Baixa,Baixo,Nenhuma,Sim
Basico,Baixa,Moderado,Baixo,Aumentou,Baixa,Medio,Nenhuma,Sim
Premium,Baixa,Recente,Baixo,Manteve,Media,Medio,Nenhuma,Sim
Premium,Media,Moderado,Baixo,Aumentou,Alta,Alto,Nenhuma,Nao
Basico,Media,Recente,Baixo,Manteve,Alta,Alto,Nenhuma,Nao
Premium,Media,Moderado,Medio,Manteve,Media,Alto,Nenhuma,Nao
Basico,Alta,Recente,Alto,Manteve,Baixa,Medio,Ocasional,Nao
Basico,Media,Moderado,Baixo,Aumentou,Alta,Medio,Nenhuma,Sim
Basico,Baixa,Moderado,Baixo,Manteve,Media,Alto,Nenhuma,Sim
Intermediario,Media,Recente,Baixo,Aumentou,Baixa,Medio,Recorrente,Sim
Intermediario,Media,Moderado,Medio,Manteve,Media,Baixo,Ocasional,Sim
Basico,Media,Recente,Medio,Aumentou,Baixa,Alto,Nenhuma,Sim
Premium,Media,Recente,Alto,Manteve,Alta,Baixo,Nenhuma,Nao
Intermediario,Media,Recente,Medio,Aumentou,Baixa,Alto,Ocasional,Sim
Intermediario,Media,Moderado,Medio,Manteve,Media,Alto,Nenhuma,Nao
Basico,Baixa,Moderado,Baixo,Aumentou,Media,Medio,Nenhuma,Sim
Basico,Media,Recente,Medio,Manteve,Media,Medio,Nenhuma,Sim
Premium,Media,Moderado,Alto,Aumentou,Media,Medio,Nenhuma,Nao
Basico,Baixa,Longo,Baixo,Aumentou,Baixa,Medio,Nenhuma,Sim
Basico,Alta,Recente,Medio,Manteve,Media,Alto,Nenhuma,Nao
Basico,Baixa,Moderado,Baixo,Diminuiu,Media,Medio,Nenhuma,Sim
Intermediario,Baixa,Longo,Baixo,Aumentou,Baixa,Baixo,Nenhuma,Sim
Premium,Alta,Recente,Alto,Aumentou,Alta,Alto,Ocasional,Nao
Premium,Media,Moderado,Alto,Manteve,Alta,Alto,Nenhuma,Nao
Basico,Media,Moderado,Medio,Aumentou,Baixa,Alto,Nenhuma,Sim
Intermediario,Media,Recente,Medio,Manteve,Baixa,Baixo,Ocasional,Nao
Intermediario,Alta,Recente,Alto,Manteve,Alta,Alto,Nenhuma,Nao
Premium,Media,Recente,Medio,Aumentou,Media,Medio,Nenhuma,Nao
Intermediario,Baixa,Longo,Baixo,Manteve,Media,Medio,Ocasional,Sim
Basico,Baixa,Longo,Baixo,Aumentou,Baixa,Medio,Nenhuma,Sim
Basico,Baixa,Longo,Baixo,Manteve,Baixa,Baixo,Nenhuma,Sim
Premium,Media,Moderado,Alto,Aumentou,Alta,Alto,Nenhuma,Nao
Basico,Baixa,Longo,Baixo,Manteve,Baixa,Baixo,Nenhuma,Sim
Intermediario,Media,Recente,Medio,Aumentou,Baixa,Alto,Nenhuma,Nao
Basico,Baixa,Recente,Baixo,Diminuiu,Media,Alto,Nenhuma,Sim
Premium,Media,Moderado,Medio,Manteve,Alta,Alto,Nenhuma,Sim
Basico,Alta,Recente,Baixo,Aumentou,Baixa,Alto,Recorrente,Nao
Intermediario,Alta,Moderado,Alto,Manteve,Alta,Alto,Nenhuma,Nao
Basico,Alta,Recente,Alto,Manteve,Alta,Alto,Nenhuma,Nao
Basico,Media,Recente,Medio,Aumentou,Baixa,Medio,Nenhuma,Sim
Premium,Alta,Recente,Alto,Aumentou,Alta,Alto,Nenhuma,Nao
Intermediario,Baixa,Longo,Medio,Aumentou,Baixa,Medio,Ocasional,Sim
Basico,Baixa,Longo,Baixo,Manteve,Baixa,Medio,Nenhuma,Sim
Intermediario,Baixa,Moderado,Baixo,Manteve,Media,Alto,Nenhuma,Nao
Basico,Media,Recente,Baixo,Aumentou,Baixa,Alto,Nenhuma,Sim
Premium,Media,Moderado,Medio,Manteve,Baixa,Medio,Nenhuma,Nao
Premium,Alta,Recente,Alto,Aumentou,Alta,Alto,Recorrente,Nao
Basico,Baixa,Moderado,Baixo,Manteve,Baixa,Alto,Ocasional,Nao
Basico,Alta,Recente,Alto,Aumentou,Baixa,Alto,Nenhuma,Sim
Basico,Baixa,Moderado,Baixo,Aumentou,Baixa,Baixo,Nenhuma,Sim
Basico,Alta,Recente,Alto,Manteve,Alta,Alto,Nenhuma,Nao
Basico,Baixa,Moderado,Baixo,Manteve,Media,Baixo,Nenhuma,Sim
Basico,Baixa,Longo,Baixo,Manteve,Media,Baixo,Nenhuma,Sim
Basico,Alta,Recente,Medio,Manteve,Media,Baixo,Ocasional,Nao
Premium,Media,Recente,Alto,Manteve,Alta,Alto,Nenhuma,Nao
Intermediario,Alta,Recente,Alto,Aumentou,Alta,Alto,Nenhuma,Nao
Premium,Media,Moderado,Alto,Aumentou,Media,Baixo,Nenhuma,Sim
Premium,Alta,Recente,Medio,Manteve,Media,Alto,Nenhuma,Nao
Intermediario,Media,Recente,Medio,Manteve,Baixa,Medio,Nenhuma,Sim
Basico,Media,Moderado,Alto,Manteve,Media,Medio,Nenhuma,Sim
Intermediario,Media,Recente,Medio,Manteve,Media,Medio,Nenhuma,Nao
Basico,Baixa,Longo,Baixo,Manteve,Media,Medio,Nenhuma,Sim
Basico,Alta,Recente,Alto,Manteve,Media,Alto,Nenhuma,Nao
Intermediario,Media,Moderado,Medio,Manteve,Alta,Medio,Nenhuma,Sim
Intermediario,Alta,Moderado,Alto,Manteve,Baixa,Medio,Ocasional,Sim
Basico,Baixa,Longo,Baixo,Manteve,Media,Alto,Recorrente,Sim
Intermediario,Alta,Recente,Alto,Manteve,Media,Alto,Nenhuma,Nao
Intermediario,Alta,Recente,Alto,Manteve,Media,Alto,Nenhuma,Nao
Intermediario,Alta,Recente,Alto,Manteve,Alta,Alto,Nenhuma,Nao
Premium,Alta,Recente,Alto,Manteve,Alta,Alto,Nenhuma,Nao
Premium,Media,Moderado,Medio,Manteve,Media,Alto,Nenhuma,Nao
Basico,Media,Moderado,Medio,Manteve,Alta,Alto,Nenhuma,Sim
Basico,Media,Recente,Medio,Manteve,Alta,Medio,Nenhuma,Sim
Intermediario,Baixa,Longo,Baixo,Manteve,Media,Baixo,Ocasional,Sim
Basico,Baixa,Moderado,Baixo,Aumentou,Baixa,Medio,Nenhuma,Sim
Premium,Alta,Recente,Alto,Diminuiu,Alta,Alto,Nenhuma,Nao
Premium,Media,Moderado,Medio,Aumentou,Alta,Alto,Nenhuma,Nao
Premium,Media,Recente,Alto,Manteve,Media,Baixo,Ocasional,Nao
Intermediario,Alta,Recente,Medio,Manteve,Alta,Alto,Nenhuma,Nao
Premium,Alta,Recente,Alto,Aumentou,Media,Alto,Nenhuma,Nao
Basico,Baixa,Moderado,Baixo,Manteve,Media,Medio,Recorrente,Sim
Basico,Alta,Moderado,Baixo,Manteve,Media,Medio,Recorrente,Sim
Premium,Baixa,Longo,Baixo,Manteve,Baixa,Baixo,Nenhuma,Sim
Basico,Baixa,Recente,Baixo,Manteve,Baixa,Alto,Nenhuma,Sim
Basico,Media,Recente,Medio,Manteve,Media,Medio,Ocasional,Nao
Basico,Alta,Recente,Medio,Aumentou,Alta,Alto,Nenhuma,Nao
Intermediario,Media,Recente,Baixo,Manteve,Media,Medio,Nenhuma,Nao
Intermediario,Alta,Recente,Medio,Manteve,Alta,Alto,Nenhuma,Nao
Intermediario,Media,Moderado,Medio,Manteve,Media,Baixo,Nenhuma,Sim
Basico,Baixa,Moderado,Baixo,Manteve,Media,Medio,Nenhuma,Sim
Basico,Media,Recente,Medio,Manteve,Media,Medio,Nenhuma,Sim
Intermediario,Baixa,Recente,Baixo,Manteve,Alta,Alto,Nenhuma,Nao
Basico,Media,Longo,Baixo,Aumentou,Baixa,Medio,Nenhuma,Sim
Premium,Media,Recente,Medio,Aumentou,Alta,Alto,Nenhuma,Nao
Intermediario,Media,Moderado,Alto,Manteve,Media,Alto,Nenhuma,Nao
Intermediario,Media,Longo,Medio,Manteve,Baixa,Baixo,Nenhuma,Sim
Basico,Alta,Recente,Alto,Aumentou,Alta,Alto,Nenhuma,Nao
Basico,Media,Moderado,Medio,Diminuiu,Alta,Alto,Nenhuma,Nao
Premium,Media,Moderado,Medio,Manteve,Media,Medio,Ocasional,Sim
Basico,Baixa,Moderado,Baixo,Manteve,Alta,Medio,Nenhuma,Sim
Basico,Alta,Recente,Medio,Manteve,Media,Alto,Nenhuma,Nao
Intermediario,Media,Recente,Alto,Manteve,Alta,Medio,Nenhuma,Nao
Basico,Alta,Moderado,Alto,Manteve,Alta,Alto,Nenhuma,Nao
Basico,Media,Moderado,Medio,Aumentou,Media,Medio,Nenhuma,Sim
Intermediario,Media,Recente,Medio,Manteve,Baixa,Alto,Nenhuma,Nao
Intermediario,Alta,Recente,Medio,Manteve,Alta,Alto,Nenhuma,Nao
Intermediario,Baixa,Moderado,Baixo,Manteve,Media,Baixo,Ocasional,Sim
Intermediario,Alta,Recente,Medio,Manteve,Alta,Alto,Nenhuma,Nao
Intermediario,Alta,Recente,Baixo,Manteve,Alta,Alto,Nenhuma,Nao
Basico,Media,Recente,Medio,Manteve,Media,Medio,Nenhuma,Sim
Basico,Media,Moderado,Baixo,Aumentou,Baixa,Baixo,Ocasional,Sim
Intermediario,Media,Recente,Medio,Manteve,Baixa,Medio,Nenhuma,Sim
Basico,Media,Recente,Medio,Manteve,Baixa,Baixo,Recorrente,Sim
Intermediario,Alta,Recente,Medio,Manteve,Alta,Medio,Nenhuma,Nao
Intermediario,Media,Recente,Medio,Manteve,Alta,Medio,Ocasional,Nao
Premium,Media,Moderado,Medio,Manteve,Alta,Alto,Nenhuma,Nao
Basico,Media,Recente,Medio,Manteve,Media,Alto,Nenhuma,Sim
Basico,Media,Moderado,Medio,Manteve,Media,Alto,Nenhuma,Nao
Basico,Baixa,Longo,Baixo,Manteve,Alta,Medio,Nenhuma,Sim
Intermediario,Media,Recente,Medio,Manteve,Media,Alto,Nenhuma,Nao
Intermediario,Media,Recente,Baixo,Manteve,Baixa,Medio,Nenhuma,Nao
Basico,Media,Recente,Medio,Manteve,Alta,Baixo,Ocasional,Sim
Premium,Alta,Recente,Alto,Manteve,Alta,Alto,Nenhuma,Nao
Basico,Media,Moderado,Baixo,Manteve,Media,Baixo,Nenhuma,Nao
Intermediario,Media,Recente,Medio,Manteve,Baixa,Medio,Recorrente,Sim
Intermediario,Alta,Recente,Alto,Manteve,Alta,Alto,Nenhuma,Nao
Intermediario,Baixa,Longo,Baixo,Manteve,Baixa,Medio,Nenhuma,Sim
Basico,Media,Recente,Medio,Aumentou,Baixa,Medio,Nenhuma,Nao
Basico,Baixa,Recente,Baixo,Diminuiu,Media,Baixo,Nenhuma,Sim
Intermediario,Baixa,Longo,Baixo,Aumentou,Baixa,Medio,Nenhuma,Sim
Premium,Media,Recente,Medio,Manteve,Baixa,Alto,Nenhuma,Nao
Intermediario,Alta,Recente,Alto,Manteve,Media,Alto,Nenhuma,Nao
Basico,Media,Moderado,Baixo,Aumentou,Media,Alto,Nenhuma,Nao
Intermediario,Media,Moderado,Baixo,Manteve,Baixa,Medio,Nenhuma,Sim
Intermediario,Alta,Recente,Alto,Diminuiu,Alta,Alto,Nenhuma,Nao
Basico,Alta,Recente,Baixo,Aumentou,Baixa,Medio,Nenhuma,Sim
Premium,Baixa,Moderado,Baixo,Aumentou,Baixa,Baixo,Nenhuma,Sim
Basico,Baixa,Longo,Baixo,Manteve,Media,Medio,Ocasional,Sim
Basico,Alta,Recente,Alto,Manteve,Alta,Alto,Nenhuma,Nao
Intermediario,Media,Recente,Alto,Aumentou,Baixa,Baixo,Recorrente,Sim
Basico,Media,Moderado,Medio,Aumentou,Baixa,Alto,Ocasional,Sim
Basico,Alta,Moderado,Alto,Manteve,Alta,Alto,Nenhuma,Nao
Intermediario,Alta,Recente,Medio,Manteve,Alta,Alto,Nenhuma,Nao
Basico,Media,Recente,Medio,Manteve,Media,Medio,Nenhuma,Nao
Basico,Alta,Recente,Medio,Manteve,Media,Medio,Nenhuma,Nao
Intermediario,Media,Recente,Medio,Aumentou,Baixa,Baixo,Ocasional,Nao
Premium,Baixa,Moderado,Baixo,Manteve,Baixa,Alto,Nenhuma,Sim
Intermediario,Alta,Recente,Medio,Aumentou,Alta,Baixo,Nenhuma,Nao
Intermediario,Alta,Recente,Alto,Manteve,Alta,Alto,Recorrente,Nao
Intermediario,Media,Moderado,Medio,Diminuiu,Alta,Alto,Nenhuma,Sim
Intermediario,Alta,Recente,Baixo,Manteve,Alta,Medio,Nenhuma,Nao
Basico,Media,Recente,Medio,Manteve,Baixa,Medio,Nenhuma,Nao
Intermediario,Media,Longo,Baixo,Aumentou,Alta,Medio,Nenhuma,Sim
Basico,Media,Moderado,Medio,Manteve,Media,Medio,Nenhuma,Sim
Basico,Baixa,Moderado,Baixo,Aumentou,Baixa,Alto,Ocasional,Sim
Basico,Baixa,Longo,Baixo,Manteve,Media,Baixo,Nenhuma,Sim
Basico,Alta,Recente,Alto,Manteve,Alta,Baixo,Nenhuma,Nao
Basico,Alta,Moderado,Alto,Aumentou,Alta,Medio,Nenhuma,Nao
Intermediario,Media,Longo,Medio,Manteve,Alta,Alto,Nenhuma,Nao
Basico,Baixa,Recente,Baixo,Manteve,Media,Baixo,Nenhuma,Sim
Intermediario,Baixa,Moderado,Baixo,Aumentou,Baixa,Alto,Nenhuma,Sim
Basico,Baixa,Longo,Baixo,Manteve,Baixa,Baixo,Ocasional,Sim
Intermediario,Baixa,Moderado,Medio,Aumentou,Alta,Alto,Ocasional,Nao
Basico,Alta,Recente,Alto,Manteve,Media,Medio,Nenhuma,Nao
Basico,Baixa,Longo,Baixo,Aumentou,Baixa,Baixo,Nenhuma,Sim
Basico,Baixa,Moderado,Baixo,Manteve,Media,Medio,Nenhuma,Sim
Basico,Media,Moderado,Medio,Aumentou,Alta,Alto,Nenhuma,Nao
Premium,Alta,Recente,Alto,Aumentou,Alta,Alto,Nenhuma,Nao
Intermediario,Media,Longo,Medio,Manteve,Media,Medio,Nenhuma,Nao
Premium,Baixa,Recente,Baixo,Aumentou,Baixa,Medio,Nenhuma,Sim
Basico,Media,Recente,Medio,Manteve,Media,Baixo,Ocasional,Sim
Intermediario,Media,Longo,Medio,Manteve,Media,Medio,Nenhuma,Nao
Basico,Baixa,Longo,Baixo,Manteve,Baixa,Baixo,Nenhuma,Sim
Basico,Alta,Moderado,Medio,Manteve,Alta,Alto,Nenhuma,Nao
Basico,Media,Recente,Medio,Manteve,Media,Baixo,Ocasional,Nao
Basico,Baixa,Longo,Baixo,Manteve,Baixa,Baixo,Ocasional,Sim
Basico,Media,Moderado,Alto,Aumentou,Baixa,Baixo,Recorrente,Sim
Intermediario,Baixa,Recente,Baixo,Manteve,Alta,Alto,Nenhuma,Nao
Intermediario,Alta,Recente,Alto,Aumentou,Alta,Alto,Nenhuma,Nao
Basico,Alta,Recente,Alto,Manteve,Media,Alto,Nenhuma,Nao
Intermediario,Alta,Recente,Medio,Manteve,Alta,Alto,Nenhuma,Nao
Intermediario,Media,Recente,Medio,Manteve,Alta,Medio,Ocasional,Nao
Basico,Alta,Recente,Alto,Manteve,Alta,Alto,Nenhuma,Nao
Premium,Media,Recente,Medio,Aumentou,Alta,Alto,Nenhuma,Nao
Basico,Baixa,Moderado,Medio,Manteve,Media,Alto,Nenhuma,Nao
Basico,Alta,Recente,Alto,Manteve,Alta,Alto,Nenhuma,Nao
Basico,Baixa,Recente,Baixo,Aumentou,Media,Baixo,Ocasional,Sim
Premium,Baixa,Longo,Baixo,Manteve,Media,Alto,Nenhuma,Sim
Basico,Media,Recente,Medio,Manteve,Media,Medio,Nenhuma,Sim
Basico,Media,Moderado,Baixo,Aumentou,Media,Medio,Nenhuma,Sim
Intermediario,Baixa,Moderado,Baixo,Aumentou,Baixa,Medio,Nenhuma,Sim
Intermediario,Alta,Recente,Alto,Manteve,Media,Medio,Nenhuma,Nao
Basico,Alta,Moderado,Alto,Manteve,Alta,Alto,Nenhuma,Nao
Basico,Media,Recente,Medio,Manteve,Alta,Alto,Nenhuma,Nao
Intermediario,Alta,Recente,Medio,Manteve,Media,Alto,Nenhuma,Nao
Basico,Media,Recente,Baixo,Manteve,Media,Alto,Nenhuma,Nao
Intermediario,Media,Recente,Medio,Manteve,Media,Alto,Nenhuma,Nao
Premium,Alta,Recente,Alto,Manteve,Alta,Medio,Nenhuma,Nao
Basico,Alta,Recente,Alto,Manteve,Alta,Alto,Nenhuma,Nao
Basico,Baixa,Longo,Baixo,Aumentou,Media,Medio,Nenhuma,Sim
Intermediario,Baixa,Longo,Baixo,Aumentou,Baixa,Baixo,Recorrente,Sim
Basico,Media,Recente,Baixo,Aumentou,Baixa,Medio,Nenhuma,Sim
Premium,Media,Recente,Alto,Manteve,Media,Medio,Nenhuma,Nao
Premium,Media,Recente,Medio,Diminuiu,Alta,Medio,Nenhuma,Nao
Basico,Alta,Recente,Alto,Manteve,Media,Medio,Ocasional,Nao
Intermediario,Media,Recente,Alto,Aumentou,Alta,Alto,Nenhuma,Nao
Intermediario,Media,Moderado,Medio,Diminuiu,Media,Medio,Nenhuma,Sim
Intermediario,Media,Recente,Medio,Manteve,Media,Medio,Ocasional,Nao
Premium,Media,Moderado,Medio,Manteve,Media,Alto,Nenhuma,Nao
Basico,Media,Moderado,Medio,Aumentou,Baixa,Baixo,Nenhuma,Sim
Intermediario,Alta,Recente,Alto,Aumentou,Alta,Alto,Nenhuma,Nao
Basico,Media,Recente,Baixo,Aumentou,Baixa,Medio,Nenhuma,Sim
Intermediario,Alta,Recente,Alto,Manteve,Baixa,Baixo,Nenhuma,Nao
Intermediario,Media,Recente,Alto,Manteve,Media,Medio,Nenhuma,Sim
Premium,Alta,Recente,Alto,Aumentou,Alta,Baixo,Nenhuma,Nao
Intermediario,Media,Moderado,Medio,Aumentou,Baixa,Alto,Nenhuma,Sim
Premium,Alta,Recente,Alto,Manteve,Alta,Alto,Nenhuma,Nao
Basico,Media,Recente,Medio,Manteve,Baixa,Alto,Nenhuma,Sim
Basico,Media,Recente,Medio,Manteve,Media,Alto,Nenhuma,Nao
Intermediario,Alta,Recente,Alto,Manteve,Alta,Alto,Nenhuma,Nao
Premium,Alta,Recente,Medio,Manteve,Alta,Alto,Nenhuma,Nao
Basico,Media,Recente,Medio,Manteve,Media,Baixo,Nenhuma,Nao
Intermediario,Media,Moderado,Medio,Manteve,Alta,Medio,Nenhuma,Sim
Intermediario,Media,Recente,Medio,Manteve,Alta,Medio,Nenhuma,Nao
Premium,Alta,Recente,Alto,Manteve,Alta,Medio,Nenhuma,Nao
Intermediario,Media,Moderado,Medio,Manteve,Media,Alto,Nenhuma,Nao
Basico,Baixa,Recente,Baixo,Manteve,Alta,Medio,Nenhuma,Sim
Premium,Alta,Moderado,Alto,Manteve,Alta,Medio,Ocasional,Nao
Intermediario,Alta,Recente,Medio,Manteve,Alta,Alto,Nenhuma,Nao
Premium,Media,Recente,Medio,Manteve,Alta,Alto,Nenhuma,Nao
Basico,Baixa,Longo,Baixo,Manteve,Media,Baixo,Nenhuma,Sim
Intermediario,Media,Recente,Medio,Aumentou,Baixa,Medio,Nenhuma,Nao
Intermediario,Media,Recente,Medio,Aumentou,Media,Medio,Nenhuma,Sim
Intermediario,Media,Recente,Baixo,Manteve,Alta,Medio,Nenhuma,Sim
Intermediario,Media,Recente,Baixo,Aumentou,Baixa,Medio,Nenhuma,Sim
Basico,Media,Recente,Alto,Manteve,Alta,Alto,Ocasional,Nao
Intermediario,Alta,Recente,Medio,Manteve,Alta,Alto,Nenhuma,Nao
Basico,Media,Recente,Medio,Manteve,Alta,Alto,Nenhuma,Nao
Intermediario,Alta,Recente,Medio,Aumentou,Media,Medio,Nenhuma,Nao
Basico,Baixa,Longo,Baixo,Manteve,Baixa,Baixo,Nenhuma,Sim
Intermediario,Baixa,Longo,Baixo,Aumentou,Alta,Medio,Nenhuma,Sim
Intermediario,Alta,Recente,Alto,Manteve,Alta,Alto,Recorrente,Nao
Intermediario,Alta,Recente,Alto,Aumentou,Baixa,Medio,Nenhuma,Nao
Premium,Alta,Recente,Alto,Manteve,Alta,Baixo,Nenhuma,Nao
Basico,Alta,Recente,Alto,Aumentou,Alta,Alto,Nenhuma,Nao
Basico,Media,Recente,Medio,Manteve,Media,Medio,Nenhuma,Sim
Intermediario,Alta,Moderado,Medio,Aumentou,Alta,Medio,Nenhuma,Nao
Intermediario,Baixa,Recente,Baixo,Aumentou,Media,Medio,Nenhuma,Nao
Basico,Alta,Recente,Baixo,Manteve,Alta,Medio,Ocasional,Nao
Basico,Baixa,Moderado,Baixo,Manteve,Media,Baixo,Nenhuma,Sim
Premium,Alta,Recente,Alto,Manteve,Alta,Medio,Nenhuma,Nao
Premium,Media,Recente,Medio,Manteve,Baixa,Medio,Ocasional,Sim
Intermediario,Media,Moderado,Medio,Manteve,Media,Medio,Ocasional,Sim
Basico,Media,Recente,Baixo,Aumentou,Baixa,Baixo,Nenhuma,Sim
Premium,Media,Moderado,Baixo,Aumentou,Baixa,Alto,Nenhuma,Nao
Intermediario,Media,Recente,Baixo,Aumentou,Baixa,Medio,Ocasional,Sim
Premium,Media,Recente,Medio,Aumentou,Baixa,Alto,Nenhuma,Nao
Basico,Alta,Recente,Alto,Aumentou,Alta,Alto,Nenhuma,Nao
Intermediario,Media,Moderado,Medio,Manteve,Media,Alto,Nenhuma,Nao
Basico,Alta,Recente,Alto,Aumentou,Alta,Alto,Nenhuma,Nao
Intermediario,Baixa,Longo,Baixo,Manteve,Alta,Medio,Ocasional,Sim
Premium,Alta,Recente,Alto,Manteve,Media,Medio,Nenhuma,Nao
Intermediario,Baixa,Recente,Baixo,Aumentou,Baixa,Baixo,Nenhuma,Sim
Intermediario,Baixa,Longo,Medio,Manteve,Baixa,Baixo,Nenhuma,Sim
Intermediario,Baixa,Longo,Medio,Aumentou,Baixa,Alto,Nenhuma,Sim
Basico,Baixa,Longo,Baixo,Manteve,Baixa,Medio,Ocasional,Sim
Basico,Alta,Moderado,Medio,Manteve,Alta,Alto,Nenhuma,Sim
Premium,Alta,Recente,Alto,Manteve,Alta,Alto,Nenhuma,Nao
Intermediario,Baixa,Moderado,Medio,Manteve,Media,Alto,Ocasional,Nao
Premium,Baixa,Longo,Baixo,Manteve,Media,Baixo,Ocasional,Sim
Premium,Alta,Recente,Alto,Diminuiu,Alta,Alto,Nenhuma,Nao
Basico,Baixa,Longo,Medio,Manteve,Media,Baixo,Recorrente,Sim
Intermediario,Baixa,Moderado,Baixo,Aumentou,Baixa,Baixo,Ocasional,Sim
Basico,Media,Recente,Baixo,Manteve,Media,Alto,Nenhuma,Nao
Basico,Media,Recente,Medio,Manteve,Baixa,Alto,Nenhuma,Sim
Premium,Alta,Recente,Medio,Manteve,Alta,Alto,Nenhuma,Nao
Intermediario,Alta,Recente,Alto,Aumentou,Baixa,Medio,Nenhuma,Nao
Intermediario,Baixa,Moderado,Baixo,Manteve,Media,Alto,Ocasional,Nao
Intermediario,Alta,Recente,Medio,Manteve,Alta,Alto,Nenhuma,Nao
Basico,Media,Moderado,Baixo,Diminuiu,Alta,Alto,Nenhuma,Nao
Premium,Media,Moderado,Medio,Manteve,Media,Medio,Nenhuma,Nao
Intermediario,Baixa,Moderado,Medio,Manteve,Media,Baixo,Nenhuma,Sim
Basico,Baixa,Longo,Baixo,Manteve,Baixa,Medio,Nenhuma,Sim
Basico,Alta,Recente,Alto,Manteve,Alta,Alto,Nenhuma,Nao
Premium,Alta,Recente,Alto,Manteve,Alta,Alto,Nenhuma,Nao
Intermediario,Alta,Recente,Alto,Manteve,Alta,Alto,Nenhuma,Nao
Intermediario,Alta,Recente,Alto,Manteve,Alta,Alto,Nenhuma,Nao
Basico,Alta,Recente,Medio,Manteve,Baixa,Baixo,Nenhuma,Sim
Intermediario,Alta,Recente,Alto,Manteve,Media,Medio,Ocasional,Nao
Intermediario,Media,Moderado,Medio,Manteve,Alta,Medio,Nenhuma,Nao
Intermediario,Media,Moderado,Alto,Manteve,Media,Medio,Nenhuma,Nao
Intermediario,Media,Recente,Medio,Aumentou,Media,Medio,Nenhuma,Sim
Basico,Media,Moderado,Medio,Aumentou,Baixa,Medio,Nenhuma,Sim
Basico,Baixa,Longo,Baixo,Manteve,Media,Medio,Ocasional,Sim
Basico,Baixa,Moderado,Baixo,Aumentou,Baixa,Alto,Ocasional,Sim
Premium,Alta,Recente,Alto,Aumentou,Alta,Alto,Nenhuma,Nao
Intermediario,Alta,Recente,Alto,Manteve,Alta,Alto,Nenhuma,Nao
Premium,Alta,Recente,Alto,Manteve,Media,Medio,Nenhuma,Nao
Premium,Media,Recente,Baixo,Aumentou,Baixa,Medio,Ocasional,Sim
Premium,Media,Recente,Alto,Manteve,Alta,Alto,Nenhuma,Nao
Intermediario,Media,Moderado,Baixo,Manteve,Alta,Alto,Nenhuma,Nao
Basico,Baixa,Longo,Baixo,Manteve,Media,Alto,Nenhuma,Sim
Premium,Media,Recente,Alto,Manteve,Alta,Alto,Nenhuma,Nao
Intermediario,Media,Moderado,Baixo,Manteve,Baixa,Baixo,Ocasional,Sim
Intermediario,Alta,Recente,Alto,Manteve,Alta,Medio,Ocasional,Nao
Premium,Alta,Recente,Alto,Aumentou,Baixa,Alto,Nenhuma,Nao
Intermediario,Media,Recente,Medio,Manteve,Media,Medio,Nenhuma,Nao
Intermediario,Media,Recente,Medio,Manteve,Alta,Medio,Nenhuma,Nao
Intermediario,Media,Moderado,Medio,Manteve,Media,Medio,Nenhuma,Nao
Intermediario,Media,Recente,Medio,Manteve,Media,Medio,Nenhuma,Nao
Premium,Alta,Moderado,Alto,Manteve,Alta,Baixo,Ocasional,Nao
Basico,Media,Recente,Alto,Manteve,Baixa,Baixo,Nenhuma,Sim
Basico,Baixa,Moderado,Baixo,Aumentou,Baixa,Alto,Nenhuma,Sim
Premium,Baixa,Moderado,Alto,Manteve,Media,Alto,Nenhuma,Nao
Basico,Alta,Recente,Medio,Manteve,Media,Alto,Nenhuma,Nao
Basico,Alta,Recente,Alto,Manteve,Media,Medio,Ocasional,Nao
Intermediario,Baixa,Moderado,Medio,Manteve,Baixa,Baixo,Nenhuma,Sim
Basico,Media,Moderado,Medio,Manteve,Media,Medio,Nenhuma,Nao
Intermediario,Baixa,Recente,Medio,Aumentou,Baixa,Baixo,Ocasional,Sim
Intermediario,Media,Recente,Alto,Diminuiu,Alta,Medio,Nenhuma,Nao
Basico,Alta,Recente,Alto,Manteve,Alta,Medio,Nenhuma,Nao
Intermediario,Baixa,Moderado,Baixo,Manteve,Alta,Alto,Nenhuma,Sim
Basico,Media,Moderado,Medio,Manteve,Media,Alto,Nenhuma,Nao
Basico,Alta,Recente,Alto,Diminuiu,Alta,Baixo,Nenhuma,Nao
Basico,Media,Moderado,Medio,Manteve,Media,Baixo,Nenhuma,Sim
Basico,Media,Recente,Medio,Manteve,Alta,Alto,Nenhuma,Nao
Intermediario,Media,Recente,Medio,Aumentou,Alta,Medio,Nenhuma,Nao
Basico,Baixa,Longo,Baixo,Manteve,Media,Alto,Ocasional,Sim
Basico,Media,Recente,Medio,Manteve,Baixa,Medio,Nenhuma,Sim
Basico,Baixa,Recente,Medio,Manteve,Media,Medio,Nenhuma,Sim
Basico,Media,Recente,Baixo,Manteve,Alta,Alto,Nenhuma,Nao
Basico,Media,Recente,Medio,Manteve,Alta,Alto,Nenhuma,Nao
Basico,Alta,Moderado,Alto,Manteve,Media,Medio,Nenhuma,Nao
Basico,Baixa,Recente,Baixo,Manteve,Media,Alto,Nenhuma,Sim
Intermediario,Alta,Recente,Alto,Manteve,Alta,Alto,Nenhuma,Nao
Intermediario,Baixa,Recente,Baixo,Manteve,Alta,Medio,Nenhuma,Sim
Premium,Alta,Recente,Alto,Diminuiu,Alta,Alto,Nenhuma,Nao
Premium,Alta,Recente,Alto,Manteve,Alta,Alto,Nenhuma,Nao
Premium,Alta,Recente,Alto,Manteve,Alta,Alto,Nenhuma,Nao
Basico,Alta,Moderado,Alto,Manteve,Alta,Alto,Nenhuma,Nao
Intermediario,Media,Recente,Baixo,Aumentou,Media,Baixo,Nenhuma,Nao
Basico,Media,Recente,Baixo,Aumentou,Media,Alto,Ocasional,Sim
Intermediario,Alta,Recente,Alto,Manteve,Media,Medio,Ocasional,Nao
Premium,Alta,Recente,Alto,Manteve,Alta,Alto,Nenhuma,Nao
Premium,Alta,Recente,Alto,Manteve,Alta,Medio,Ocasional,Nao
Premium,Alta,Recente,Alto,Manteve,Alta,Alto,Nenhuma,Nao
Intermediario,Media,Recente,Medio,Manteve,Alta,Alto,Nenhuma,Nao
Intermediario,Baixa,Moderado,Baixo,Aumentou,Baixa,Baixo,Ocasional,Sim
Premium,Media,Recente,Medio,Aumentou,Baixa,Baixo,Ocasional,Sim
Basico,Alta,Recente,Medio,Aumentou,Baixa,Medio,Nenhuma,Sim
Basico,Media,Moderado,Alto,Manteve,Baixa,Baixo,Recorrente,Nao
Intermediario,Alta,Recente,Alto,Aumentou,Alta,Alto,Nenhuma,Nao
Basico,Baixa,Moderado,Baixo,Aumentou,Baixa,Medio,Nenhuma,Sim
Basico,Media,Recente,Medio,Manteve,Baixa,Baixo,Ocasional,Sim
Basico,Alta,Recente,Alto,Aumentou,Alta,Alto,Nenhuma,Nao
Intermediario,Media,Moderado,Medio,Aumentou,Media,Medio,Ocasional,Nao
Premium,Media,Recente,Medio,Aumentou,Baixa,Alto,Nenhuma,Nao
Intermediario,Media,Recente,Medio,Manteve,Media,Medio,Nenhuma,Sim
Intermediario,Media,Moderado,Alto,Diminuiu,Alta,Medio,Ocasional,Nao
Basico,Alta,Recente,Alto,Aumentou,Baixa,Medio,Nenhuma,Sim
Basico,Media,Recente,Alto,Diminuiu,Alta,Alto,Nenhuma,Nao
Basico,Media,Recente,Medio,Aumentou,Baixa,Baixo,Nenhuma,Sim
Premium,Alta,Recente,Alto,Manteve,Alta,Medio,Nenhuma,Nao
Intermediario,Baixa,Moderado,Baixo,Manteve,Baixa,Medio,Nenhuma,Sim
Premium,Alta,Recente,Alto,Manteve,Alta,Alto,Nenhuma,Nao
Intermediario,Alta,Recente,Alto,Manteve,Alta,Alto,Nenhuma,Nao
Basico,Media,Longo,Medio,Diminuiu,Baixa,Baixo,Nenhuma,Sim
Premium,Baixa,Longo,Medio,Aumentou,Alta,Medio,Nenhuma,Nao
Basico,Media,Recente,Baixo,Manteve,Media,Baixo,Nenhuma,Nao
Intermediario,Media,Recente,Medio,Manteve,Baixa,Baixo,Ocasional,Nao
Premium,Media,Recente,Medio,Manteve,Alta,Alto,Nenhuma,Nao
Basico,Media,Recente,Medio,Aumentou,Media,Alto,Nenhuma,Nao
Premium,Media,Recente,Baixo,Aumentou,Alta,Alto,Ocasional,Nao
Intermediario,Alta,Recente,Alto,Manteve,Alta,Alto,Nenhuma,Nao
Intermediario,Baixa,Moderado,Baixo,Manteve,Baixa,Baixo,Recorrente,Sim
Premium,Alta,Recente,Alto,Manteve,Alta,Baixo,Nenhuma,Nao
Intermediario,Media,Recente,Medio,Manteve,Baixa,Medio,Nenhuma,Nao
Intermediario,Baixa,Moderado,Baixo,Manteve,Media,Baixo,Nenhuma,Sim
Intermediario,Media,Recente,Medio,Manteve,Alta,Alto,Nenhuma,Nao
Basico,Baixa,Longo,Baixo,Manteve,Media,Medio,Nenhuma,Sim
Intermediario,Alta,Recente,Medio,Manteve,Alta,Alto,Nenhuma,Nao
Intermediario,Media,Moderado,Medio,Manteve,Alta,Alto,Nenhuma,Nao
Basico,Alta,Recente,Alto,Manteve,Alta,Medio,Ocasional,Nao
Basico,Media,Moderado,Baixo,Aumentou,Baixa,Medio,Nenhuma,Sim
Basico,Alta,Recente,Alto,Manteve,Alta,Medio,Recorrente,Nao
Basico,Media,Moderado,Medio,Manteve,Media,Medio,Nenhuma,Nao
Basico,Alta,Recente,Alto,Manteve,Alta,Alto,Nenhuma,Nao
Intermediario,Alta,Recente,Medio,Manteve,Baixa,Medio,Recorrente,Sim
Basico,Media,Recente,Baixo,Manteve,Baixa,Medio,Nenhuma,Sim
Basico,Media,Recente,Alto,Manteve,Media,Alto,Ocasional,Sim
Premium,Baixa,Longo,Baixo,Manteve,Alta,Medio,Nenhuma,Sim
Intermediario,Baixa,Longo,Medio,Manteve,Baixa,Medio,Nenhuma,Sim
Intermediario,Media,Recente,Medio,Aumentou,Baixa,Medio,Nenhuma,Sim
Intermediario,Alta,Recente,Baixo,Aumentou,Alta,Alto,Nenhuma,Nao
Basico,Alta,Recente,Alto,Aumentou,Baixa,Alto,Nenhuma,Nao
Premium,Baixa,Moderado,Baixo,Manteve,Baixa,Medio,Nenhuma,Sim
Basico,Alta,Recente,Medio,Aumentou,Alta,Medio,Nenhuma,Nao
Premium,Media,Recente,Medio,Aumentou,Baixa,Medio,Nenhuma,Sim
Basico,Media,Recente,Baixo,Manteve,Alta,Alto,Nenhuma,Nao
Premium,Baixa,Moderado,Medio,Diminuiu,Baixa,Baixo,Nenhuma,Sim
Intermediario,Alta,Recente,Alto,Manteve,Alta,Alto,Nenhuma,Nao
Basico,Alta,Recente,Alto,Manteve,Media,Alto,Nenhuma,Nao
Basico,Media,Moderado,Medio,Manteve,Media,Baixo,Recorrente,Sim
Basico,Baixa,Longo,Baixo,Manteve,Media,Medio,Nenhuma,Sim
Basico,Media,Recente,Medio,Manteve,Media,Baixo,Nenhuma,Nao
Basico,Media,Moderado,Alto,Manteve,Alta,Medio,Ocasional,Nao
Basico,Media,Longo,Medio,Diminuiu,Media,Alto,Nenhuma,Nao
Basico,Media,Moderado,Medio,Manteve,Alta,Medio,Ocasional,Nao
Basico,Media,Moderado,Medio,Manteve,Media,Alto,Nenhuma,Nao
Intermediario,Alta,Recente,Alto,Aumentou,Alta,Alto,Nenhuma,Nao
Premium,Alta,Recente,Alto,Aumentou,Media,Medio,Ocasional,Sim
Intermediario,Baixa,Longo,Baixo,Aumentou,Media,Medio,Nenhuma,Nao
Intermediario,Alta,Recente,Medio,Diminuiu,Alta,Medio,Nenhuma,Nao
Basico,Media,Moderado,Medio,Manteve,Media,Medio,Nenhuma,Sim
Intermediario,Alta,Moderado,Alto,Aumentou,Media,Alto,Nenhuma,Sim
Basico,Alta,Recente,Medio,Manteve,Alta,Alto,Nenhuma,Nao
Basico,Alta,Recente,Medio,Aumentou,Baixa,Medio,Nenhuma,Nao
Basico,Media,Recente,Medio,Manteve,Baixa,Medio,Recorrente,Nao
Intermediario,Media,Recente,Alto,Manteve,Alta,Alto,Nenhuma,Nao
Intermediario,Alta,Longo,Medio,Manteve,Alta,Alto,Nenhuma,Nao
Basico,Media,Recente,Medio,Manteve,Baixa,Baixo,Nenhuma,Nao
Basico,Baixa,Longo,Baixo,Manteve,Media,Medio,Nenhuma,Sim
Intermediario,Alta,Recente,Alto,Manteve,Alta,Alto,Nenhuma,Nao
Intermediario,Baixa,Longo,Baixo,Manteve,Media,Medio,Nenhuma,Sim
Basico,Media,Recente,Medio,Aumentou,Media,Alto,Nenhuma,Nao
Basico,Media,Recente,Baixo,Manteve,Baixa,Medio,Nenhuma,Nao
Premium,Alta,Recente,Medio,Aumentou,Alta,Alto,Nenhuma,Nao
Intermediario,Alta,Recente,Alto,Manteve,Media,Medio,Nenhuma,Nao
Intermediario,Media,Moderado,Baixo,Manteve,Media,Alto,Recorrente,Sim
Intermediario,Media,Recente,Medio,Manteve,Media,Alto,Nenhuma,Nao
Basico,Alta,Moderado,Medio,Aumentou,Alta,Medio,Nenhuma,Nao
Basico,Baixa,Moderado,Baixo,Manteve,Media,Baixo,Nenhuma,Sim
Basico,Media,Longo,Medio,Manteve,Baixa,Baixo,Nenhuma,Sim
Basico,Baixa,Longo,Baixo,Diminuiu,Media,Medio,Nenhuma,Sim
Basico,Baixa,Recente,Baixo,Manteve,Media,Medio,Nenhuma,Sim
Intermediario,Media,Recente,Medio,Aumentou,Media,Medio,Nenhuma,Nao
Basico,Media,Moderado,Medio,Manteve,Media,Medio,Nenhuma,Nao
Intermediario,Media,Moderado,Medio,Manteve,Alta,Medio,Ocasional,Sim
Intermediario,Alta,Moderado,Medio,Manteve,Baixa,Baixo,Nenhuma,Nao
Premium,Alta,Recente,Medio,Diminuiu,Alta,Medio,Nenhuma,Nao
Basico,Media,Moderado,Medio,Manteve,Media,Medio,Ocasional,Nao
Basico,Alta,Recente,Alto,Aumentou,Baixa,Alto,Nenhuma,Nao
Basico,Baixa,Moderado,Baixo,Manteve,Media,Baixo,Ocasional,Sim
Intermediario,Alta,Recente,Alto,Manteve,Alta,Alto,Nenhuma,Nao
Basico,Baixa,Moderado,Medio,Aumentou,Baixa,Alto,Nenhuma,Sim
Intermediario,Alta,Recente,Alto,Manteve,Alta,Alto,Nenhuma,Nao
Intermediario,Alta,Recente,Alto,Manteve,Alta,Alto,Nenhuma,Nao
Basico,Baixa,Moderado,Baixo,Manteve,Baixa,Medio,Ocasional,Sim
Intermediario,Alta,Recente,Alto,Manteve,Alta,Alto,Nenhuma,Nao
Premium,Baixa,Moderado,Baixo,Aumentou,Baixa,Medio,Nenhuma,Sim
Intermediario,Alta,Recente,Alto,Manteve,Alta,Alto,Nenhuma,Nao
Basico,Baixa,Longo,Baixo,Manteve,Media,Baixo,Nenhuma,Sim
Intermediario,Media,Longo,Medio,Aumentou,Alta,Alto,Nenhuma,Nao
Intermediario,Media,Moderado,Medio,Manteve,Media,Baixo,Ocasional,Sim
Basico,Baixa,Recente,Baixo,Manteve,Baixa,Alto,Recorrente,Sim
Basico,Alta,Recente,Baixo,Manteve,Alta,Alto,Nenhuma,Nao
Intermediario,Alta,Recente,Alto,Manteve,Alta,Alto,Nenhuma,Nao
Basico,Media,Moderado,Medio,Aumentou,Baixa,Medio,Nenhuma,Sim
Intermediario,Media,Longo,Baixo,Manteve,Media,Alto,Ocasional,Sim
Premium,Media,Recente,Baixo,Aumentou,Baixa,Medio,Nenhuma,Sim
Basico,Media,Recente,Medio,Manteve,Alta,Baixo,Nenhuma,Nao
Intermediario,Media,Recente,Medio,Manteve,Media,Medio,Nenhuma,Nao
Premium,Media,Recente,Medio,Manteve,Media,Medio,Nenhuma,Nao
Intermediario,Media,Longo,Medio,Manteve,Baixa,Medio,Nenhuma,Sim
Premium,Alta,Recente,Alto,Aumentou,Alta,Medio,Nenhuma,Nao
Intermediario,Alta,Recente,Alto,Manteve,Alta,Alto,Nenhuma,Nao
Basico,Media,Recente,Medio,Aumentou,Baixa,Medio,Nenhuma,Sim
Basico,Alta,Recente,Alto,Aumentou,Alta,Alto,Nenhuma,Nao
Intermediario,Media,Moderado,Medio,Manteve,Baixa,Medio,Nenhuma,Nao
Basico,Baixa,Moderado,Baixo,Manteve,Media,Medio,Ocasional,Sim
Basico,Baixa,Recente,Baixo,Manteve,Media,Medio,Nenhuma,Sim
Intermediario,Baixa,Moderado,Baixo,Manteve,Media,Medio,Nenhuma,Sim
Intermediario,Media,Moderado,Medio,Manteve,Alta,Alto,Nenhuma,Nao
Basico,Baixa,Moderado,Baixo,Diminuiu,Baixa,Baixo,Nenhuma,Sim
Intermediario,Media,Recente,Medio,Manteve,Alta,Alto,Nenhuma,Nao
Premium,Baixa,Recente,Baixo,Diminuiu,Alta,Medio,Nenhuma,Nao
Basico,Media,Moderado,Medio,Aumentou,Alta,Alto,Nenhuma,Nao
Intermediario,Media,Moderado,Medio,Aumentou,Alta,Alto,Ocasional,Sim
Basico,Media,Moderado,Medio,Manteve,Alta,Alto,Nenhuma,Nao
Premium,Media,Recente,Baixo,Manteve,Alta,Medio,Nenhuma,Nao
Basico,Alta,Recente,Alto,Manteve,Alta,Medio,Nenhuma,Nao
Premium,Media,Recente,Alto,Aumentou,Alta,Alto,Nenhuma,Nao
Basico,Media,Moderado,Medio,Aumentou,Media,Baixo,Nenhuma,Sim
Premium,Alta,Recente,Alto,Aumentou,Baixa,Alto,Nenhuma,Nao
Premium,Baixa,Moderado,Baixo,Manteve,Baixa,Medio,Nenhuma,Nao
Premium,Alta,Recente,Alto,Manteve,Alta,Alto,Nenhuma,Nao
Premium,Alta,Recente,Alto,Manteve,Media,Alto,Nenhuma,Nao
Premium,Baixa,Longo,Baixo,Manteve,Media,Baixo,Nenhuma,Sim
Basico,Media,Moderado,Baixo,Manteve,Media,Medio,Nenhuma,Sim
Basico,Alta,Recente,Alto,Aumentou,Baixa,Medio,Nenhuma,Sim
Basico,Alta,Recente,Medio,Manteve,Alta,Alto,Nenhuma,Nao
Intermediario,Media,Moderado,Medio,Manteve,Alta,Alto,Nenhuma,Nao
Basico,Media,Recente,Medio,Manteve,Media,Medio,Nenhuma,Nao
Intermediario,Baixa,Moderado,Medio,Manteve,Media,Alto,Ocasional,Sim
Premium,Media,Recente,Alto,Manteve,Baixa,Medio,Ocasional,Nao
Basico,Media,Recente,Medio,Manteve,Baixa,Medio,Nenhuma,Sim
Intermediario,Media,Recente,Medio,Aumentou,Baixa,Alto,Nenhuma,Nao
Basico,Media,Moderado,Medio,Manteve,Media,Medio,Nenhuma,Sim
Intermediario,Baixa,Moderado,Baixo,Aumentou,Baixa,Baixo,Nenhuma,Sim
Intermediario,Alta,Moderado,Alto,Diminuiu,Alta,Alto,Nenhuma,Nao
Basico,Baixa,Moderado,Medio,Manteve,Alta,Medio,Nenhuma,Nao
Premium,Alta,Recente,Alto,Manteve,Media,Medio,Ocasional,Nao
Basico,Alta,Recente,Medio,Manteve,Media,Medio,Nenhuma,Nao
Intermediario,Alta,Recente,Alto,Diminuiu,Baixa,Baixo,Nenhuma,Nao
Basico,Alta,Recente,Alto,Aumentou,Alta,Alto,Nenhuma,Nao
Basico,Alta,Recente,Baixo,Manteve,Alta,Alto,Nenhuma,Nao
Intermediario,Media,Moderado,Medio,Manteve,Alta,Medio,Recorrente,Nao
Intermediario,Media,Recente,Medio,Aumentou,Alta,Alto,Nenhuma,Sim
Basico,Baixa,Longo,Baixo,Manteve,Alta,Baixo,Nenhuma,Sim
Intermediario,Alta,Recente,Alto,Aumentou,Alta,Medio,Nenhuma,Nao
Intermediario,Alta,Recente,Alto,Manteve,Alta,Medio,Nenhuma,Nao
Premium,Media,Recente,Medio,Manteve,Alta,Alto,Nenhuma,Nao
Basico,Media,Longo,Medio,Aumentou,Baixa,Medio,Nenhuma,Sim
Premium,Alta,Recente,Alto,Aumentou,Alta,Medio,Nenhuma,Nao
Basico,Alta,Recente,Alto,Aumentou,Baixa,Alto,Nenhuma,Nao
Basico,Media,Recente,Medio,Manteve,Media,Baixo,Nenhuma,Sim
Premium,Alta,Moderado,Alto,Diminuiu,Alta,Alto,Nenhuma,Nao
Premium,Alta,Recente,Alto,Manteve,Alta,Medio,Nenhuma,Nao
Intermediario,Baixa,Longo,Baixo,Aumentou,Baixa,Medio,Ocasional,Sim
Premium,Alta,Recente,Alto,Manteve,Alta,Medio,Nenhuma,Nao
Basico,Baixa,Longo,Baixo,Manteve,Baixa,Baixo,Recorrente,Sim
Basico,Media,Moderado,Baixo,Manteve,Media,Medio,Nenhuma,Sim
Premium,Media,Recente,Medio,Manteve,Alta,Alto,Nenhuma,Nao
Intermediario,Baixa,Longo,Medio,Manteve,Media,Medio,Ocasional,Sim
Intermediario,Baixa,Recente,Baixo,Manteve,Alta,Alto,Nenhuma,Nao
Basico,Media,Moderado,Medio,Aumentou,Alta,Alto,Nenhuma,Nao
Basico,Baixa,Longo,Baixo,Manteve,Media,Alto,Nenhuma,Sim
Basico,Media,Moderado,Medio,Manteve,Media,Medio,Nenhuma,Sim
Intermediario,Alta,Recente,Alto,Manteve,Alta,Alto,Nenhuma,Nao
Basico,Media,Recente,Medio,Aumentou,Baixa,Baixo,Ocasional,Sim
Intermediario,Media,Recente,Medio,Manteve,Media,Medio,Ocasional,Nao
Basico,Baixa,Longo,Baixo,Manteve,Media,Alto,Nenhuma,Sim
Basico,Media,Recente,Medio,Manteve,Media,Medio,Recorrente,Sim
Basico,Baixa,Moderado,Baixo,Aumentou,Baixa,Medio,Nenhuma,Sim
Basico,Alta,Recente,Alto,Manteve,Media,Medio,Ocasional,Nao
Intermediario,Baixa,Moderado,Baixo,Aumentou,Baixa,Medio,Ocasional,Sim
Premium,Media,Recente,Alto,Aumentou,Baixa,Alto,Nenhuma,Nao
Basico,Media,Moderado,Medio,Manteve,Baixa,Baixo,Nenhuma,Sim
Intermediario,Media,Longo,Baixo,Manteve,Media,Alto,Nenhuma,Sim
Basico,Alta,Moderado,Medio,Manteve,Alta,Alto,Nenhuma,Nao
Intermediario,Media,Recente,Medio,Manteve,Baixa,Alto,Nenhuma,Nao
Premium,Media,Recente,Medio,Manteve,Media,Medio,Nenhuma,Nao
Intermediario,Alta,Recente,Alto,Manteve,Alta,Alto,Nenhuma,Nao
Premium,Media,Moderado,Medio,Aumentou,Baixa,Medio,Nenhuma,Sim
Intermediario,Alta,Recente,Alto,Aumentou,Baixa,Alto,Nenhuma,Nao
Basico,Alta,Recente,Medio,Aumentou,Baixa,Medio,Nenhuma,Sim
Basico,Media,Moderado,Medio,Aumentou,Media,Medio,Nenhuma,Sim
Basico,Baixa,Recente,Baixo,Manteve,Media,Medio,Ocasional,Sim
Intermediario,Alta,Moderado,Baixo,Manteve,Baixa,Alto,Nenhuma,Sim
Intermediario,Alta,Recente,Alto,Manteve,Alta,Alto,Nenhuma,Nao
Basico,Media,Moderado,Medio,Manteve,Media,Baixo,Nenhuma,Sim
Intermediario,Media,Recente,Medio,Manteve,Media,Medio,Nenhuma,Sim
Basico,Baixa,Recente,Baixo,Diminuiu,Baixa,Baixo,Ocasional,Nao
Intermediario,Baixa,Longo,Baixo,Manteve,Baixa,Baixo,Nenhuma,Sim
Basico,Baixa,Moderado,Baixo,Diminuiu,Baixa,Medio,Ocasional,Sim
Intermediario,Alta,Recente,Medio,Aumentou,Alta,Alto,Nenhuma,Nao
Basico,Media,Recente,Medio,Diminuiu,Media,Alto,Nenhuma,Nao
Intermediario,Baixa,Longo,Baixo,Manteve,Baixa,Baixo,Nenhuma,Sim
Basico,Media,Recente,Medio,Manteve,Media,Medio,Nenhuma,Nao
Intermediario,Alta,Recente,Alto,Diminuiu,Media,Medio,Nenhuma,Nao
Premium,Alta,Recente,Alto,Aumentou,Alta,Alto,Nenhuma,Nao
Basico,Media,Moderado,Medio,Aumentou,Baixa,Baixo,Recorrente,Sim
Premium,Alta,Longo,Medio,Manteve,Media,Alto,Nenhuma,Nao
Basico,Alta,Recente,Alto,Aumentou,Baixa,Alto,Nenhuma,Nao
Intermediario,Alta,Recente,Alto,Aumentou,Baixa,Medio,Nenhuma,Nao
Basico,Media,Recente,Alto,Manteve,Media,Medio,Ocasional,Sim
Premium,Alta,Recente,Alto,Manteve,Alta,Medio,Nenhuma,Nao
Basico,Alta,Longo,Alto,Manteve,Alta,Medio,Nenhuma,Nao
Basico,Media,Recente,Baixo,Aumentou,Media,Medio,Nenhuma,Sim
Intermediario,Baixa,Moderado,Baixo,Aumentou,Baixa,Baixo,Ocasional,Sim
Intermediario,Baixa,Moderado,Baixo,Manteve,Baixa,Medio,Ocasional,Sim
Intermediario,Alta,Recente,Alto,Manteve,Alta,Alto,Nenhuma,Nao
Premium,Alta,Moderado,Alto,Aumentou,Alta,Alto,Nenhuma,Nao
Intermediario,Media,Moderado,Medio,Manteve,Media,Medio,Nenhuma,Sim
Basico,Baixa,Longo,Baixo,Manteve,Baixa,Baixo,Nenhuma,Sim
Basico,Alta,Recente,Alto,Manteve,Media,Alto,Nenhuma,Nao
Basico,Media,Recente,Medio,Aumentou,Media,Alto,Nenhuma,Sim
Basico,Media,Longo,Baixo,Manteve,Alta,Medio,Nenhuma,Sim
Intermediario,Alta,Recente,Alto,Aumentou,Alta,Medio,Nenhuma,Nao
Basico,Baixa,Longo,Baixo,Manteve,Baixa,Baixo,Nenhuma,Sim
Intermediario,Alta,Recente,Alto,Aumentou,Alta,Medio,Nenhuma,Nao
Basico,Media,Recente,Medio,Aumentou,Media,Alto,Nenhuma,Sim
Intermediario,Media,Longo,Medio,Manteve,Media,Medio,Ocasional,Sim
Basico,Alta,Recente,Alto,Aumentou,Baixa,Alto,Nenhuma,Nao
Intermediario,Media,Moderado,Baixo,Manteve,Media,Medio,Ocasional,Sim
Basico,Media,Moderado,Baixo,Manteve,Baixa,Medio,Nenhuma,Sim
Intermediario,Alta,Recente,Alto,Aumentou,Alta,Alto,Nenhuma,Nao
Intermediario,Media,Recente,Medio,Manteve,Baixa,Medio,Nenhuma,Nao
Basico,Baixa,Longo,Baixo,Aumentou,Baixa,Baixo,Ocasional,Sim
Basico,Alta,Recente,Medio,Manteve,Media,Medio,Ocasional,Nao
Premium,Baixa,Moderado,Baixo,Manteve,Baixa,Medio,Nenhuma,Sim
Intermediario,Alta,Recente,Alto,Diminuiu,Alta,Alto,Nenhuma,Nao
Basico,Media,Moderado,Medio,Manteve,Media,Medio,Nenhuma,Sim
Basico,Alta,Recente,Medio,Manteve,Media,Medio,Nenhuma,Nao
Intermediario,Media,Recente,Medio,Manteve,Media,Medio,Nenhuma,Nao
Premium,Alta,Recente,Alto,Manteve,Alta,Medio,Ocasional,Nao
Premium,Baixa,Longo,Baixo,Manteve,Baixa,Medio,Nenhuma,Sim
Basico,Media,Moderado,Medio,Manteve,Media,Medio,Nenhuma,Sim
Basico,Baixa,Moderado,Baixo,Manteve,Baixa,Baixo,Nenhuma,Sim
Intermediario,Alta,Recente,Alto,Manteve,Media,Medio,Nenhuma,Sim
Intermediario,Baixa,Moderado,Baixo,Manteve,Media,Medio,Nenhuma,Nao
Premium,Alta,Recente,Alto,Manteve,Alta,Alto,Nenhuma,Nao
Intermediario,Alta,Moderado,Medio,Aumentou,Alta,Alto,Nenhuma,Nao
Basico,Media,Recente,Medio,Manteve,Media,Alto,Nenhuma,Nao
Premium,Alta,Recente,Alto,Aumentou,Alta,Baixo,Recorrente,Sim
Basico,Media,Recente,Alto,Aumentou,Media,Medio,Nenhuma,Sim
Basico,Baixa,Longo,Baixo,Aumentou,Baixa,Medio,Nenhuma,Sim
Premium,Alta,Recente,Alto,Aumentou,Alta,Alto,Nenhuma,Nao
Basico,Media,Moderado,Medio,Manteve,Media,Alto,Nenhuma,Nao
Intermediario,Alta,Recente,Alto,Manteve,Media,Baixo,Ocasional,Nao
Intermediario,Alta,Recente,Alto,Manteve,Media,Medio,Ocasional,Nao
Basico,Media,Moderado,Baixo,Manteve,Alta,Medio,Nenhuma,Sim
Basico,Media,Moderado,Medio,Manteve,Baixa,Medio,Nenhuma,Sim
Intermediario,Media,Longo,Alto,Manteve,Alta,Alto,Nenhuma,Nao
Intermediario,Media,Recente,Alto,Manteve,Media,Medio,Nenhuma,Sim
Basico,Baixa,Moderado,Baixo,Manteve,Media,Medio,Nenhuma,Sim
Intermediario,Media,Recente,Baixo,Manteve,Alta,Medio,Ocasional,Nao
Basico,Media,Recente,Baixo,Manteve,Media,Medio,Nenhuma,Nao
Intermediario,Media,Recente,Medio,Manteve,Alta,Baixo,Nenhuma,Nao
Intermediario,Media,Moderado,Alto,Manteve,Media,Medio,Nenhuma,Sim
Basico,Media,Recente,Baixo,Diminuiu,Media,Medio,Nenhuma,Nao
Intermediario,Media,Recente,Medio,Manteve,Media,Medio,Nenhuma,Nao
Basico,Media,Recente,Medio,Manteve,Baixa,Baixo,Nenhuma,Sim
Intermediario,Baixa,Moderado,Medio,Manteve,Baixa,Medio,Ocasional,Sim
Premium,Alta,Recente,Alto,Manteve,Media,Alto,Nenhuma,Nao
Basico,Baixa,Longo,Baixo,Manteve,Media,Medio,Nenhuma,Sim
Basico,Baixa,Longo,Baixo,Manteve,Baixa,Medio,Nenhuma,Sim
Intermediario,Media,Recente,Medio,Manteve,Media,Baixo,Nenhuma,Nao
Basico,Baixa,Moderado,Baixo,Manteve,Media,Medio,Ocasional,Sim
Intermediario,Alta,Recente,Baixo,Manteve,Alta,Alto,Nenhuma,Nao
Basico,Media,Moderado,Alto,Manteve,Alta,Baixo,Ocasional,Sim
Basico,Baixa,Recente,Medio,Manteve,Alta,Medio,Nenhuma,Sim
Premium,Media,Moderado,Medio,Manteve,Media,Medio,Ocasional,Sim
Basico,Alta,Recente,Medio,Manteve,Alta,Alto,Nenhuma,Nao
Intermediario,Baixa,Recente,Baixo,Manteve,Alta,Alto,Nenhuma,Nao
Premium,Baixa,Moderado,Alto,Manteve,Alta,Medio,Nenhuma,Nao
Basico,Media,Recente,Medio,Manteve,Alta,Alto,Recorrente,Sim
Intermediario,Alta,Moderado,Alto,Manteve,Baixa,Medio,Nenhuma,Sim
Intermediario,Alta,Recente,Alto,Manteve,Media,Medio,Nenhuma,Nao
Intermediario,Baixa,Moderado,Baixo,Manteve,Alta,Alto,Nenhuma,Sim
Basico,Media,Recente,Medio,Manteve,Baixa,Alto,Ocasional,Nao
Premium,Media,Recente,Alto,Manteve,Alta,Medio,Nenhuma,Nao
Intermediario,Media,Moderado,Medio,Manteve,Media,Medio,Nenhuma,Nao
Premium,Alta,Recente,Medio,Manteve,Alta,Alto,Nenhuma,Nao
Basico,Media,Recente,Medio,Diminuiu,Alta,Medio,Nenhuma,Nao
Intermediario,Media,Moderado,Medio,Aumentou,Baixa,Medio,Ocasional,Sim
Intermediario,Media,Recente,Baixo,Aumentou,Baixa,Medio,Ocasional,Sim
Basico,Media,Moderado,Baixo,Manteve,Media,Medio,Nenhuma,Nao
Basico,Alta,Recente,Alto,Manteve,Alta,Medio,Nenhuma,Nao
Intermediario,Media,Recente,Medio,Manteve,Media,Alto,Nenhuma,Nao
Intermediario,Alta,Recente,Alto,Manteve,Media,Alto,Nenhuma,Nao
Basico,Media,Recente,Medio,Manteve,Alta,Medio,Nenhuma,Nao
Premium,Baixa,Longo,Baixo,Diminuiu,Alta,Alto,Nenhuma,Sim
Premium,Alta,Recente,Alto,Manteve,Alta,Alto,Nenhuma,Nao
Basico,Media,Recente,Medio,Aumentou,Baixa,Medio,Nenhuma,Sim
Basico,Media,Recente,Medio,Manteve,Alta,Medio,Nenhuma,Nao
Intermediario,Media,Longo,Baixo,Aumentou,Baixa,Medio,Ocasional,Sim
Basico,Alta,Recente,Alto,Aumentou,Alta,Medio,Nenhuma,Nao
Intermediario,Media,Longo,Medio,Aumentou,Alta,Alto,Nenhuma,Nao
Basico,Media,Recente,Medio,Aumentou,Baixa,Medio,Nenhuma,Sim
Basico,Baixa,Moderado,Baixo,Manteve,Baixa,Medio,Nenhuma,Sim
Intermediario,Baixa,Recente,Baixo,Manteve,Baixa,Baixo,Recorrente,Sim
Basico,Baixa,Longo,Baixo,Manteve,Baixa,Baixo,Nenhuma,Sim
Basico,Media,Moderado,Medio,Aumentou,Media,Alto,Nenhuma,Sim
Basico,Media,Moderado,Medio,Aumentou,Baixa,Medio,Nenhuma,Sim
Intermediario,Media,Recente,Medio,Aumentou,Media,Baixo,Nenhuma,Nao
Basico,Baixa,Moderado,Baixo,Manteve,Baixa,Baixo,Nenhuma,Sim
Basico,Baixa,Longo,Baixo,Manteve,Baixa,Medio,Recorrente,Sim
Basico,Baixa,Longo,Baixo,Manteve,Media,Alto,Nenhuma,Sim
Premium,Media,Moderado,Medio,Manteve,Alta,Alto,Nenhuma,Nao
Premium,Baixa,Moderado,Baixo,Aumentou,Baixa,Alto,Ocasional,Sim
Intermediario,Baixa,Longo,Baixo,Manteve,Baixa,Baixo,Recorrente,Sim
Premium,Alta,Recente,Alto,Manteve,Alta,Alto,Nenhuma,Nao
Premium,Alta,Recente,Alto,Aumentou,Alta,Alto,Nenhuma,Nao
Premium,Alta,Recente,Alto,Manteve,Media,Medio,Nenhuma,Nao
Basico,Media,Recente,Medio,Manteve,Alta,Medio,Recorrente,Sim
Basico,Media,Moderado,Medio,Manteve,Baixa,Alto,Nenhuma,Nao
Basico,Alta,Recente,Alto,Manteve,Alta,Alto,Nenhuma,Nao
Intermediario,Baixa,Longo,Baixo,Manteve,Baixa,Baixo,Ocasional,Sim
Premium,Alta,Recente,Alto,Manteve,Alta,Alto,Nenhuma,Nao
Basico,Alta,Recente,Alto,Manteve,Media,Medio,Nenhuma,Nao
Basico,Media,Recente,Baixo,Aumentou,Baixa,Alto,Recorrente,Sim
Basico,Alta,Recente,Alto,Aumentou,Baixa,Alto,Nenhuma,Nao
Intermediario,Alta,Recente,Medio,Manteve,Media,Alto,Nenhuma,Nao
Premium,Baixa,Moderado,Medio,Aumentou,Media,Medio,Ocasional,Sim
Basico,Media,Recente,Medio,Manteve,Media,Baixo,Ocasional,Sim
Basico,Media,Moderado,Baixo,Manteve,Alta,Alto,Nenhuma,Nao
Premium,Alta,Recente,Alto,Diminuiu,Alta,Medio,Nenhuma,Nao
Basico,Alta,Moderado,Medio,Manteve,Media,Alto,Ocasional,Nao
Basico,Alta,Recente,Alto,Diminuiu,Baixa,Medio,Nenhuma,Nao
Premium,Media,Recente,Medio,Manteve,Alta,Alto,Ocasional,Nao
Intermediario,Alta,Moderado,Alto,Manteve,Alta,Alto,Nenhuma,Nao
Premium,Media,Recente,Medio,Aumentou,Baixa,Alto,Nenhuma,Nao
Intermediario,Media,Moderado,Medio,Manteve,Baixa,Baixo,Ocasional,Sim
Intermediario,Media,Longo,Baixo,Aumentou,Baixa,Medio,Nenhuma,Sim
Basico,Media,Recente,Alto,Aumentou,Baixa,Medio,Nenhuma,Sim
Basico,Media,Recente,Medio,Manteve,Media,Medio,Nenhuma,Nao
Intermediario,Baixa,Longo,Baixo,Manteve,Media,Medio,Nenhuma,Sim
Basico,Baixa,Moderado,Baixo,Aumentou,Media,Alto,Nenhuma,Sim
Basico,Media,Moderado,Alto,Manteve,Media,Medio,Nenhuma,Nao
Basico,Alta,Moderado,Medio,Manteve,Media,Medio,Nenhuma,Nao
Basico,Media,Moderado,Medio,Manteve,Alta,Alto,Ocasional,Nao
Intermediario,Alta,Recente,Medio,Manteve,Alta,Alto,Nenhuma,Nao
Intermediario,Baixa,Longo,Baixo,Manteve,Baixa,Baixo,Ocasional,Sim
Intermediario,Media,Recente,Medio,Manteve,Alta,Alto,Nenhuma,Nao
Premium,Alta,Recente,Alto,Diminuiu,Alta,Alto,Nenhuma,Nao
Premium,Media,Moderado,Medio,Aumentou,Baixa,Medio,Nenhuma,Sim
Basico,Media,Moderado,Medio,Manteve,Baixa,Baixo,Nenhuma,Sim
Intermediario,Media,Recente,Alto,Aumentou,Baixa,Alto,Nenhuma,Sim
Intermediario,Alta,Recente,Alto,Manteve,Alta,Alto,Nenhuma,Nao
Basico,Baixa,Recente,Baixo,Aumentou,Baixa,Medio,Ocasional,Sim
Intermediario,Media,Moderado,Medio,Manteve,Alta,Alto,Nenhuma,Nao
Basico,Media,Longo,Alto,Aumentou,Baixa,Medio,Nenhuma,Sim
Intermediario,Media,Moderado,Medio,Manteve,Media,Medio,Ocasional,Sim
Premium,Alta,Recente,Alto,Manteve,Alta,Medio,Nenhuma,Nao
Intermediario,Media,Recente,Medio,Manteve,Baixa,Alto,Nenhuma,Nao
Premium,Alta,Recente,Alto,Aumentou,Alta,Alto,Nenhuma,Nao
Basico,Alta,Recente,Alto,Manteve,Alta,Alto,Nenhuma,Nao
Premium,Alta,Recente,Alto,Diminuiu,Media,Baixo,Nenhuma,Nao
Basico,Alta,Recente,Medio,Manteve,Alta,Alto,Ocasional,Nao
Intermediario,Media,Moderado,Medio,Manteve,Media,Alto,Ocasional,Sim
Basico,Media,Recente,Medio,Manteve,Media,Medio,Nenhuma,Nao
Intermediario,Alta,Recente,Alto,Manteve,Alta,Alto,Nenhuma,Nao
Intermediario,Baixa,Longo,Baixo,Manteve,Media,Baixo,Nenhuma,Sim
Basico,Alta,Recente,Alto,Aumentou,Alta,Alto,Nenhuma,Nao
Intermediario,Baixa,Longo,Baixo,Manteve,Media,Alto,Ocasional,Sim
Premium,Alta,Recente,Alto,Manteve,Alta,Alto,Nenhuma,Nao
Premium,Media,Recente,Alto,Diminuiu,Alta,Medio,Nenhuma,Nao
Intermediario,Alta,Recente,Alto,Manteve,Alta,Alto,Nenhuma,Nao
Basico,Alta,Recente,Alto,Aumentou,Baixa,Alto,Nenhuma,Nao
Intermediario,Alta,Recente,Medio,Manteve,Alta,Alto,Nenhuma,Nao
Basico,Media,Recente,Medio,Manteve,Baixa,Alto,Nenhuma,Nao
Premium,Baixa,Recente,Baixo,Manteve,Media,Medio,Nenhuma,Nao
Basico,Alta,Recente,Baixo,Manteve,Media,Medio,Ocasional,Sim
Intermediario,Alta,Recente,Medio,Manteve,Alta,Alto,Nenhuma,Nao
Intermediario,Media,Moderado,Medio,Aumentou,Baixa,Medio,Ocasional,Sim
Basico,Alta,Recente,Alto,Manteve,Alta,Alto,Nenhuma,Nao
Intermediario,Baixa,Longo,Baixo,Manteve,Media,Baixo,Nenhuma,Sim
Premium,Baixa,Longo,Baixo,Manteve,Baixa,Medio,Ocasional,Sim
Basico,Alta,Recente,Alto,Aumentou,Baixa,Baixo,Nenhuma,Sim
Intermediario,Alta,Recente,Medio,Aumentou,Baixa,Alto,Nenhuma,Nao
Premium,Alta,Recente,Alto,Aumentou,Media,Alto,Nenhuma,Nao
Premium,Baixa,Moderado,Baixo,Manteve,Baixa,Alto,Nenhuma,Nao
Premium,Media,Recente,Alto,Aumentou,Baixa,Alto,Nenhuma,Sim
Intermediario,Media,Recente,Medio,Manteve,Baixa,Baixo,Nenhuma,Nao
Intermediario,Media,Recente,Alto,Aumentou,Alta,Alto,Nenhuma,Nao
Basico,Baixa,Moderado,Baixo,Diminuiu,Media,Medio,Ocasional,Sim
Basico,Baixa,Moderado,Baixo,Aumentou,Baixa,Baixo,Ocasional,Sim
Premium,Media,Moderado,Alto,Aumentou,Baixa,Alto,Nenhuma,Nao
Premium,Alta,Recente,Alto,Manteve,Media,Alto,Nenhuma,Nao
Intermediario,Media,Recente,Medio,Manteve,Alta,Alto,Nenhuma,Nao
Basico,Baixa,Longo,Baixo,Aumentou,Baixa,Medio,Nenhuma,Sim
Intermediario,Alta,Recente,Alto,Manteve,Alta,Medio,Nenhuma,Nao
Intermediario,Alta,Recente,Alto,Aumentou,Media,Medio,Nenhuma,Nao
Intermediario,Media,Recente,Medio,Manteve,Alta,Alto,Nenhuma,Nao
Basico,Media,Recente,Medio,Manteve,Alta,Alto,Ocasional,Nao
Basico,Media,Recente,Medio,Manteve,Media,Medio,Nenhuma,Nao
Basico,Alta,Recente,Medio,Manteve,Alta,Alto,Nenhuma,Nao
Basico,Baixa,Longo,Baixo,Aumentou,Baixa,Medio,Ocasional,Sim
Premium,Media,Recente,Alto,Aumentou,Baixa,Alto,Ocasional,Nao
Basico,Media,Moderado,Baixo,Manteve,Media,Medio,Recorrente,Sim
Intermediario,Alta,Moderado,Alto,Manteve,Alta,Medio,Nenhuma,Nao
Premium,Alta,Recente,Alto,Manteve,Alta,Alto,Nenhuma,Nao
Basico,Alta,Longo,Alto,Manteve,Alta,Medio,Nenhuma,Nao
Premium,Alta,Recente,Alto,Aumentou,Alta,Alto,Nenhuma,Nao
Basico,Baixa,Moderado,Medio,Manteve,Baixa,Baixo,Nenhuma,Nao
Basico,Baixa,Longo,Baixo,Manteve,Alta,Medio,Nenhuma,Sim
Basico,Media,Longo,Medio,Manteve,Media,Medio,Nenhuma,Sim
Intermediario,Media,Recente,Medio,Aumentou,Alta,Baixo,Ocasional,Nao
Basico,Alta,Recente,Alto,Manteve,Media,Baixo,Nenhuma,Nao
Basico,Media,Moderado,Alto,Aumentou,Baixa,Medio,Nenhuma,Sim
Premium,Alta,Recente,Alto,Manteve,Alta,Alto,Nenhuma,Nao
Premium,Alta,Recente,Medio,Manteve,Alta,Alto,Nenhuma,Nao
Basico,Media,Recente,Medio,Diminuiu,Media,Medio,Nenhuma,Nao
Basico,Media,Moderado,Baixo,Manteve,Media,Baixo,Ocasional,Sim
Intermediario,Media,Recente,Alto,Aumentou,Media,Medio,Nenhuma,Sim
Basico,Media,Moderado,Medio,Aumentou,Media,Alto,Ocasional,Sim
Premium,Baixa,Longo,Alto,Manteve,Baixa,Alto,Nenhuma,Nao
Basico,Baixa,Moderado,Baixo,Manteve,Media,Alto,Nenhuma,Nao
Intermediario,Media,Recente,Baixo,Aumentou,Alta,Medio,Nenhuma,Sim
Intermediario,Media,Recente,Medio,Aumentou,Media,Baixo,Ocasional,Sim
Intermediario,Alta,Recente,Alto,Manteve,Alta,Alto,Nenhuma,Nao
Intermediario,Alta,Recente,Alto,Manteve,Alta,Alto,Nenhuma,Nao
Basico,Alta,Recente,Alto,Manteve,Media,Medio,Nenhuma,Nao
Premium,Baixa,Recente,Baixo,Manteve,Media,Alto,Nenhuma,Nao
Basico,Baixa,Moderado,Baixo,Aumentou,Baixa,Medio,Nenhuma,Sim
Basico,Baixa,Moderado,Baixo,Aumentou,Baixa,Medio,Recorrente,Sim
Premium,Alta,Recente,Medio,Manteve,Alta,Alto,Nenhuma,Nao
Basico,Media,Recente,Medio,Manteve,Baixa,Baixo,Ocasional,Sim
Premium,Alta,Recente,Alto,Manteve,Alta,Alto,Nenhuma,Nao
Intermediario,Alta,Recente,Alto,Aumentou,Media,Medio,Ocasional,Nao
Premium,Baixa,Moderado,Baixo,Manteve,Media,Baixo,Ocasional,Nao
Premium,Alta,Recente,Alto,Manteve,Alta,Alto,Recorrente,Nao
Intermediario,Alta,Recente,Alto,Aumentou,Alta,Alto,Nenhuma,Nao
Basico,Media,Recente,Medio,Manteve,Alta,Alto,Nenhuma,Sim
Intermediario,Media,Recente,Medio,Manteve,Media,Alto,Nenhuma,Nao
Intermediario,Media,Recente,Alto,Diminuiu,Alta,Alto,Nenhuma,Nao
Basico,Baixa,Moderado,Baixo,Manteve,Media,Baixo,Ocasional,Sim
Intermediario,Media,Moderado,Alto,Aumentou,Baixa,Alto,Nenhuma,Nao
Premium,Alta,Recente,Alto,Manteve,Alta,Alto,Nenhuma,Nao
Basico,Media,Recente,Medio,Manteve,Baixa,Baixo,Nenhuma,Sim
Basico,Media,Moderado,Medio,Manteve,Baixa,Medio,Ocasional,Nao
Premium,Alta,Recente,Medio,Manteve,Alta,Alto,Nenhuma,Nao
Basico,Baixa,Longo,Baixo,Manteve,Baixa,Medio,Nenhuma,Nao
Basico,Media,Recente,Baixo,Manteve,Media,Medio,Nenhuma,Sim
Basico,Alta,Recente,Alto,Manteve,Alta,Alto,Nenhuma,Nao
Basico,Media,Moderado,Baixo,Aumentou,Baixa,Alto,Nenhuma,Sim
Basico,Baixa,Moderado,Baixo,Manteve,Baixa,Baixo,Ocasional,Sim
Premium,Alta,Recente,Alto,Manteve,Alta,Alto,Nenhuma,Nao
Basico,Media,Moderado,Alto,Manteve,Media,Medio,Nenhuma,Sim
Intermediario,Baixa,Moderado,Baixo,Manteve,Media,Medio,Ocasional,Sim
Intermediario,Media,Moderado,Medio,Manteve,Media,Alto,Nenhuma,Sim
Basico,Baixa,Recente,Medio,Manteve,Media,Medio,Nenhuma,Nao
Basico,Media,Recente,Alto,Aumentou,Baixa,Medio,Recorrente,Sim
Basico,Baixa,Recente,Baixo,Manteve,Baixa,Baixo,Nenhuma,Sim
Basico,Baixa,Moderado,Baixo,Manteve,Baixa,Medio,Nenhuma,Sim
Intermediario,Media,Longo,Medio,Manteve,Alta,Alto,Nenhuma,Nao
Basico,Alta,Recente,Alto,Manteve,Alta,Medio,Nenhuma,Nao
Intermediario,Media,Moderado,Medio,Manteve,Media,Medio,Nenhuma,Nao
Basico,Alta,Recente,Alto,Aumentou,Alta,Alto,Nenhuma,Nao
Basico,Baixa,Moderado,Baixo,Aumentou,Alta,Medio,Nenhuma,Sim
Intermediario,Media,Moderado,Medio,Aumentou,Baixa,Medio,Nenhuma,Sim
Premium,Alta,Recente,Alto,Aumentou,Alta,Alto,Nenhuma,Nao
Intermediario,Alta,Recente,Alto,Manteve,Alta,Alto,Nenhuma,Nao
Intermediario,Alta,Recente,Medio,Manteve,Media,Alto,Nenhuma,Nao
Intermediario,Media,Longo,Medio,Manteve,Media,Medio,Ocasional,Sim
Basico,Baixa,Longo,Baixo,Aumentou,Baixa,Medio,Nenhuma,Sim
Basico,Media,Recente,Alto,Manteve,Baixa,Baixo,Ocasional,Sim
Intermediario,Baixa,Longo,Baixo,Manteve,Alta,Medio,Nenhuma,Sim
Premium,Media,Moderado,Medio,Aumentou,Baixa,Baixo,Nenhuma,Sim
Intermediario,Media,Recente,Alto,Aumentou,Media,Medio,Nenhuma,Nao
Basico,Media,Recente,Medio,Manteve,Baixa,Medio,Nenhuma,Nao
Premium,Media,Recente,Baixo,Aumentou,Alta,Medio,Nenhuma,Nao
Premium,Alta,Recente,Alto,Manteve,Alta,Alto,Nenhuma,Nao
Intermediario,Alta,Recente,Alto,Manteve,Media,Medio,Recorrente,Nao
Premium,Alta,Recente,Alto,Manteve,Alta,Alto,Ocasional,Nao
Basico,Media,Recente,Medio,Manteve,Alta,Medio,Nenhuma,Nao
Basico,Media,Recente,Medio,Aumentou,Baixa,Medio,Nenhuma,Nao
Intermediario,Media,Recente,Medio,Manteve,Media,Medio,Nenhuma,Nao
Basico,Media,Moderado,Medio,Aumentou,Baixa,Medio,Nenhuma,Sim
Basico,Baixa,Recente,Baixo,Aumentou,Alta,Medio,Nenhuma,Sim
Basico,Baixa,Moderado,Baixo,Manteve,Baixa,Medio,Nenhuma,Sim
Basico,Alta,Recente,Alto,Manteve,Alta,Alto,Ocasional,Nao
Basico,Alta,Recente,Medio,Aumentou,Baixa,Medio,Nenhuma,Nao
Intermediario,Alta,Recente,Alto,Aumentou,Alta,Baixo,Nenhuma,Nao
Basico,Media,Recente,Baixo,Manteve,Media,Medio,Nenhuma,Nao
Intermediario,Alta,Recente,Alto,Aumentou,Alta,Baixo,Nenhuma,Nao
Intermediario,Media,Moderado,Medio,Manteve,Alta,Alto,Nenhuma,Nao
Basico,Baixa,Moderado,Baixo,Aumentou,Baixa,Baixo,Nenhuma,Sim
Intermediario,Baixa,Recente,Baixo,Manteve,Alta,Medio,Nenhuma,Sim
Intermediario,Media,Recente,Baixo,Manteve,Baixa,Medio,Nenhuma,Sim
Intermediario,Baixa,Moderado,Baixo,Aumentou,Alta,Alto,Nenhuma,Nao
Basico,Alta,Recente,Alto,Diminuiu,Alta,Alto,Nenhuma,Nao
Basico,Media,Recente,Medio,Manteve,Baixa,Baixo,Ocasional,Nao
Premium,Alta,Longo,Alto,Manteve,Alta,Alto,Nenhuma,Nao
Basico,Media,Recente,Alto,Manteve,Media,Medio,Nenhuma,Sim
Intermediario,Alta,Moderado,Alto,Manteve,Alta,Medio,Nenhuma,Nao
Premium,Alta,Recente,Alto,Aumentou,Alta,Alto,Nenhuma,Nao
Intermediario,Alta,Recente,Alto,Manteve,Alta,Medio,Nenhuma,Nao
Basico,Media,Moderado,Medio,Diminuiu,Media,Medio,Nenhuma,Sim
Basico,Media,Recente,Medio,Manteve,Media,Medio,Nenhuma,Nao
Intermediario,Baixa,Moderado,Baixo,Manteve,Baixa,Baixo,Nenhuma,Sim
Basico,Media,Recente,Medio,Aumentou,Media,Medio,Nenhuma,Nao
Premium,Alta,Recente,Alto,Manteve,Alta,Alto,Nenhuma,Nao
Basico,Media,Recente,Baixo,Manteve,Alta,Alto,Nenhuma,Nao
Basico,Media,Recente,Medio,Manteve,Baixa,Medio,Ocasional,Nao
Basico,Alta,Recente,Medio,Manteve,Alta,Medio,Nenhuma,Nao
Intermediario,Media,Recente,Medio,Aumentou,Baixa,Alto,Nenhuma,Nao
Basico,Alta,Recente,Alto,Aumentou,Alta,Alto,Nenhuma,Nao
Premium,Alta,Recente,Medio,Aumentou,Alta,Medio,Nenhuma,Nao
Premium,Alta,Recente,Alto,Aumentou,Alta,Alto,Nenhuma,Nao
Intermediario,Media,Recente,Medio,Manteve,Alta,Medio,Nenhuma,Nao
Basico,Alta,Recente,Alto,Diminuiu,Baixa,Baixo,Nenhuma,Sim
Basico,Media,Recente,Medio,Manteve,Alta,Medio,Nenhuma,Nao
Intermediario,Media,Moderado,Medio,Aumentou,Baixa,Alto,Nenhuma,Sim
Premium,Media,Recente,Medio,Manteve,Media,Alto,Recorrente,Nao
Premium,Alta,Recente,Alto,Manteve,Alta,Alto,Nenhuma,Nao
Premium,Media,Longo,Medio,Manteve,Alta,Medio,Recorrente,Sim
Intermediario,Alta,Recente,Alto,Aumentou,Alta,Alto,Nenhuma,Nao
Intermediario,Alta,Recente,Medio,Manteve,Media,Alto,Nenhuma,Nao
Basico,Media,Moderado,Medio,Manteve,Alta,Baixo,Ocasional,Sim
Intermediario,Baixa,Recente,Baixo,Aumentou,Media,Medio,Nenhuma,Sim
Basico,Media,Recente,Medio,Manteve,Media,Medio,Nenhuma,Nao
Premium,Alta,Recente,Alto,Manteve,Alta,Alto,Nenhuma,Nao
Intermediario,Alta,Recente,Medio,Aumentou,Alta,Alto,Nenhuma,Nao
Intermediario,Alta,Recente,Alto,Manteve,Alta,Medio,Nenhuma,Nao
Basico,Baixa,Moderado,Baixo,Manteve,Baixa,Medio,Nenhuma,Sim
Premium,Media,Recente,Medio,Aumentou,Baixa,Medio,Ocasional,Sim
Intermediario,Baixa,Moderado,Baixo,Manteve,Alta,Baixo,Recorrente,Sim
Premium,Media,Recente,Medio,Aumentou,Media,Medio,Nenhuma,Sim
Intermediario,Media,Recente,Baixo,Manteve,Media,Alto,Ocasional,Nao
Intermediario,Media,Moderado,Medio,Manteve,Alta,Alto,Ocasional,Nao
Basico,Alta,Recente,Alto,Manteve,Media,Alto,Nenhuma,Nao
Premium,Media,Moderado,Alto,Manteve,Alta,Medio,Nenhuma,Nao
Intermediario,Media,Moderado,Medio,Manteve,Media,Alto,Ocasional,Nao
Premium,Baixa,Longo,Baixo,Aumentou,Baixa,Medio,Ocasional,Sim
Basico,Media,Recente,Medio,Manteve,Baixa,Baixo,Nenhuma,Nao
Basico,Media,Recente,Medio,Aumentou,Media,Medio,Nenhuma,Sim
Intermediario,Alta,Moderado,Alto,Aumentou,Alta,Alto,Nenhuma,Nao
Intermediario,Baixa,Longo,Medio,Manteve,Baixa,Alto,Ocasional,Sim
Intermediario,Media,Recente,Medio,Manteve,Media,Medio,Nenhuma,Nao
Basico,Baixa,Longo,Baixo,Manteve,Baixa,Medio,Ocasional,Sim
Premium,Alta,Recente,Medio,Aumentou,Baixa,Alto,Nenhuma,Nao
Intermediario,Media,Moderado,Medio,Aumentou,Baixa,Alto,Nenhuma,Sim
Premium,Media,Recente,Medio,Manteve,Alta,Alto,Nenhuma,Nao
Intermediario,Media,Recente,Medio,Manteve,Alta,Alto,Nenhuma,Nao
Basico,Baixa,Longo,Baixo,Manteve,Baixa,Medio,Ocasional,Sim
Intermediario,Media,Moderado,Medio,Manteve,Baixa,Baixo,Nenhuma,Sim
Premium,Media,Moderado,Medio,Manteve,Alta,Medio,Nenhuma,Nao
Intermediario,Baixa,Longo,Baixo,Aumentou,Baixa,Medio,Nenhuma,Sim
Premium,Media,Moderado,Medio,Diminuiu,Alta,Medio,Nenhuma,Nao
Intermediario,Baixa,Longo,Medio,Aumentou,Baixa,Medio,Nenhuma,Sim
Premium,Alta,Recente,Alto,Manteve,Alta,Alto,Nenhuma,Nao
Premium,Media,Recente,Medio,Manteve,Alta,Alto,Nenhuma,Nao
Premium,Baixa,Longo,Baixo,Aumentou,Alta,Alto,Recorrente,Sim
Premium,Media,Recente,Medio,Aumentou,Media,Medio,Nenhuma,Nao
Premium,Alta,Recente,Alto,Manteve,Alta,Alto,Ocasional,Nao
Premium,Alta,Recente,Alto,Manteve,Media,Alto,Nenhuma,Nao
Premium,Media,Recente,Medio,Aumentou,Media,Baixo,Ocasional,Sim
Basico,Baixa,Recente,Medio,Aumentou,Baixa,Medio,Nenhuma,Sim
Intermediario,Alta,Recente,Alto,Aumentou,Alta,Medio,Nenhuma,Nao
Intermediario,Baixa,Moderado,Medio,Manteve,Baixa,Medio,Ocasional,Sim
Premium,Alta,Recente,Alto,Aumentou,Baixa,Medio,Nenhuma,Nao
Basico,Alta,Recente,Alto,Aumentou,Baixa,Baixo,Nenhuma,Nao
Basico,Media,Recente,Medio,Aumentou,Baixa,Medio,Nenhuma,Sim
Basico,Baixa,Moderado,Baixo,Manteve,Baixa,Alto,Nenhuma,Sim
Intermediario,Baixa,Moderado,Baixo,Aumentou,Baixa,Baixo,Nenhuma,Sim
Basico,Baixa,Longo,Baixo,Aumentou,Baixa,Medio,Nenhuma,Sim
Intermediario,Alta,Recente,Alto,Manteve,Media,Medio,Nenhuma,Nao
Premium,Alta,Recente,Medio,Manteve,Alta,Alto,Nenhuma,Nao
Basico,Alta,Recente,Alto,Aumentou,Media,Medio,Nenhuma,Nao
Premium,Alta,Recente,Alto,Manteve,Alta,Alto,Ocasional,Nao
Basico,Media,Recente,Baixo,Aumentou,Media,Medio,Nenhuma,Sim
Intermediario,Alta,Recente,Alto,Aumentou,Alta,Alto,Nenhuma,Nao
Intermediario,Media,Recente,Medio,Manteve,Alta,Alto,Nenhuma,Nao
Basico,Media,Moderado,Medio,Manteve,Alta,Alto,Nenhuma,Nao
Intermediario,Baixa,Moderado,Baixo,Manteve,Media,Baixo,Nenhuma,Sim
Intermediario,Media,Moderado,Medio,Manteve,Media,Medio,Nenhuma,Nao
Intermediario,Alta,Recente,Medio,Aumentou,Baixa,Alto,Nenhuma,Nao
Basico,Alta,Recente,Baixo,Manteve,Alta,Medio,Ocasional,Nao
Basico,Baixa,Moderado,Baixo,Manteve,Media,Baixo,Nenhuma,Sim
Intermediario,Media,Recente,Baixo,Manteve,Media,Alto,Ocasional,Nao
Basico,Baixa,Longo,Medio,Manteve,Media,Baixo,Ocasional,Sim
Premium,Baixa,Longo,Baixo,Manteve,Baixa,Medio,Nenhuma,Sim
Premium,Alta,Recente,Alto,Manteve,Alta,Alto,Nenhuma,Nao
Basico,Alta,Recente,Alto,Aumentou,Alta,Alto,Nenhuma,Nao
Basico,Alta,Recente,Alto,Manteve,Baixa,Medio,Recorrente,Nao
Intermediario,Baixa,Longo,Baixo,Manteve,Baixa,Medio,Ocasional,Sim
Basico,Alta,Recente,Medio,Manteve,Alta,Medio,Nenhuma,Nao
Intermediario,Alta,Recente,Medio,Manteve,Media,Alto,Nenhuma,Nao
Basico,Alta,Recente,Alto,Manteve,Alta,Alto,Nenhuma,Nao
Basico,Alta,Recente,Alto,Aumentou,Baixa,Medio,Recorrente,Sim
Intermediario,Baixa,Recente,Baixo,Manteve,Baixa,Medio,Nenhuma,Sim
Premium,Alta,Recente,Alto,Aumentou,Baixa,Medio,Nenhuma,Nao
Premium,Alta,Recente,Medio,Diminuiu,Alta,Medio,Nenhuma,Nao
Intermediario,Alta,Recente,Medio,Aumentou,Baixa,Alto,Nenhuma,Nao
Premium,Media,Moderado,Medio,Manteve,Media,Alto,Nenhuma,Nao
Premium,Media,Moderado,Medio,Manteve,Media,Medio,Nenhuma,Nao
Basico,Alta,Recente,Medio,Manteve,Media,Medio,Ocasional,Nao
Basico,Media,Moderado,Baixo,Diminuiu,Baixa,Medio,Nenhuma,Sim
Intermediario,Alta,Recente,Medio,Manteve,Media,Alto,Nenhuma,Nao
Basico,Baixa,Longo,Baixo,Aumentou,Baixa,Baixo,Recorrente,Sim
Premium,Alta,Recente,Alto,Manteve,Alta,Alto,Nenhuma,Nao
Basico,Media,Recente,Medio,Diminuiu,Baixa,Baixo,Nenhuma,Sim
Intermediario,Alta,Recente,Alto,Aumentou,Baixa,Medio,Nenhuma,Nao
Basico,Alta,Recente,Medio,Diminuiu,Alta,Alto,Nenhuma,Nao
Basico,Media,Moderado,Medio,Aumentou,Baixa,Medio,Nenhuma,Sim
Basico,Media,Recente,Medio,Manteve,Baixa,Medio,Ocasional,Sim
Premium,Baixa,Recente,Baixo,Manteve,Baixa,Baixo,Nenhuma,Nao
Intermediario,Media,Recente,Medio,Manteve,Baixa,Medio,Nenhuma,Sim
Intermediario,Alta,Recente,Alto,Manteve,Alta,Alto,Nenhuma,Nao
Basico,Alta,Moderado,Alto,Aumentou,Alta,Alto,Ocasional,Nao
Basico,Baixa,Longo,Baixo,Aumentou,Baixa,Medio,Recorrente,Sim
Basico,Baixa,Recente,Baixo,Aumentou,Baixa,Baixo,Nenhuma,Sim
Intermediario,Alta,Recente,Alto,Manteve,Alta,Alto,Nenhuma,Nao
Premium,Alta,Recente,Alto,Manteve,Alta,Alto,Nenhuma,Nao
Basico,Alta,Recente,Alto,Manteve,Media,Alto,Ocasional,Nao
Basico,Alta,Recente,Medio,Manteve,Alta,Medio,Ocasional,Nao
Premium,Alta,Recente,Alto,Aumentou,Alta,Alto,Nenhuma,Nao
Intermediario,Alta,Recente,Medio,Aumentou,Alta,Alto,Nenhuma,Nao
Basico,Media,Recente,Medio,Manteve,Alta,Alto,Nenhuma,Sim
Intermediario,Baixa,Longo,Medio,Manteve,Baixa,Alto,Nenhuma,Nao
Basico,Baixa,Moderado,Baixo,Manteve,Alta,Alto,Nenhuma,Nao
Basico,Media,Recente,Medio,Manteve,Alta,Alto,Nenhuma,Nao
Intermediario,Media,Moderado,Medio,Aumentou,Baixa,Baixo,Nenhuma,Sim
Basico,Media,Moderado,Medio,Aumentou,Baixa,Medio,Nenhuma,Sim
Basico,Baixa,Recente,Baixo,Diminuiu,Alta,Medio,Nenhuma,Nao
Basico,Alta,Recente,Medio,Aumentou,Baixa,Alto,Nenhuma,Sim
Basico,Alta,Recente,Alto,Manteve,Alta,Medio,Recorrente,Nao
Intermediario,Baixa,Moderado,Baixo,Manteve,Baixa,Medio,Nenhuma,Sim
Basico,Media,Moderado,Baixo,Aumentou,Baixa,Baixo,Nenhuma,Sim
Intermediario,Alta,Recente,Alto,Manteve,Media,Medio,Nenhuma,Nao
Basico,Baixa,Longo,Baixo,Aumentou,Baixa,Baixo,Nenhuma,Sim
Premium,Baixa,Longo,Baixo,Manteve,Media,Medio,Nenhuma,Sim
Intermediario,Media,Recente,Baixo,Manteve,Alta,Alto,Nenhuma,Nao
Basico,Baixa,Longo,Baixo,Manteve,Baixa,Medio,Ocasional,Sim
Intermediario,Alta,Recente,Alto,Manteve,Alta,Alto,Ocasional,Nao
Basico,Media,Longo,Medio,Manteve,Media,Medio,Nenhuma,Sim
Basico,Baixa,Longo,Baixo,Manteve,Baixa,Alto,Nenhuma,Sim
Basico,Baixa,Moderado,Baixo,Manteve,Media,Alto,Nenhuma,Sim
Premium,Alta,Recente,Alto,Aumentou,Baixa,Alto,Nenhuma,Nao
Premium,Alta,Recente,Medio,Aumentou,Alta,Alto,Nenhuma,Nao
Premium,Media,Recente,Medio,Aumentou,Baixa,Baixo,Recorrente,Sim
Intermediario,Alta,Recente,Alto,Aumentou,Alta,Alto,Nenhuma,Nao
Premium,Alta,Recente,Alto,Manteve,Alta,Alto,Nenhuma,Nao
Basico,Media,Recente,Medio,Manteve,Baixa,Medio,Recorrente,Sim
Basico,Baixa,Recente,Baixo,Aumentou,Baixa,Medio,Nenhuma,Sim
Basico,Baixa,Recente,Baixo,Manteve,Baixa,Medio,Nenhuma,Sim
Premium,Alta,Recente,Alto,Manteve,Alta,Alto,Nenhuma,Nao
Intermediario,Alta,Recente,Alto,Manteve,Alta,Alto,Nenhuma,Nao
Intermediario,Baixa,Moderado,Baixo,Aumentou,Baixa,Baixo,Ocasional,Sim
Basico,Alta,Recente,Alto,Manteve,Alta,Alto,Nenhuma,Nao
Intermediario,Media,Longo,Medio,Manteve,Baixa,Medio,Nenhuma,Sim
Intermediario,Alta,Recente,Alto,Aumentou,Baixa,Alto,Nenhuma,Nao
Intermediario,Baixa,Longo,Baixo,Manteve,Baixa,Medio,Nenhuma,Sim
Premium,Baixa,Recente,Baixo,Manteve,Baixa,Baixo,Ocasional,Nao
Basico,Baixa,Moderado,Baixo,Manteve,Media,Medio,Recorrente,Sim
Intermediario,Media,Longo,Medio,Aumentou,Alta,Alto,Nenhuma,Nao
Basico,Baixa,Moderado,Baixo,Manteve,Media,Baixo,Nenhuma,Sim
Premium,Baixa,Longo,Alto,Aumentou,Baixa,Medio,Nenhuma,Sim
Basico,Media,Moderado,Baixo,Manteve,Media,Medio,Ocasional,Sim
Intermediario,Alta,Recente,Medio,Manteve,Media,Alto,Recorrente,Nao
Intermediario,Alta,Recente,Alto,Manteve,Alta,Alto,Nenhuma,Nao
Intermediario,Alta,Recente,Alto,Aumentou,Baixa,Alto,Nenhuma,Nao
Premium,Baixa,Longo,Medio,Aumentou,Media,Medio,Ocasional,Sim
Basico,Baixa,Moderado,Baixo,Manteve,Baixa,Baixo,Nenhuma,Sim
Premium,Media,Recente,Medio,Aumentou,Baixa,Alto,Nenhuma,Nao
Intermediario,Baixa,Longo,Baixo,Aumentou,Alta,Alto,Nenhuma,Sim
Intermediario,Media,Recente,Baixo,Manteve,Media,Alto,Nenhuma,Nao
Premium,Media,Moderado,Medio,Aumentou,Baixa,Medio,Nenhuma,Sim
Basico,Alta,Moderado,Alto,Manteve,Alta,Alto,Nenhuma,Nao
Intermediario,Alta,Recente,Medio,Manteve,Alta,Medio,Nenhuma,Nao
Premium,Media,Recente,Baixo,Manteve,Baixa,Medio,Nenhuma,Sim
Premium,Alta,Recente,Medio,Manteve,Alta,Alto,Nenhuma,Nao
Intermediario,Media,Recente,Medio,Manteve,Baixa,Alto,Recorrente,Sim
Intermediario,Alta,Moderado,Baixo,Manteve,Alta,Alto,Nenhuma,Nao
Intermediario,Media,Recente,Medio,Aumentou,Baixa,Alto,Recorrente,Nao
Intermediario,Alta,Recente,Alto,Aumentou,Alta,Alto,Nenhuma,Nao
Premium,Alta,Recente,Alto,Diminuiu,Alta,Medio,Nenhuma,Nao
Premium,Alta,Recente,Medio,Aumentou,Baixa,Alto,Nenhuma,Nao
Basico,Media,Moderado,Medio,Manteve,Media,Baixo,Nenhuma,Sim
Premium,Alta,Recente,Alto,Manteve,Alta,Alto,Nenhuma,Nao
Premium,Media,Moderado,Medio,Aumentou,Alta,Alto,Nenhuma,Nao
Basico,Baixa,Longo,Baixo,Manteve,Media,Medio,Nenhuma,Sim
Basico,Baixa,Moderado,Baixo,Aumentou,Media,Alto,Ocasional,Sim
Intermediario,Alta,Recente,Alto,Manteve,Media,Alto,Nenhuma,Nao
Premium,Media,Recente,Medio,Manteve,Media,Baixo,Nenhuma,Nao
Basico,Baixa,Moderado,Baixo,Manteve,Media,Medio,Nenhuma,Sim
Premium,Media,Longo,Medio,Manteve,Media,Medio,Ocasional,Nao
Premium,Alta,Moderado,Medio,Manteve,Alta,Alto,Nenhuma,Nao
Intermediario,Alta,Recente,Medio,Manteve,Alta,Alto,Nenhuma,Nao
Intermediario,Media,Recente,Medio,Manteve,Alta,Alto,Nenhuma,Nao
Premium,Alta,Recente,Medio,Manteve,Baixa,Baixo,Nenhuma,Sim
Intermediario,Baixa,Longo,Baixo,Aumentou,Baixa,Baixo,Ocasional,Sim
Basico,Alta,Recente,Medio,Manteve,Alta,Alto,Nenhuma,Nao
Premium,Baixa,Recente,Medio,Manteve,Media,Medio,Ocasional,Nao
Basico,Baixa,Moderado,Baixo,Diminuiu,Baixa,Baixo,Nenhuma,Sim
Intermediario,Media,Recente,Medio,Aumentou,Baixa,Baixo,Recorrente,Sim
Basico,Alta,Recente,Baixo,Manteve,Alta,Medio,Nenhuma,Nao
Basico,Media,Longo,Medio,Aumentou,Baixa,Baixo,Nenhuma,Sim
Basico,Baixa,Moderado,Baixo,Manteve,Baixa,Baixo,Nenhuma,Sim
Basico,Media,Recente,Medio,Manteve,Baixa,Alto,Ocasional,Sim
Intermediario,Alta,Recente,Alto,Manteve,Alta,Baixo,Nenhuma,Nao
Basico,Baixa,Moderado,Baixo,Aumentou,Baixa,Baixo,Nenhuma,Sim
Basico,Media,Recente,Medio,Manteve,Media,Medio,Ocasional,Nao
Intermediario,Baixa,Moderado,Baixo,Diminuiu,Media,Alto,Ocasional,Sim
Premium,Alta,Recente,Alto,Manteve,Alta,Baixo,Nenhuma,Nao
Intermediario,Alta,Recente,Medio,Aumentou,Baixa,Medio,Ocasional,Sim
Intermediario,Alta,Moderado,Alto,Aumentou,Alta,Alto,Recorrente,Nao
Premium,Media,Recente,Medio,Manteve,Baixa,Baixo,Nenhuma,Nao
Intermediario,Baixa,Recente,Medio,Diminuiu,Media,Baixo,Ocasional,Sim
Premium,Alta,Moderado,Alto,Manteve,Alta,Baixo,Nenhuma,Nao
Premium,Alta,Recente,Alto,Aumentou,Alta,Medio,Nenhuma,Nao
Basico,Baixa,Moderado,Medio,Manteve,Alta,Baixo,Ocasional,Nao
Premium,Alta,Recente,Alto,Aumentou,Alta,Alto,Nenhuma,Nao
Basico,Baixa,Longo,Baixo,Aumentou,Media,Alto,Nenhuma,Sim
Intermediario,Baixa,Longo,Baixo,Aumentou,Baixa,Medio,Nenhuma,Sim
Basico,Baixa,Moderado,Medio,Manteve,Media,Baixo,Recorrente,Nao
Intermediario,Baixa,Longo,Baixo,Aumentou,Baixa,Medio,Nenhuma,Sim
Intermediario,Alta,Recente,Alto,Manteve,Alta,Alto,Nenhuma,Nao
Intermediario,Media,Recente,Medio,Manteve,Media,Alto,Ocasional,Nao
Basico,Baixa,Longo,Baixo,Manteve,Baixa,Medio,Nenhuma,Sim
Intermediario,Media,Recente,Baixo,Manteve,Media,Alto,Nenhuma,Nao
Intermediario,Media,Moderado,Medio,Aumentou,Alta,Alto,Nenhuma,Sim
Premium,Alta,Recente,Alto,Manteve,Alta,Alto,Nenhuma,Nao
Basico,Media,Recente,Baixo,Diminuiu,Media,Alto,Ocasional,Sim
Intermediario,Alta,Recente,Alto,Manteve,Alta,Medio,Ocasional,Nao
Basico,Alta,Recente,Baixo,Manteve,Baixa,Medio,Ocasional,Nao
Intermediario,Alta,Recente,Medio,Manteve,Alta,Alto,Nenhuma,Nao
Basico,Media,Moderado,Baixo,Manteve,Baixa,Baixo,Ocasional,Sim
Intermediario,Media,Moderado,Medio,Aumentou,Baixa,Medio,Nenhuma,Sim
Intermediario,Alta,Recente,Medio,Manteve,Alta,Medio,Nenhuma,Nao
Intermediario,Media,Recente,Medio,Manteve,Media,Alto,Ocasional,Nao
Intermediario,Alta,Recente,Alto,Manteve,Media,Medio,Nenhuma,Nao
Intermediario,Media,Recente,Medio,Aumentou,Media,Alto,Nenhuma,Nao
Basico,Media,Moderado,Baixo,Aumentou,Media,Medio,Nenhuma,Sim
Premium,Alta,Recente,Alto,Manteve,Alta,Medio,Nenhuma,Nao
Premium,Baixa,Recente,Medio,Diminuiu,Media,Medio,Ocasional,Nao
Intermediario,Media,Recente,Medio,Manteve,Alta,Baixo,Nenhuma,Sim
Basico,Media,Recente,Baixo,Aumentou,Baixa,Baixo,Nenhuma,Sim
Premium,Alta,Recente,Alto,Manteve,Alta,Alto,Nenhuma,Nao
Intermediario,Media,Recente,Medio,Aumentou,Alta,Medio,Nenhuma,Nao
Basico,Media,Moderado,Medio,Manteve,Baixa,Medio,Nenhuma,Sim
Intermediario,Media,Moderado,Medio,Manteve,Alta,Medio,Nenhuma,Nao
Basico,Alta,Recente,Alto,Manteve,Alta,Alto,Nenhuma,Nao
Intermediario,Media,Recente,Medio,Manteve,Media,Alto,Nenhuma,Sim
Basico,Baixa,Recente,Medio,Manteve,Baixa,Alto,Nenhuma,Nao
Basico,Baixa,Moderado,Baixo,Aumentou,Baixa,Medio,Nenhuma,Sim
Basico,Alta,Recente,Alto,Aumentou,Baixa,Medio,Nenhuma,Sim
Basico,Media,Recente,Medio,Manteve,Alta,Alto,Nenhuma,Nao
Intermediario,Media,Recente,Alto,Aumentou,Media,Medio,Ocasional,Nao
Basico,Media,Recente,Medio,Diminuiu,Media,Medio,Nenhuma,Nao
Basico,Media,Recente,Baixo,Diminuiu,Alta,Medio,Ocasional,Nao
Intermediario,Media,Recente,Medio,Manteve,Media,Baixo,Ocasional,Nao
Intermediario,Alta,Recente,Alto,Manteve,Alta,Alto,Nenhuma,Nao
Basico,Media,Recente,Medio,Manteve,Alta,Baixo,Nenhuma,Nao
Basico,Media,Recente,Medio,Manteve,Alta,Baixo,Ocasional,Nao
Premium,Alta,Moderado,Medio,Aumentou,Baixa,Alto,Nenhuma,Nao
Basico,Media,Recente,Medio,Aumentou,Baixa,Baixo,Ocasional,Sim
Intermediario,Baixa,Moderado,Baixo,Manteve,Alta,Medio,Nenhuma,Nao
Intermediario,Alta,Recente,Medio,Manteve,Media,Medio,Nenhuma,Nao
Basico,Alta,Moderado,Alto,Aumentou,Alta,Alto,Nenhuma,Nao
Intermediario,Baixa,Moderado,Baixo,Manteve,Baixa,Baixo,Nenhuma,Sim
Basico,Baixa,Longo,Medio,Manteve,Baixa,Medio,Nenhuma,Sim
Basico,Media,Longo,Medio,Manteve,Alta,Medio,Nenhuma,Sim
Basico,Baixa,Moderado,Baixo,Manteve,Baixa,Baixo,Ocasional,Sim
Basico,Media,Recente,Medio,Manteve,Baixa,Medio,Ocasional,Sim
Basico,Baixa,Recente,Baixo,Manteve,Media,Baixo,Recorrente,Sim
Basico,Media,Recente,Medio,Manteve,Baixa,Medio,Nenhuma,Sim
Basico,Media,Recente,Medio,Manteve,Media,Medio,Nenhuma,Sim
Basico,Media,Moderado,Medio,Aumentou,Media,Medio,Nenhuma,Sim
Intermediario,Media,Recente,Medio,Manteve,Alta,Medio,Nenhuma,Nao
Basico,Media,Recente,Medio,Aumentou,Baixa,Baixo,Ocasional,Sim
Intermediario,Alta,Recente,Alto,Diminuiu,Alta,Alto,Nenhuma,Nao
Basico,Alta,Moderado,Medio,Manteve,Alta,Alto,Nenhuma,Nao
Intermediario,Baixa,Longo,Baixo,Manteve,Baixa,Medio,Nenhuma,Sim
Basico,Alta,Recente,Alto,Manteve,Media,Medio,Ocasional,Nao
Intermediario,Alta,Recente,Alto,Manteve,Alta,Alto,Nenhuma,Nao
Basico,Baixa,Moderado,Baixo,Manteve,Baixa,Medio,Nenhuma,Sim
Premium,Media,Recente,Medio,Aumentou,Alta,Alto,Ocasional,Nao
Intermediario,Alta,Recente,Medio,Aumentou,Baixa,Medio,Nenhuma,Sim
Intermediario,Baixa,Recente,Baixo,Manteve,Alta,Alto,Nenhuma,Sim
Basico,Alta,Recente,Medio,Manteve,Alta,Alto,Nenhuma,Nao
Basico,Baixa,Moderado,Baixo,Manteve,Baixa,Baixo,Nenhuma,Sim
Intermediario,Media,Moderado,Medio,Aumentou,Alta,Alto,Nenhuma,Sim
Premium,Baixa,Longo,Baixo,Manteve,Baixa,Baixo,Nenhuma,Sim
Premium,Media,Moderado,Medio,Manteve,Alta,Alto,Nenhuma,Nao
Intermediario,Media,Recente,Baixo,Manteve,Baixa,Medio,Recorrente,Sim
Basico,Baixa,Moderado,Baixo,Manteve,Baixa,Alto,Nenhuma,Sim
Basico,Baixa,Recente,Baixo,Manteve,Baixa,Baixo,Nenhuma,Sim
Intermediario,Media,Moderado,Medio,Manteve,Alta,Medio,Nenhuma,Sim
Intermediario,Media,Recente,Medio,Manteve,Media,Alto,Nenhuma,Nao
Basico,Baixa,Recente,Baixo,Aumentou,Baixa,Medio,Nenhuma,Sim
Basico,Alta,Recente,Medio,Manteve,Alta,Alto,Nenhuma,Nao
Intermediario,Baixa,Recente,Baixo,Manteve,Media,Baixo,Nenhuma,Sim
Basico,Media,Moderado,Medio,Aumentou,Alta,Alto,Nenhuma,Nao
Basico,Media,Moderado,Medio,Manteve,Alta,Medio,Ocasional,Sim
Intermediario,Baixa,Moderado,Medio,Aumentou,Baixa,Medio,Nenhuma,Sim
Basico,Media,Recente,Baixo,Aumentou,Alta,Alto,Nenhuma,Nao
Intermediario,Alta,Recente,Alto,Manteve,Alta,Medio,Nenhuma,Nao
Intermediario,Alta,Recente,Alto,Aumentou,Baixa,Alto,Nenhuma,Nao
Intermediario,Baixa,Moderado,Baixo,Manteve,Baixa,Medio,Ocasional,Sim
Intermediario,Baixa,Longo,Baixo,Manteve,Media,Baixo,Nenhuma,Sim
Premium,Alta,Recente,Medio,Aumentou,Baixa,Alto,Nenhuma,Nao
Intermediario,Media,Recente,Medio,Manteve,Media,Baixo,Nenhuma,Nao
Intermediario,Alta,Recente,Alto,Aumentou,Baixa,Alto,Nenhuma,Nao
Basico,Baixa,Longo,Medio,Aumentou,Media,Alto,Nenhuma,Sim
Basico,Media,Longo,Medio,Manteve,Media,Medio,Recorrente,Nao
Intermediario,Media,Recente,Alto,Manteve,Media,Baixo,Ocasional,Nao
Basico,Alta,Recente,Alto,Manteve,Baixa,Baixo,Ocasional,Nao
Basico,Baixa,Recente,Baixo,Manteve,Baixa,Baixo,Nenhuma,Sim
Basico,Baixa,Longo,Baixo,Manteve,Media,Alto,Nenhuma,Sim
Basico,Media,Longo,Baixo,Manteve,Baixa,Medio,Ocasional,Nao
Basico,Media,Recente,Medio,Aumentou,Baixa,Medio,Nenhuma,Nao
Basico,Media,Moderado,Medio,Manteve,Alta,Alto,Nenhuma,Nao
Premium,Baixa,Moderado,Alto,Manteve,Baixa,Medio,Nenhuma,Nao
Intermediario,Baixa,Moderado,Baixo,Aumentou,Baixa,Medio,Ocasional,Sim
Intermediario,Media,Recente,Alto,Manteve,Media,Medio,Nenhuma,Nao
Basico,Alta,Recente,Baixo,Manteve,Media,Alto,Nenhuma,Nao
Basico,Alta,Recente,Alto,Manteve,Alta,Alto,Nenhuma,Nao
Basico,Alta,Recente,Baixo,Manteve,Media,Medio,Nenhuma,Sim
Basico,Media,Recente,Medio,Manteve,Baixa,Baixo,Ocasional,Sim
Intermediario,Baixa,Moderado,Medio,Manteve,Media,Medio,Nenhuma,Sim
Basico,Baixa,Longo,Baixo,Manteve,Media,Alto,Ocasional,Sim
Intermediario,Alta,Recente,Alto,Manteve,Alta,Alto,Nenhuma,Nao
Basico,Alta,Moderado,Alto,Aumentou,Baixa,Baixo,Ocasional,Sim
Intermediario,Baixa,Recente,Medio,Aumentou,Baixa,Alto,Ocasional,Sim
Intermediario,Media,Recente,Baixo,Diminuiu,Alta,Medio,Nenhuma,Nao
Intermediario,Baixa,Longo,Baixo,Aumentou,Alta,Alto,Nenhuma,Sim
Premium,Alta,Moderado,Alto,Manteve,Alta,Medio,Recorrente,Nao
Intermediario,Alta,Recente,Alto,Manteve,Alta,Alto,Nenhuma,Nao
Premium,Alta,Recente,Alto,Aumentou,Alta,Alto,Nenhuma,Nao
Intermediario,Alta,Recente,Medio,Aumentou,Alta,Alto,Nenhuma,Nao
Intermediario,Alta,Recente,Alto,Manteve,Alta,Medio,Nenhuma,Nao
Intermediario,Alta,Recente,Alto,Manteve,Alta,Medio,Nenhuma,Nao
Intermediario,Baixa,Moderado,Baixo,Manteve,Baixa,Medio,Nenhuma,Sim
Intermediario,Alta,Recente,Alto,Manteve,Alta,Medio,Nenhuma,Nao
Basico,Media,Recente,Medio,Manteve,Baixa,Baixo,Recorrente,Sim
Basico,Alta,Recente,Medio,Manteve,Alta,Alto,Nenhuma,Nao
Premium,Media,Recente,Medio,Manteve,Alta,Medio,Nenhuma,Nao
Basico,Alta,Recente,Alto,Diminuiu,Alta,Medio,Nenhuma,Nao
Intermediario,Alta,Recente,Alto,Manteve,Alta,Alto,Nenhuma,Nao
Premium,Alta,Recente,Alto,Aumentou,Alta,Medio,Nenhuma,Nao
Basico,Alta,Recente,Medio,Diminuiu,Alta,Medio,Nenhuma,Nao
Intermediario,Alta,Recente,Alto,Manteve,Alta,Alto,Nenhuma,Nao
Basico,Media,Moderado,Medio,Manteve,Baixa,Medio,Ocasional,Sim
Intermediario,Media,Moderado,Medio,Aumentou,Alta,Alto,Nenhuma,Nao
Intermediario,Alta,Recente,Alto,Manteve,Alta,Alto,Nenhuma,Nao
Premium,Alta,Recente,Alto,Diminuiu,Alta,Alto,Nenhuma,Nao
Intermediario,Alta,Recente,Medio,Manteve,Media,Medio,Nenhuma,Nao
Basico,Baixa,Moderado,Medio,Manteve,Baixa,Alto,Nenhuma,Nao
Basico,Baixa,Moderado,Baixo,Manteve,Media,Alto,Nenhuma,Sim
Basico,Baixa,Moderado,Baixo,Manteve,Media,Medio,Nenhuma,Nao
Basico,Alta,Recente,Alto,Manteve,Media,Medio,Nenhuma,Sim
Basico,Media,Recente,Medio,Manteve,Media,Medio,Ocasional,Nao
